Workbook
Name _____8: #REF!
Name _____8: #REF!
Name _____8: #REF!
Name _____8: #REF!
Name _____B20996: #REF!
Name _____B20996: #REF!
Name _____B20996: #REF!
Name _____B20996: #REF!
Name _____C: #REF!
Name _____C: #REF!
Name _____C: #REF!
Name _____C: #REF!
Name _____cib27: #REF!
Name _____cib27: #REF!
Name _____cib27: #REF!
Name _____cib27: #REF!
Name _____dbk27: #REF!
Name _____dbk27: #REF!
Name _____dbk27: #REF!
Name _____dbk27: #REF!
Name _____meb27: #REF!
Name _____meb27: #REF!
Name _____meb27: #REF!
Name _____meb27: #REF!
Name _____mtu27: #REF!
Name _____mtu27: #REF!
Name _____mtu27: #REF!
Name _____mtu27: #REF!
Name _____P1: #REF!
Name _____P1: #REF!
Name _____P1: #REF!
Name _____P1: #REF!
Name _____P2: #REF!
Name _____P2: #REF!
Name _____P2: #REF!
Name _____P2: #REF!
Name _____P3: #REF!
Name _____P3: #REF!
Name _____P3: #REF!
Name _____P3: #REF!
Name _____P4: #REF!
Name _____P4: #REF!
Name _____P4: #REF!
Name _____P4: #REF!
Name _____pc27: #REF!
Name _____pc27: #REF!
Name _____pc27: #REF!
Name _____pc27: #REF!
Name _____pib27: #REF!
Name _____pib27: #REF!
Name _____pib27: #REF!
Name _____pib27: #REF!
Name _____pos27: #REF!
Name _____pos27: #REF!
Name _____pos27: #REF!
Name _____pos27: #REF!
Name _____ram128: #REF!
Name _____ram128: #REF!
Name _____ram128: #REF!
Name _____ram128: #REF!

Sheet Note
B5: Method recording COGS/Revenue in Construction sites
B7: Revenue (PC) = (DC+IC+5%(DC+IC))*115%
B9: Estimate Revenue (Fast) = (DC+IC+Actual SOE)*115% = COGS *115%
B12: => By the month: COGS/Estimate Revenue (Fast)= 86.96%
B16: After Project finishs, the Revenue of Project has to be Revenue in PC
B17: => Adjust the Estimate Revenue in Fast system to Revenue in PC: Grand Total Revenue (PC) = Estimate Revenue (Fast) +- Amount (A)
H18: Final COGS = COGS + Provision for Reparing Cost
B20: => Final

Sheet 원가이체, 판관비 배부현황(VND)
A1: ○ DECV - Site 실적
A3: 구 분 | C3: 2026년
C4: 1월 | D4: 2월 | E4: 3월 | F4: 4월 | G4: 5월 | H4: 6월 | I4: 7월 | J4: 8월 | K4: 9월 | L4: 10월 | M4: 11월 | N4: 12월 | O4: 소계
A5: Site 5 (Infra O&M) | B5: 매출 (Sales) | C5: =+'Summary 2026'!E9 -> 1593627000 | D5: =+'Summary 2026'!F9 -> 1593627000 | E5: =+'Summary 2026'!G9 -> 2143475816 | F5: =+'Summary 2026'!H9 -> 0 | G5: =+'Summary 2026'!I9 -> 0 | H5: =+'Summary 2026'!J9 -> 0 | I5: =+'Summary 2026'!K9 -> 0 | J5: =+'Summary 2026'!L9 -> 0 | ... N5: =+'Summary 2026'!P9 -> 0 | O5: =SUM(C5:N5) -> 5330729816
B6: 매출원가 (CGS) | C6: =+'Summary 2026'!E30 -> 765010240 | D6: =+'Summary 2026'!F30 -> 1068076592 | E6: =+'Summary 2026'!G30 -> 1700502515 | F6: =+'Summary 2026'!H30 -> 330291789 | G6: =+'Summary 2026'!I30 -> 0 | H6: =+'Summary 2026'!J30 -> 0 | I6: =+'Summary 2026'!K30 -> 0 | J6: =+'Summary 2026'!L30 -> 0 | ... N6: =+'Summary 2026'!P30 -> 0 | O6: =SUM(C6:N6) -> 3863881136
B7: 현장원가 (Site Cost) | C7: =C6-C8 -> 837739214 | D7: =+D6-D8 -> 1068076592 | E7: =+E6-E8 -> 1700502515 | F7: =+F6-F8 -> 330291789 | G7: =+G6-G8 -> 0 | H7: =+H6-H8 -> 0 | I7: =+I6-I8 -> 0 | J7: =+J6-J8 -> 0 | K7: =+K6-K8 -> 0 | ... N7: =+N6-N8 -> 0 | O7: =SUM(C7:N7) -> 3936610110
B8: 본사이체원가 (HQ Transfer) | C8: -72728974 | D8: 0 | E8: 0 | F8: 0 | G8: 0 | H8: 0 | I8: 0 | J8: 0 | K8: 0 | L8: 0 | M8: 0 | N8: 0 | O8: =SUM(C8:N8) -> -72728974
B9: 판관비 (S&A Exp) | C9: 0 | O9: =SUM(C9:N9) -> 0
B10: 아국인 인원수 (No. of Employee) | C10: 0 | O10: =SUM(C10:N10) -> 0
A11: Site 6 (Phase2 Infra) | B11: 매출 (Sales) | C11: =+'Summary 2026'!E10 -> 1542200224 | D11: =+'Summary 2026'!F10 -> 9761784424 | E11: =+'Summary 2026'!G10 -> 8010675534 | F11: =+'Summary 2026'!H10 -> 9796332935 | G11: =+'Summary 2026'!I10 -> 9416448788 | H11: =+'Summary 2026'!J10 -> 9123243464 | I11: =+'Summary 2026'!K10 -> 0 | J11: =+'Summary 2026'!L10 -> 0 | ... N11: =+'Summary 2026'!P10 -> 0 | O11: =SUM(C11:N11) -> 47650685369
B12: 매출원가 (CGS) | C12: =+'Summary 2026'!E31 -> 1342485295 | D12: =+'Summary 2026'!F31 -> 8497633341 | E12: =+'Summary 2026'!G31 -> 6973293052 | F12: =+'Summary 2026'!H31 -> 8527707820 | G12: =+'Summary 2026'!I31 -> 8197018670 | H12: =+'Summary 2026'!J31 -> 7941783435 | I12: =+'Summary 2026'!K31 -> 0 | J12: =+'Summary 2026'!L31 -> 0 | ... N12: =+'Summary 2026'!P31 -> 0 | O12: =SUM(C12:N12) -> 41479921613
B13: 현장원가 (Site Cost) | C13: =C12-C14 -> 1351844825 | D13: =D12-D14 -> 8399658021 | E13: =E12-E14 -> 6832745789 | F13: =F12-F14 -> 8438491109 | G13: =G12-G14 -> 7753053105 | H13: =H12-H14 -> 7871897411 | I13: =I12-I14 -> 0 | J13: =J12-J14 -> 0 | ... N13: =N12-N14 -> 0 | O13: =SUM(C13:N13) -> 40647690260
B14: 본사이체원가 (HQ Transfer) | C14: -9359530 | D14: 97975320 | E14: 140547263 | F14: 89216711 | G14: 443965565 | H14: 69886024 | O14: =SUM(C14:N14) -> 832231353
B15: 판관비 (S&A Exp) | C15: =ROUND(C$131*((C16/C$133)*50%+(C12/C$132)*50%),) -> 789177115 | D15: =ROUND(D$131*((D16/D$133)*50%+(D12/D$132)*50%),) -> 568929877 | E15: =ROUND(E$131*((E16/E$133)*50%+(E12/E$132)*50%),) -> 633523305 | F15: =ROUND(F$131*((F16/F$133)*50%+(F12/F$132)*50%),) -> 576517309 | G15: =ROUND(G$131*((G16/G$133)*50%+(G12/G$132)*50%),) -> 746446044 | H15: =ROUND(H$131*((H16/H$133)*50%+(H12/H$132)*50%),) -> 579071165 | I15: =ROUND(I$131*((I16/I$133)*50%+(I12/I$132)*50%),) -> #DIV/0! | J15: =ROUND(J$131*((J16/J$133)*50%+(J12/J$132)*50%),) -> #DIV/0! | ... N15: =ROUND(N$131*((N16/N$133)*50%+(N12/N$132)*50%),) -> #DIV/0! | O15: =SUM(C15:N15) -> #DIV/0!
B16: 아국인 인원수 (No. of Employee) | C16: 2 | D16: 2 | E16: 2 | F16: 2 | G16: 2 | H16: 2 | I16: 2 | J16: 2 | K16: 2 | L16: 2 | M16: 2 | N16: 2 | O16: =SUM(C16:N16)/12 -> 2
A17: Site 8 (Consulting service) | B17: 매출 (Sales) | C17: =+'Summary 2026'!E11 -> 0 | D17: =+'Summary 2026'!F11 -> 0 | E17: =+'Summary 2026'!G11 -> 0 | F17: =+'Summary 2026'!H11 -> 0 | G17: =+'Summary 2026'!I11 -> 0 | H17: =+'Summary 2026'!J11 -> 0 | I17: =+'Summary 2026'!K11 -> 0 | J17: =+'Summary 2026'!L11 -> 0 | ... N17: =+'Summary 2026'!P11 -> 0 | O17: =SUM(C17:N17) -> 0
B18: 매출원가 (CGS) | C18: =+'Summary 2026'!E32 -> 0 | D18: =+'Summary 2026'!F32 -> 0 | E18: =+'Summary 2026'!G32 -> 0 | F18: =+'Summary 2026'!H32 -> 0 | G18: =+'Summary 2026'!I32 -> 0 | H18: =+'Summary 2026'!J32 -> 0 | I18: =+'Summary 2026'!K32 -> 0 | J18: =+'Summary 2026'!L32 -> 0 | ... N18: =+'Summary 2026'!P32 -> 0 | O18: =SUM(C18:N18) -> 0
B19: 현장원가 (Site Cost) | C19: =+C18-C20 -> 0 | D19: =+D18-D20 -> 0 | E19: =+E18-E20 -> 0 | F19: =+F18-F20 -> 0 | G19: =+G18-G20 -> 0 | H19: =+H18-H20 -> 0 | I19: =+I18-I20 -> 0 | J19: =+J18-J20 -> 0 | ... N19: =+N18-N20 -> 0 | O19: =SUM(C19:N19) -> 0
B20: 본사이체원가 (HQ Transfer) | O20: =SUM(C20:N20) -> 0
B21: 판관비 (S&A Exp) | O21: =SUM(C21:N21) -> 0
B22: 아국인 인원수 (No. of Employee) | O22: =SUM(C22:N22) -> 0
A23: Site 14 (B1CC4) | B23: 매출 (Sales) | C23: =+'Summary 2026'!E12 -> 4774000000 | D23: =+'Summary 2026'!F12 -> 0 | E23: =+'Summary 2026'!G12 -> 0 | F23: =+'Summary 2026'!H12 -> 0 | G23: =+'Summary 2026'!I12 -> 0 | H23: =+'Summary 2026'!J12 -> 0 | I23: =+'Summary 2026'!K12 -> 0 | J23: =+'Summary 2026'!L12 -> 0 | ... N23: =+'Summary 2026'!P12 -> 0 | O23: =SUM(C23:N23) -> 4774000000
B24: 매출원가 (CGS) | C24: =+'Summary 2026'!E33 -> 1762265417 | D24: =+'Summary 2026'!F33 -> 0 | E24: =+'Summary 2026'!G33 -> 0 | F24: =+'Summary 2026'!H33 -> 0 | G24: =+'Summary 2026'!I33 -> 0 | H24: =+'Summary 2026'!J33 -> 0 | I24: =+'Summary 2026'!K33 -> 0 | J24: =+'Summary 2026'!L33 -> 0 | ... N24: =+'Summary 2026'!P33 -> 0 | O24: =SUM(C24:N24) -> 1762265417
B25: 현장원가 (Site Cost) | C25: =+C24-C26 -> 1745875441 | D25: =+D24-D26 -> 0 | E25: =+E24-E26 -> 0 | F25: =+F24-F26 -> 0 | G25: =+G24-G26 -> 0 | H25: =+H24-H26 -> 0 | I25: =+I24-I26 -> 0 | J25: =+J24-J26 -> 0 | ... N25: =+N24-N26 -> 0 | O25: =SUM(C25:N25) -> 1745875441
B26: 본사이체원가 (HQ Transfer) | C26: 16389976 | O26: =SUM(C26:N26) -> 16389976
B27: 판관비 (S&A Exp) | O27: =SUM(C27:N27) -> 0
B28: 아국인 인원수 (No. of Employee) | O28: =SUM(C28:N28) -> 0
A29: Site 16 (K8CT1 Precon) | B29: 매출 (Sales) | C29: =+'Summary 2026'!E13 -> 0 | D29: =+'Summary 2026'!F13 -> 0 | E29: =+'Summary 2026'!G13 -> 0 | F29: =+'Summary 2026'!H13 -> 0 | G29: =+'Summary 2026'!I13 -> 0 | H29: =+'Summary 2026'!J13 -> 0 | I29: =+'Summary 2026'!K13 -> 0 | J29: =+'Summary 2026'!L13 -> 0 | ... N29: =+'Summary 2026'!P13 -> 0 | O29: =SUM(C29:N29) -> 0
B30: 매출원가 (CGS) | C30: =+'Summary 2026'!E34 -> 0 | D30: =+'Summary 2026'!F34 -> 0 | E30: =+'Summary 2026'!G34 -> 0 | F30: =+'Summary 2026'!H34 -> 0 | G30: =+'Summary 2026'!I34 -> 0 | H30: =+'Summary 2026'!J34 -> 0 | I30: =+'Summary 2026'!K34 -> 0 | J30: =+'Summary 2026'!L34 -> 0 | ... N30: =+'Summary 2026'!P34 -> 0 | O30: =SUM(C30:N30) -> 0
B31: 현장원가 (Site Cost) | C31: =+C30-C32 -> 0 | D31: =+D30-D32 -> 0 | E31: =+E30-E32 -> 0 | F31: =+F30-F32 -> 0 | G31: =+G30-G32 -> 0 | H31: =+H30-H32 -> 0 | I31: =+I30-I32 -> 0 | J31: =+J30-J32 -> 0 | ... N31: =+N30-N32 -> 0 | O31: =SUM(C31:N31) -> 0
B32: 본사이체원가 (HQ Transfer) | O32: =SUM(C32:N32) -> 0
B33: 판관비 (S&A Exp) | O33: =SUM(C33:N33) -> 0
B34: 아국인 인원수 (No. of Employee) | O34: =SUM(C34:N34) -> 0
A35: Site 17 (H1HH1) | B35: 매출 (Sales) | C35: =+'Summary 2026'!E14 -> 18604651000 | D35: =+'Summary 2026'!F14 -> 0 | E35: =+'Summary 2026'!G14 -> 9302325000 | F35: =+'Summary 2026'!H14 -> 0 | G35: =+'Summary 2026'!I14 -> 0 | H35: =+'Summary 2026'!J14 -> 0 | I35: =+'Summary 2026'!K14 -> 0 | J35: =+'Summary 2026'!L14 -> 0 | ... N35: =+'Summary 2026'!P14 -> 0 | O35: =SUM(C35:N35) -> 27906976000
B36: 매출원가 (CGS) | C36: =+'Summary 2026'!E35 -> 14612106035 | D36: =+'Summary 2026'!F35 -> 0 | E36: =+'Summary 2026'!G35 -> 338665881 | F36: =+'Summary 2026'!H35 -> 0 | G36: =+'Summary 2026'!I35 -> 0 | H36: =+'Summary 2026'!J35 -> 0 | I36: =+'Summary 2026'!K35 -> 0 | J36: =+'Summary 2026'!L35 -> 0 | ... N36: =+'Summary 2026'!P35 -> 0 | O36: =SUM(C36:N36) -> 14950771916
B37: 현장원가 (Site Cost) | C37: =+C36-C38 -> 14215671258 | D37: =+D36-D38 -> 0 | E37: =+E36-E38 -> 338665881 | F37: =+F36-F38 -> 0 | G37: =+G36-G38 -> 0 | H37: =+H36-H38 -> 0 | I37: =+I36-I38 -> 0 | J37: =+J36-J38 -> 0 | ... N37: =+N36-N38 -> 0 | O37: =SUM(C37:N37) -> 14554337139
B38: 본사이체원가 (HQ Transfer) | C38: =417653186-21218409 -> 396434777 | O38: =SUM(C38:N38) -> 396434777
B39: 판관비 (S&A Exp) | O39: =SUM(C39:N39) -> 0
B40: 아국인 인원수 (No. of Employee) | O40: =SUM(C40:N40) -> 0
A41: Site 18 (Construction K8CT1) | B41: 매출 (Sales) | C41: =+'Summary 2026'!E15 -> 2072675730 | D41: =+'Summary 2026'!F15 -> 33496121350 | E41: =+'Summary 2026'!G15 -> 15563253849 | F41: =+'Summary 2026'!H15 -> 38519575773 | G41: =+'Summary 2026'!I15 -> 76324301108 | H41: =+'Summary 2026'!J15 -> 107210623606 | I41: =+'Summary 2026'!K15 -> 0 | J41: =+'Summary 2026'!L15 -> 0 | ... N41: =+'Summary 2026'!P15 -> 0 | O41: =SUM(C41:N41) -> 273186551416
B42: 매출원가 (CGS) | C42: =+'Summary 2026'!E36 -> 1737731332 | D42: =+'Summary 2026'!F36 -> 28083148140 | E42: =+'Summary 2026'!G36 -> 13048232027 | F42: =+'Summary 2026'!H36 -> 32294812328 | G42: =+'Summary 2026'!I36 -> 63990294049 | H42: =+'Summary 2026'!J36 -> 89885386831 | I42: =+'Summary 2026'!K36 -> 0 | J42: =+'Summary 2026'!L36 -> 0 | ... N42: =+'Summary 2026'!P36 -> 0 | O42: =SUM(C42:N42) -> 229039604707
B43: 현장원가 (Site Cost) | C43: =+C42-C44 -> 1641163028 | D43: =+D42-D44 -> 27761080326 | E43: =+E42-E44 -> 12785709816 | F43: =+F42-F44 -> 31957410946 | G43: =+G42-G44 -> 63212682617 | H43: =+H42-H44 -> 89097023454 | I43: =+I42-I44 -> 0 | J43: =+J42-J44 -> 0 | ... N43: =+N42-N44 -> 0 | O43: =SUM(C43:N43) -> 226455070187
B44: 본사이체원가 (HQ Transfer) | C44: 96568304 | D44: 322067814 | E44: 262522211 | F44: 337401382 | G44: 777611432 | H44: 788363377 | O44: =SUM(C44:N44) -> 2584534520
B45: 판관비 (S&A Exp) | C45: =ROUND(C$131*((C46/C$133)*50%+(C42/C$132)*50%),) -> 1106233042 | D45: =ROUND(D$131*((D46/D$133)*50%+(D42/D$132)*50%),) -> 1354910174 | E45: =ROUND(E$131*((E46/E$133)*50%+(E42/E$132)*50%),) -> 1235579441 | F45: =ROUND(F$131*((F46/F$133)*50%+(F42/F$132)*50%),) -> 1432023333 | G45: =ROUND(G$131*((G46/G$133)*50%+(G42/G$132)*50%),) -> 2309331039 | H45: =ROUND(H$131*((H46/H$133)*50%+(H42/H$132)*50%),) -> 2198331038 | I45: =ROUND(I$131*((I46/I$133)*50%+(I42/I$132)*50%),) -> #DIV/0! | J45: =ROUND(J$131*((J46/J$133)*50%+(J42/J$132)*50%),) -> #DIV/0! | ... N45: =ROUND(N$131*((N46/N$133)*50%+(N42/N$132)*50%),) -> #DIV/0! | O45: =SUM(C45:N45) -> #DIV/0!
B46: 아국인 인원수 (No. of Employee) | C46: 3 | D46: 4 | E46: 4 | F46: 4 | G46: 4 | H46: 4 | I46: 4 | J46: 4 | K46: 4 | L46: 4 | M46: 4 | N46: 4 | O46: =SUM(C46:N46) -> 47
A47: Site 20 (Precons K2CT1) | B47: 매출 (Sales) | C47: =+'Summary 2026'!E16 -> 0 | D47: =+'Summary 2026'!F16 -> 0 | E47: =+'Summary 2026'!G16 -> 0 | F47: =+'Summary 2026'!H16 -> 0 | G47: =+'Summary 2026'!I16 -> 0 | H47: =+'Summary 2026'!J16 -> 0 | I47: =+'Summary 2026'!K16 -> 0 | J47: =+'Summary 2026'!L16 -> 0 | ... N47: =+'Summary 2026'!P16 -> 0 | O47: =SUM(C47:N47) -> 0
B48: 매출원가 (CGS) | C48: =+'Summary 2026'!E37 -> 0 | D48: =+'Summary 2026'!F37 -> 0 | E48: =+'Summary 2026'!G37 -> 0 | F48: =+'Summary 2026'!H37 -> 0 | G48: =+'Summary 2026'!I37 -> 0 | H48: =+'Summary 2026'!J37 -> 0 | I48: =+'Summary 2026'!K37 -> 0 | J48: =+'Summary 2026'!L37 -> 0 | ... N48: =+'Summary 2026'!P37 -> 0 | O48: =SUM(C48:N48) -> 0
B49: 현장원가 (Site Cost) | C49: =+C48-C50 -> 0 | D49: =+D48-D50 -> 0 | E49: =+E48-E50 -> 0 | F49: =+F48-F50 -> 0 | G49: =+G48-G50 -> 0 | H49: =+H48-H50 -> 0 | I49: =+I48-I50 -> 0 | J49: =+J48-J50 -> 0 | ... N49: =+N48-N50 -> 0 | O49: =SUM(C49:N49) -> 0
B50: 본사이체원가 (HQ Transfer) | C50: 0 | O50: =SUM(C50:N50) -> 0
B51: 판관비 (S&A Exp) | O51: =SUM(C51:N51) -> 0
B52: 아국인 인원수 (No. of Employee) | O52: =SUM(C52:N52) -> 0
A53: Site 22 (Villa H&K management) | B53: 매출 (Sales) | C53: =+'Summary 2026'!E17 -> 2408912500 | D53: =+'Summary 2026'!F17 -> 2408912500 | E53: =+'Summary 2026'!G17 -> 2408912500 | F53: =+'Summary 2026'!H17 -> 0 | G53: =+'Summary 2026'!I17 -> 0 | H53: =+'Summary 2026'!J17 -> 0 | I53: =+'Summary 2026'!K17 -> 0 | J53: =+'Summary 2026'!L17 -> 0 | ... N53: =+'Summary 2026'!P17 -> 0 | O53: =SUM(C53:N53) -> 7226737500
B54: 매출원가 (CGS) | C54: =+'Summary 2026'!E38 -> 1590816166 | D54: =+'Summary 2026'!F38 -> 2035919803 | E54: =+'Summary 2026'!G38 -> 2541362899 | F54: =+'Summary 2026'!H38 -> 119246040 | G54: =+'Summary 2026'!I38 -> 0 | H54: =+'Summary 2026'!J38 -> 0 | I54: =+'Summary 2026'!K38 -> 0 | J54: =+'Summary 2026'!L38 -> 0 | ... N54: =+'Summary 2026'!P38 -> 0 | O54: =SUM(C54:N54) -> 6287344908
B55: 현장원가 (Site Cost) | C55: =+C54-C56 -> 1608132588 | D55: =+D54-D56 -> 2035919803 | E55: =+E54-E56 -> 2541362899 | F55: =+F54-F56 -> 119246040 | G55: =+G54-G56 -> 0 | H55: =+H54-H56 -> 0 | I55: =+I54-I56 -> 0 | J55: =+J54-J56 -> 0 | ... N55: =+N54-N56 -> 0 | O55: =SUM(C55:N55) -> 6304661330
B56: 본사이체원가 (HQ Transfer) | C56: -17316422 | O56: =SUM(C56:N56) -> -17316422
B57: 판관비 (S&A Exp) | O57: =SUM(C57:N57) -> 0
B58: 아국인 인원수 (No. of Employee) | O58: =SUM(C58:N58) -> 0
A59: Site 23 (Construction K8HH1) | B59: 매출 (Sales) | C59: =+'Summary 2026'!E18 -> 4018874509 | D59: =+'Summary 2026'!F18 -> 78676711142 | E59: =+'Summary 2026'!G18 -> 40952922858 | F59: =+'Summary 2026'!H18 -> 82851641855 | G59: =+'Summary 2026'!I18 -> 123232335065 | H59: =+'Summary 2026'!J18 -> 79253367236 | I59: =+'Summary 2026'!K18 -> 0 | J59: =+'Summary 2026'!L18 -> 0 | ... N59: =+'Summary 2026'!P18 -> 0 | O59: =SUM(C59:N59) -> 408985852665
B60: 매출원가 (CGS) | C60: =+'Summary 2026'!E39 -> 3375050813 | D60: =+'Summary 2026'!F39 -> 66072702017 | E60: =+'Summary 2026'!G39 -> 34392264616 | F60: =+'Summary 2026'!H39 -> 69578808830 | G60: =+'Summary 2026'!I39 -> 103490514988 | H60: =+'Summary 2026'!J39 -> 66556977805 | I60: =+'Summary 2026'!K39 -> 0 | J60: =+'Summary 2026'!L39 -> 0 | ... N60: =+'Summary 2026'!P39 -> 0 | O60: =SUM(C60:N60) -> 343466319069
B61: 현장원가 (Site Cost) | C61: =+C60-C62 -> 3153105054 | D61: =+D60-D62 -> 65314435563 | E61: =+E60-E62 -> 33699567395 | F61: =+F60-F62 -> 68851557453 | G61: =+G60-G62 -> 102274615346 | H61: =+H60-H62 -> 65973368210 | I61: =+I60-I62 -> 0 | J61: =+J60-J62 -> 0 | ... N61: =+N60-N62 -> 0 | O61: =SUM(C61:N61) -> 339266649021
B62: 본사이체원가 (HQ Transfer) | C62: 221945759 | D62: 758266454 | E62: 692697221 | F62: 727251377 | G62: 1215899642 | H62: 583609595 | O62: =SUM(C62:N62) -> 4199670048
B63: 판관비 (S&A Exp) | C63: =ROUND(C$131*((C64/C$133)*50%+(C60/C$132)*50%),) -> 1772210720 | D63: =ROUND(D$131*((D64/D$133)*50%+(D60/D$132)*50%),) -> 2098573300 | E63: =ROUND(E$131*((E64/E$133)*50%+(E60/E$132)*50%),) -> 1983209257 | F63: =ROUND(F$131*((F64/F$133)*50%+(F60/F$132)*50%),) -> 2114584100 | G63: =ROUND(G$131*((G64/G$133)*50%+(G60/G$132)*50%),) -> 2986895227 | H63: =ROUND(H$131*((H64/H$133)*50%+(H60/H$132)*50%),) -> 1870420892 | I63: =ROUND(I$131*((I64/I$133)*50%+(I60/I$132)*50%),) -> #DIV/0! | J63: =ROUND(J$131*((J64/J$133)*50%+(J60/J$132)*50%),) -> #DIV/0! | ... N63: =ROUND(N$131*((N64/N$133)*50%+(N60/N$132)*50%),) -> #DIV/0! | O63: =SUM(C63:N63) -> #DIV/0!
B64: 아국인 인원수 (No. of Employee) | C64: 4 | D64: 4 | E64: 4 | F64: 4 | G64: 4 | H64: 4 | I64: 4 | J64: 4 | K64: 4 | L64: 4 | M64: 4 | N64: 4 | O64: =SUM(C64:N64)/12 -> 4
A65: Site 24 (Operation Office of THT-Phase 1) | B65: 매출 (Sales) | O65: =SUM(C65:N65) -> 0
B66: 매출원가 (CGS) | O66: =SUM(C66:N66) -> 0
B67: 현장원가 (Site Cost) | O67: =SUM(C67:N67) -> 0
B68: 본사이체원가 (HQ Transfer) | O68: =SUM(C68:N68) -> 0
B69: 판관비 (S&A Exp) | O69: =SUM(C69:N69) -> 0
B70: 아국인 인원수 (No. of Employee) | O70: =SUM(C70:N70) -> 0
A71: Site 27 (Operation Office of THT-Phase 2) | B71: 매출 (Sales) | C71: =+'Summary 2026'!E19 -> 0 | D71: =+'Summary 2026'!F19 -> 0 | E71: =+'Summary 2026'!G19 -> 0 | F71: =+'Summary 2026'!H19 -> 3152813293 | G71: =+'Summary 2026'!I19 -> 0 | H71: =+'Summary 2026'!J19 -> 0 | I71: =+'Summary 2026'!K19 -> 0 | J71: =+'Summary 2026'!L19 -> 0 | ... N71: =+'Summary 2026'!P19 -> 0 | O71: =SUM(C71:N71) -> 3152813293
B72: 매출원가 (CGS) | C72: =+'Summary 2026'!E40 -> 0 | D72: =+'Summary 2026'!F40 -> 0 | E72: =+'Summary 2026'!G40 -> 0 | F72: =+'Summary 2026'!H40 -> 2697122223 | G72: =+'Summary 2026'!I40 -> 0 | H72: =+'Summary 2026'!J40 -> 0 | I72: =+'Summary 2026'!K40 -> 0 | J72: =+'Summary 2026'!L40 -> 0 | ... N72: =+'Summary 2026'!P40 -> 0 | O72: =SUM(C72:N72) -> 2697122223
B73: 현장원가 (Site Cost) | C73: =+C72-C74 -> 0 | D73: =+D72-D74 -> 0 | E73: =+E72-E74 -> 0 | F73: =+F72-F74 -> 2668542239 | G73: =+G72-G74 -> 0 | H73: =+H72-H74 -> 0 | I73: =+I72-I74 -> 0 | J73: =+J72-J74 -> 0 | ... N73: =+N72-N74 -> 0 | O73: =SUM(C73:N73) -> 2668542239
B74: 본사이체원가 (HQ Transfer) | F74: 28579984 | O74: =SUM(C74:N74) -> 28579984
B75: 판관비 (S&A Exp) | C75: =ROUND(C$131*((C76/C$133)*50%+(C72/C$132)*50%),) -> 0 | D75: =ROUND(D$131*((D76/D$133)*50%+(D72/D$132)*50%),) -> 0 | E75: =ROUND(E$131*((E76/E$133)*50%+(E72/E$132)*50%),) -> 0 | F75: =ROUND(F$131*((F76/F$133)*50%+(F72/F$132)*50%),) -> 49376408 | G75: =ROUND(G$131*((G76/G$133)*50%+(G72/G$132)*50%),) -> 0 | H75: =ROUND(H$131*((H76/H$133)*50%+(H72/H$132)*50%),) -> 0 | I75: =ROUND(I$131*((I76/I$133)*50%+(I72/I$132)*50%),) -> #DIV/0! | J75: =ROUND(J$131*((J76/J$133)*50%+(J72/J$132)*50%),) -> #DIV/0! | ... N75: =ROUND(N$131*((N76/N$133)*50%+(N72/N$132)*50%),) -> #DIV/0! | O75: =SUM(C75:N75) -> #DIV/0!
B76: 아국인 인원수 (No. of Employee) | C76: 0 | D76: 0 | E76: 0 | F76: 0 | G76: 0 | H76: 0 | I76: 0 | J76: 0 | K76: 0 | L76: 0 | M76: 0 | N76: 0 | O76: =SUM(C76:N76) -> 0
A77: Site 28 (Nhon Trach Infra) | B77: 매출 (Sales) | C77: =+'Summary 2026'!E20 -> 0 | D77: =+'Summary 2026'!F20 -> 0 | E77: =+'Summary 2026'!G20 -> 0 | F77: =+'Summary 2026'!H20 -> 0 | G77: =+'Summary 2026'!I20 -> -1814718058 | H77: =+'Summary 2026'!J20 -> 0 | I77: =+'Summary 2026'!K20 -> 0 | J77: =+'Summary 2026'!L20 -> 0 | ... N77: =+'Summary 2026'!P20 -> 0 | O77: =SUM(C77:N77) -> -1814718058
B78: 매출원가 (CGS) | C78: =+'Summary 2026'!E41 -> 0 | D78: =+'Summary 2026'!F41 -> 0 | E78: =+'Summary 2026'!G41 -> 0 | F78: =+'Summary 2026'!H41 -> 0 | G78: =+'Summary 2026'!I41 -> -355380474 | H78: =+'Summary 2026'!J41 -> 289945999 | I78: =+'Summary 2026'!K41 -> 0 | J78: =+'Summary 2026'!L41 -> 0 | ... N78: =+'Summary 2026'!P41 -> 0 | O78: =SUM(C78:N78) -> -65434475
B79: 현장원가 (Site Cost) | C79: =+C78-C80 -> 0 | D79: =+D78-D80 -> 0 | E79: =+E78-E80 -> 0 | F79: =+F78-F80 -> 0 | G79: =+G78-G80 -> -486436790 | H79: =+H78-H80 -> 289945999 | I79: =+I78-I80 -> 0 | J79: =+J78-J80 -> 0 | ... N79: =+N78-N80 -> 0 | O79: =SUM(C79:N79) -> -196490791
B80: 본사이체원가 (HQ Transfer) | G80: 131056316 | H80: 0 | O80: =SUM(C80:N80) -> 131056316
B81: 판관비 (S&A Exp) | C81: =ROUND(C$131*((C82/C$133)*50%+(C78/C$132)*50%),) -> 0 | D81: =ROUND(D$131*((D82/D$133)*50%+(D78/D$132)*50%),) -> 0 | E81: =ROUND(E$131*((E82/E$133)*50%+(E78/E$132)*50%),) -> 0 | F81: 0 | G81: =ROUND(G$131*((G82/G$133)*50%+(G78/G$132)*50%),) -> -6095993 | H81: =ROUND(H$131*((H82/H$133)*50%+(H78/H$132)*50%),) -> 4075556 | I81: =ROUND(I$131*((I82/I$133)*50%+(I78/I$132)*50%),) -> #DIV/0! | J81: =ROUND(J$131*((J82/J$133)*50%+(J78/J$132)*50%),) -> #DIV/0! | K81: =ROUND(K$131*((K82/K$133)*50%+(K78/K$132)*50%),) -> #DIV/0! | L81: =ROUND(L$131*((L82/L$133)*50%+(L78/L$132)*50%),) -> #DIV/0! | M81: =ROUND(M$131*((M82/M$133)*50%+(M78/M$132)*50%),) -> #DIV/0! | N81: =ROUND(N$131*((N82/N$133)*50%+(N78/N$132)*50%),) -> #DIV/0! | O81: =SUM(C81:N81) -> #DIV/0!
B82: 아국인 인원수 (No. of Employee) | C82: 0 | D82: 0 | E82: 0 | F82: 0 | G82: 0 | H82: 0 | I82: 0 | J82: 0 | K82: 0 | L82: 0 | M82: 0 | N82: 0 | O82: =SUM(C82:N82) -> 0
A83: Site 30 (Brokerage for K8HH1 distribution) | B83: 매출 (Sales) | C83: =+'Summary 2026'!E21 -> 26161676872 | D83: =+'Summary 2026'!F21 -> 18559516555 | E83: =+'Summary 2026'!G21 -> 4611506400 | F83: =+'Summary 2026'!H21 -> 0 | G83: =+'Summary 2026'!I21 -> 2553696661 | H83: =+'Summary 2026'!J21 -> 0 | I83: =+'Summary 2026'!K21 -> 0 | J83: =+'Summary 2026'!L21 -> 0 | ... N83: =+'Summary 2026'!P21 -> 0 | O83: =SUM(C83:N83) -> 51886396488
B84: 매출원가 (CGS) | C84: =+'Summary 2026'!E42 -> 5986119336 | D84: =+'Summary 2026'!F42 -> 1991739724 | E84: =+'Summary 2026'!G42 -> 1613393836 | F84: =+'Summary 2026'!H42 -> 0 | G84: =+'Summary 2026'!I42 -> 1913340213 | H84: =+'Summary 2026'!J42 -> 0 | I84: =+'Summary 2026'!K42 -> 0 | J84: =+'Summary 2026'!L42 -> 0 | ... N84: =+'Summary 2026'!P42 -> 0 | O84: =SUM(C84:N84) -> 11504593109
B85: 현장원가 (Site Cost) | C85: =+C84-C86 -> 6124650714 | D85: =+D84-D86 -> 1991739724 | E85: =+E84-E86 -> 1613393836 | F85: =+F84-F86 -> 0 | G85: =+G84-G86 -> 1913340213 | H85: =+H84-H86 -> 0 | I85: =+I84-I86 -> 0 | J85: =+J84-J86 -> 0 | ... N85: =+N84-N86 -> 0 | O85: =SUM(C85:N85) -> 11643124487
B86: 본사이체원가 (HQ Transfer) | C86: -138531378 | O86: =SUM(C86:N86) -> -138531378
B87: 판관비 (S&A Exp) | O87: =SUM(C87:N87) -> 0
B88: 아국인 인원수 (No. of Employee) | O88: =SUM(C88:N88) -> 0
A89: Site 31 (Brokerage for H9CT1 & K8HH1 Shophouse distribution) | B89: 매출 (Sales) | O89: =SUM(C89:N89) -> 0
B90: 매출원가 (CGS) | O90: =SUM(C90:N90) -> 0
B91: 현장원가 (Site Cost) | O91: =SUM(C91:N91) -> 0
B92: 본사이체원가 (HQ Transfer) | O92: =SUM(C92:N92) -> 0
B93: 판관비 (S&A Exp) | O93: =SUM(C93:N93) -> 0
B94: 아국인 인원수 (No. of Employee) | O94: =SUM(C94:N94) -> 0
A95: Site 34 (Defect repairing for H9CT1) | B95: 매출 (Sales) | C95: =+'Summary 2026'!E23 -> 175405177 | D95: =+'Summary 2026'!F23 -> 211832004 | E95: =+'Summary 2026'!G23 -> 1390742757 | F95: =+'Summary 2026'!H23 -> 2077469588 | G95: =+'Summary 2026'!I23 -> 76396453 | H95: =+'Summary 2026'!J23 -> -609878672 | I95: =+'Summary 2026'!K23 -> 0 | J95: =+'Summary 2026'!L23 -> 0 | ... N95: =+'Summary 2026'!P23 -> 0 | O95: =SUM(C95:N95) -> 3321967307
B96: 매출원가 (CGS) | C96: =+'Summary 2026'!E44 -> 145270568 | D96: =+'Summary 2026'!F44 -> 175439266 | E96: =+'Summary 2026'!G44 -> 1151813151 | F96: =+'Summary 2026'!H44 -> 1720560313 | G96: =+'Summary 2026'!I44 -> 63271542 | H96: =+'Summary 2026'!J44 -> 139226069 | I96: =+'Summary 2026'!K44 -> 0 | J96: =+'Summary 2026'!L44 -> 0 | ... N96: =+'Summary 2026'!P44 -> 0 | O96: =SUM(C96:N96) -> 3395580909
B97: 현장원가 (Site Cost) | C97: =+C96-C98 -> 155272770 | D97: =+D96-D98 -> 173354685 | E97: =+E96-E98 -> 1128723246 | F97: =+F96-F98 -> 1702716969 | G97: =+G96-G98 -> 21452075 | H97: =+H96-H98 -> 138000000 | I97: =+I96-I98 -> 0 | J97: =+J96-J98 -> 0 | ... N97: =+N96-N98 -> 0 | O97: =SUM(C97:N97) -> 3319519745
B98: 본사이체원가 (HQ Transfer) | C98: -10002202 | D98: 2084581 | E98: 23089905 | F98: 17843344 | G98: 41819467 | H98: 1226069 | O98: =SUM(C98:N98) -> 76061164
B99: 판관비 (S&A Exp) | C99: =ROUND(C$131*((C100/C$133)*50%+(C96/C$132)*50%),) -> 40809230 | D99: =ROUND(D$131*((D100/D$133)*50%+(D96/D$132)*50%),) -> 3434305 | E99: =ROUND(E$131*((E100/E$133)*50%+(E96/E$132)*50%),) -> 40345228 | F99: =ROUND(F$131*((F100/F$133)*50%+(F96/F$132)*50%),) -> 31498420 | G99: =ROUND(G$131*((G100/G$133)*50%+(G96/G$132)*50%),) -> 1085324 | H99: =ROUND(H$131*((H100/H$133)*50%+(H96/H$132)*50%),) -> 1956998 | I99: =ROUND(I$131*((I100/I$133)*50%+(I96/I$132)*50%),) -> #DIV/0! | J99: =ROUND(J$131*((J100/J$133)*50%+(J96/J$132)*50%),) -> #DIV/0! | ... N99: =ROUND(N$131*((N100/N$133)*50%+(N96/N$132)*50%),) -> #DIV/0! | O99: =SUM(C99:N99) -> #DIV/0!
B100: 아국인 인원수 (No. of Employee) | C100: 0 | D100: 0 | E100: 0 | F100: 0 | G100: 0 | H100: 0 | I100: 0 | J100: 0 | K100: 0 | L100: 0 | M100: 0 | N100: 0 | O100: =SUM(C100:N100) -> 0
A101: Site 35 (Precons K2HH1) | B101: 매출 (Sales) | C101: =+'Summary 2026'!E24 -> 0 | D101: =+'Summary 2026'!F24 -> 0 | E101: =+'Summary 2026'!G24 -> 0 | F101: =+'Summary 2026'!H24 -> 0 | G101: =+'Summary 2026'!I24 -> 0 | H101: =+'Summary 2026'!J24 -> 0 | I101: =+'Summary 2026'!K24 -> 0 | J101: =+'Summary 2026'!L24 -> 0 | ... N101: =+'Summary 2026'!P24 -> 0 | O101: =SUM(C101:N101) -> 0
...

Sheet 원가이체, 판관비 배부현황(1000USD)
A1: ○ DECV - Site 실적
A3: 구 분 | C3: 2026년
C4: 1월 | D4: 2월 | E4: 3월 | F4: 4월 | G4: 5월 | H4: 6월 | I4: 7월 | J4: 8월 | K4: 9월 | L4: 10월 | M4: 11월 | N4: 12월 | O4: 소계
A5: Site 5 (Infra O&M) | B5: 매출 (Sales) | C5: =+'원가이체, 판관비 배부현황(VND)'!C5/C$128 -> 61.309853 | D5: =+'원가이체, 판관비 배부현황(VND)'!D5/D$128 -> 61.081909 | E5: =+'원가이체, 판관비 배부현황(VND)'!E5/E$128 -> 81.296966 | F5: =+'원가이체, 판관비 배부현황(VND)'!F5/F$128 -> 0 | G5: =+'원가이체, 판관비 배부현황(VND)'!G5/G$128 -> 0 | H5: =+'원가이체, 판관비 배부현황(VND)'!H5/H$128 -> 0 | I5: =+'원가이체, 판관비 배부현황(VND)'!I5/I$128 -> 0 | J5: =+'원가이체, 판관비 배부현황(VND)'!J5/J$128 -> 0 | ... N5: =+'원가이체, 판관비 배부현황(VND)'!N5/N$128 -> 0 | O5: =SUM(C5:N5) -> 203.68873
B6: 매출원가 (CGS) | C6: =+'원가이체, 판관비 배부현황(VND)'!C6/C$128 -> 29.431395 | D6: =+'원가이체, 판관비 배부현황(VND)'!D6/D$128 -> 40.93816 | E6: =+'원가이체, 판관비 배부현황(VND)'!E6/E$128 -> 64.496037 | F6: =+'원가이체, 판관비 배부현황(VND)'!F6/F$128 -> 12.530513 | G6: =+'원가이체, 판관비 배부현황(VND)'!G6/G$128 -> 0 | H6: =+'원가이체, 판관비 배부현황(VND)'!H6/H$128 -> 0 | I6: =+'원가이체, 판관비 배부현황(VND)'!I6/I$128 -> 0 | J6: =+'원가이체, 판관비 배부현황(VND)'!J6/J$128 -> 0 | ... N6: =+'원가이체, 판관비 배부현황(VND)'!N6/N$128 -> 0 | O6: =SUM(C6:N6) -> 147.3961
B7: 현장원가 (Site Cost) | C7: =+'원가이체, 판관비 배부현황(VND)'!C7/C$128 -> 32.229416 | D7: =+'원가이체, 판관비 배부현황(VND)'!D7/D$128 -> 40.93816 | E7: =+'원가이체, 판관비 배부현황(VND)'!E7/E$128 -> 64.496037 | F7: =+'원가이체, 판관비 배부현황(VND)'!F7/F$128 -> 12.530513 | G7: =+'원가이체, 판관비 배부현황(VND)'!G7/G$128 -> 0 | H7: =+'원가이체, 판관비 배부현황(VND)'!H7/H$128 -> 0 | I7: =+'원가이체, 판관비 배부현황(VND)'!I7/I$128 -> 0 | J7: =+'원가이체, 판관비 배부현황(VND)'!J7/J$128 -> 0 | ... N7: =+'원가이체, 판관비 배부현황(VND)'!N7/N$128 -> 0 | O7: =SUM(C7:N7) -> 150.19413
B8: 본사이체원가 (HQ Transfer) | C8: =+'원가이체, 판관비 배부현황(VND)'!C8/C$128 -> -2.7980215 | D8: =+'원가이체, 판관비 배부현황(VND)'!D8/D$128 -> 0 | E8: =+'원가이체, 판관비 배부현황(VND)'!E8/E$128 -> 0 | F8: =+'원가이체, 판관비 배부현황(VND)'!F8/F$128 -> 0 | G8: =+'원가이체, 판관비 배부현황(VND)'!G8/G$128 -> 0 | H8: =+'원가이체, 판관비 배부현황(VND)'!H8/H$128 -> 0 | I8: =+'원가이체, 판관비 배부현황(VND)'!I8/I$128 -> 0 | J8: =+'원가이체, 판관비 배부현황(VND)'!J8/J$128 -> 0 | ... N8: =+'원가이체, 판관비 배부현황(VND)'!N8/N$128 -> 0 | O8: =SUM(C8:N8) -> -2.7980215
B9: 판관비 (S&A Exp) | C9: =+'원가이체, 판관비 배부현황(VND)'!C9/C$128 -> 0 | D9: =+'원가이체, 판관비 배부현황(VND)'!D9/D$128 -> 0 | E9: =+'원가이체, 판관비 배부현황(VND)'!E9/E$128 -> 0 | F9: =+'원가이체, 판관비 배부현황(VND)'!F9/F$128 -> 0 | G9: =+'원가이체, 판관비 배부현황(VND)'!G9/G$128 -> 0 | H9: =+'원가이체, 판관비 배부현황(VND)'!H9/H$128 -> 0 | I9: =+'원가이체, 판관비 배부현황(VND)'!I9/I$128 -> 0 | J9: =+'원가이체, 판관비 배부현황(VND)'!J9/J$128 -> 0 | ... N9: =+'원가이체, 판관비 배부현황(VND)'!N9/N$128 -> 0 | O9: =SUM(C9:N9) -> 0
B10: 인원수 (No. of Emplyee) | C10: =+'원가이체, 판관비 배부현황(VND)'!C10 -> 0 | D10: =+'원가이체, 판관비 배부현황(VND)'!D10 -> 0 | E10: =+'원가이체, 판관비 배부현황(VND)'!E10 -> 0 | F10: =+'원가이체, 판관비 배부현황(VND)'!F10 -> 0 | G10: =+'원가이체, 판관비 배부현황(VND)'!G10 -> 0 | H10: =+'원가이체, 판관비 배부현황(VND)'!H10 -> 0 | I10: =+'원가이체, 판관비 배부현황(VND)'!I10 -> 0 | J10: =+'원가이체, 판관비 배부현황(VND)'!J10 -> 0 | ... N10: =+'원가이체, 판관비 배부현황(VND)'!N10 -> 0 | O10: =SUM(C10:N10) -> 0
A11: Site 6 (Phase2 Infra) | B11: 매출 (Sales) | C11: =+'원가이체, 판관비 배부현황(VND)'!C11/C$128 -> 59.331367 | D11: =+'원가이체, 판관비 배부현황(VND)'!D11/D$128 -> 374.15808 | E11: =+'원가이체, 판관비 배부현황(VND)'!E11/E$128 -> 303.82597 | F11: =+'원가이체, 판관비 배부현황(VND)'!F11/F$128 -> 371.6504 | G11: =+'원가이체, 판관비 배부현황(VND)'!G11/G$128 -> 357.69986 | H11: =+'원가이체, 판관비 배부현황(VND)'!H11/H$128 -> 346.82545 | I11: =+'원가이체, 판관비 배부현황(VND)'!I11/I$128 -> 0 | J11: =+'원가이체, 판관비 배부현황(VND)'!J11/J$128 -> 0 | ... N11: =+'원가이체, 판관비 배부현황(VND)'!N11/N$128 -> 0 | O11: =SUM(C11:N11) -> 1813.4911
B12: 매출원가 (CGS) | C12: =+'원가이체, 판관비 배부현황(VND)'!C12/C$128 -> 51.647955 | D12: =+'원가이체, 판관비 배부현황(VND)'!D12/D$128 -> 325.70461 | E12: =+'원가이체, 판관비 배부현황(VND)'!E12/E$128 -> 264.48051 | F12: =+'원가이체, 판관비 배부현황(VND)'!F12/F$128 -> 323.52167 | G12: =+'원가이체, 판관비 배부현황(VND)'!G12/G$128 -> 311.37773 | H12: =+'원가이체, 판관비 배부현황(VND)'!H12/H$128 -> 301.91155 | I12: =+'원가이체, 판관비 배부현황(VND)'!I12/I$128 -> 0 | J12: =+'원가이체, 판관비 배부현황(VND)'!J12/J$128 -> 0 | ... N12: =+'원가이체, 판관비 배부현황(VND)'!N12/N$128 -> 0 | O12: =SUM(C12:N12) -> 1578.644
B13: 현장원가 (Site Cost) | C13: =+'원가이체, 판관비 배부현황(VND)'!C13/C$128 -> 52.008034 | D13: =+'원가이체, 판관비 배부현황(VND)'!D13/D$128 -> 321.94933 | E13: =+'원가이체, 판관비 배부현황(VND)'!E13/E$128 -> 259.14988 | F13: =+'원가이체, 판관비 배부현황(VND)'!F13/F$128 -> 320.137 | G13: =+'원가이체, 판관비 배부현황(VND)'!G13/G$128 -> 294.51294 | H13: =+'원가이체, 판관비 배부현황(VND)'!H13/H$128 -> 299.2548 | I13: =+'원가이체, 판관비 배부현황(VND)'!I13/I$128 -> 0 | J13: =+'원가이체, 판관비 배부현황(VND)'!J13/J$128 -> 0 | ... N13: =+'원가이체, 판관비 배부현황(VND)'!N13/N$128 -> 0 | O13: =SUM(C13:N13) -> 1547.012
B14: 본사이체원가 (HQ Transfer) | C14: =+'원가이체, 판관비 배부현황(VND)'!C14/C$128 -> -0.36007887 | D14: =+'원가이체, 판관비 배부현황(VND)'!D14/D$128 -> 3.7552825 | E14: =+'원가이체, 판관비 배부현황(VND)'!E14/E$128 -> 5.3306252 | F14: =+'원가이체, 판관비 배부현황(VND)'!F14/F$128 -> 3.3846774 | G14: =+'원가이체, 판관비 배부현황(VND)'!G14/G$128 -> 16.864789 | H14: =+'원가이체, 판관비 배부현황(VND)'!H14/H$128 -> 2.6567582 | I14: =+'원가이체, 판관비 배부현황(VND)'!I14/I$128 -> 0 | J14: =+'원가이체, 판관비 배부현황(VND)'!J14/J$128 -> 0 | ... N14: =+'원가이체, 판관비 배부현황(VND)'!N14/N$128 -> 0 | O14: =SUM(C14:N14) -> 31.632053
B15: 판관비 (S&A Exp) | C15: =+'원가이체, 판관비 배부현황(VND)'!C15/C$128 -> 30.36114 | D15: =+'원가이체, 판관비 배부현황(VND)'!D15/D$128 -> 21.806435 | E15: =+'원가이체, 판관비 배부현황(VND)'!E15/E$128 -> 24.02804 | F15: =+'원가이체, 판관비 배부현황(VND)'!F15/F$128 -> 21.871744 | G15: =+'원가이체, 판관비 배부현황(VND)'!G15/G$128 -> 28.355025 | H15: =+'원가이체, 판관비 배부현황(VND)'!H15/H$128 -> 22.01373 | I15: =+'원가이체, 판관비 배부현황(VND)'!I15/I$128 -> #DIV/0! | J15: =+'원가이체, 판관비 배부현황(VND)'!J15/J$128 -> #DIV/0! | ... N15: =+'원가이체, 판관비 배부현황(VND)'!N15/N$128 -> #DIV/0! | O15: =SUM(C15:N15) -> #DIV/0!
B16: 아국인 인원수 (No. of Emplyee) | C16: ='원가이체, 판관비 배부현황(VND)'!C16 -> 2 | D16: ='원가이체, 판관비 배부현황(VND)'!D16 -> 2 | E16: ='원가이체, 판관비 배부현황(VND)'!E16 -> 2 | F16: ='원가이체, 판관비 배부현황(VND)'!F16 -> 2 | G16: ='원가이체, 판관비 배부현황(VND)'!G16 -> 2 | H16: ='원가이체, 판관비 배부현황(VND)'!H16 -> 2 | I16: ='원가이체, 판관비 배부현황(VND)'!I16 -> 2 | J16: ='원가이체, 판관비 배부현황(VND)'!J16 -> 2 | ... N16: ='원가이체, 판관비 배부현황(VND)'!N16 -> 2 | O16: =SUM(C16:N16)/12 -> 2
A17: Site 8 (Consulting service) | B17: 매출 (Sales) | C17: =+'원가이체, 판관비 배부현황(VND)'!C17/C$128 -> 0 | D17: =+'원가이체, 판관비 배부현황(VND)'!D17/D$128 -> 0 | E17: =+'원가이체, 판관비 배부현황(VND)'!E17/E$128 -> 0 | F17: =+'원가이체, 판관비 배부현황(VND)'!F17/F$128 -> 0 | G17: =+'원가이체, 판관비 배부현황(VND)'!G17/G$128 -> 0 | H17: =+'원가이체, 판관비 배부현황(VND)'!H17/H$128 -> 0 | I17: =+'원가이체, 판관비 배부현황(VND)'!I17/I$128 -> 0 | J17: =+'원가이체, 판관비 배부현황(VND)'!J17/J$128 -> 0 | ... N17: =+'원가이체, 판관비 배부현황(VND)'!N17/N$128 -> 0 | O17: =SUM(C17:N17) -> 0
B18: 매출원가 (CGS) | C18: =+'원가이체, 판관비 배부현황(VND)'!C18/C$128 -> 0 | D18: =+'원가이체, 판관비 배부현황(VND)'!D18/D$128 -> 0 | E18: =+'원가이체, 판관비 배부현황(VND)'!E18/E$128 -> 0 | F18: =+'원가이체, 판관비 배부현황(VND)'!F18/F$128 -> 0 | G18: =+'원가이체, 판관비 배부현황(VND)'!G18/G$128 -> 0 | H18: =+'원가이체, 판관비 배부현황(VND)'!H18/H$128 -> 0 | I18: =+'원가이체, 판관비 배부현황(VND)'!I18/I$128 -> 0 | J18: =+'원가이체, 판관비 배부현황(VND)'!J18/J$128 -> 0 | ... N18: =+'원가이체, 판관비 배부현황(VND)'!N18/N$128 -> 0 | O18: =SUM(C18:N18) -> 0
B19: 현장원가 (Site Cost) | C19: =+'원가이체, 판관비 배부현황(VND)'!C19/C$128 -> 0 | D19: =+'원가이체, 판관비 배부현황(VND)'!D19/D$128 -> 0 | E19: =+'원가이체, 판관비 배부현황(VND)'!E19/E$128 -> 0 | F19: =+'원가이체, 판관비 배부현황(VND)'!F19/F$128 -> 0 | G19: =+'원가이체, 판관비 배부현황(VND)'!G19/G$128 -> 0 | H19: =+'원가이체, 판관비 배부현황(VND)'!H19/H$128 -> 0 | I19: =+'원가이체, 판관비 배부현황(VND)'!I19/I$128 -> 0 | J19: =+'원가이체, 판관비 배부현황(VND)'!J19/J$128 -> 0 | ... N19: =+'원가이체, 판관비 배부현황(VND)'!N19/N$128 -> 0 | O19: =SUM(C19:N19) -> 0
B20: 본사이체원가 (HQ Transfer) | C20: =+'원가이체, 판관비 배부현황(VND)'!C20/C$128 -> 0 | D20: =+'원가이체, 판관비 배부현황(VND)'!D20/D$128 -> 0 | E20: =+'원가이체, 판관비 배부현황(VND)'!E20/E$128 -> 0 | F20: =+'원가이체, 판관비 배부현황(VND)'!F20/F$128 -> 0 | G20: =+'원가이체, 판관비 배부현황(VND)'!G20/G$128 -> 0 | H20: =+'원가이체, 판관비 배부현황(VND)'!H20/H$128 -> 0 | I20: =+'원가이체, 판관비 배부현황(VND)'!I20/I$128 -> 0 | J20: =+'원가이체, 판관비 배부현황(VND)'!J20/J$128 -> 0 | ... N20: =+'원가이체, 판관비 배부현황(VND)'!N20/N$128 -> 0 | O20: =SUM(C20:N20) -> 0
B21: 판관비 (S&A Exp) | C21: =+'원가이체, 판관비 배부현황(VND)'!C21/C$128 -> 0 | D21: =+'원가이체, 판관비 배부현황(VND)'!D21/D$128 -> 0 | E21: =+'원가이체, 판관비 배부현황(VND)'!E21/E$128 -> 0 | F21: =+'원가이체, 판관비 배부현황(VND)'!F21/F$128 -> 0 | G21: =+'원가이체, 판관비 배부현황(VND)'!G21/G$128 -> 0 | H21: =+'원가이체, 판관비 배부현황(VND)'!H21/H$128 -> 0 | I21: =+'원가이체, 판관비 배부현황(VND)'!I21/I$128 -> 0 | J21: =+'원가이체, 판관비 배부현황(VND)'!J21/J$128 -> 0 | ... N21: =+'원가이체, 판관비 배부현황(VND)'!N21/N$128 -> 0 | O21: =SUM(C21:N21) -> 0
B22: 아국인 인원수 (No. of Emplyee) | C22: ='원가이체, 판관비 배부현황(VND)'!C22 -> 0 | D22: ='원가이체, 판관비 배부현황(VND)'!D22 -> 0 | E22: ='원가이체, 판관비 배부현황(VND)'!E22 -> 0 | F22: ='원가이체, 판관비 배부현황(VND)'!F22 -> 0 | G22: ='원가이체, 판관비 배부현황(VND)'!G22 -> 0 | H22: ='원가이체, 판관비 배부현황(VND)'!H22 -> 0 | I22: ='원가이체, 판관비 배부현황(VND)'!I22 -> 0 | J22: ='원가이체, 판관비 배부현황(VND)'!J22 -> 0 | ... N22: ='원가이체, 판관비 배부현황(VND)'!N22 -> 0 | O22: =SUM(C22:N22) -> 0
A23: Site 14 (B1CC4 Consulting) | B23: 매출 (Sales) | C23: =+'원가이체, 판관비 배부현황(VND)'!C23/C$128 -> 183.66483 | D23: =+'원가이체, 판관비 배부현황(VND)'!D23/D$128 -> 0 | E23: =+'원가이체, 판관비 배부현황(VND)'!E23/E$128 -> 0 | F23: =+'원가이체, 판관비 배부현황(VND)'!F23/F$128 -> 0 | G23: =+'원가이체, 판관비 배부현황(VND)'!G23/G$128 -> 0 | H23: =+'원가이체, 판관비 배부현황(VND)'!H23/H$128 -> 0 | I23: =+'원가이체, 판관비 배부현황(VND)'!I23/I$128 -> 0 | J23: =+'원가이체, 판관비 배부현황(VND)'!J23/J$128 -> 0 | ... N23: =+'원가이체, 판관비 배부현황(VND)'!N23/N$128 -> 0 | O23: =SUM(C23:N23) -> 183.66483
B24: 매출원가 (CGS) | C24: =+'원가이체, 판관비 배부현황(VND)'!C24/C$128 -> 67.797692 | D24: =+'원가이체, 판관비 배부현황(VND)'!D24/D$128 -> 0 | E24: =+'원가이체, 판관비 배부현황(VND)'!E24/E$128 -> 0 | F24: =+'원가이체, 판관비 배부현황(VND)'!F24/F$128 -> 0 | G24: =+'원가이체, 판관비 배부현황(VND)'!G24/G$128 -> 0 | H24: =+'원가이체, 판관비 배부현황(VND)'!H24/H$128 -> 0 | I24: =+'원가이체, 판관비 배부현황(VND)'!I24/I$128 -> 0 | J24: =+'원가이체, 판관비 배부현황(VND)'!J24/J$128 -> 0 | ... N24: =+'원가이체, 판관비 배부현황(VND)'!N24/N$128 -> 0 | O24: =SUM(C24:N24) -> 67.797692
B25: 현장원가 (Site Cost) | C25: =+'원가이체, 판관비 배부현황(VND)'!C25/C$128 -> 67.167139 | D25: =+'원가이체, 판관비 배부현황(VND)'!D25/D$128 -> 0 | E25: =+'원가이체, 판관비 배부현황(VND)'!E25/E$128 -> 0 | F25: =+'원가이체, 판관비 배부현황(VND)'!F25/F$128 -> 0 | G25: =+'원가이체, 판관비 배부현황(VND)'!G25/G$128 -> 0 | H25: =+'원가이체, 판관비 배부현황(VND)'!H25/H$128 -> 0 | I25: =+'원가이체, 판관비 배부현황(VND)'!I25/I$128 -> 0 | J25: =+'원가이체, 판관비 배부현황(VND)'!J25/J$128 -> 0 | ... N25: =+'원가이체, 판관비 배부현황(VND)'!N25/N$128 -> 0 | O25: =SUM(C25:N25) -> 67.167139
B26: 본사이체원가 (HQ Transfer) | C26: =+'원가이체, 판관비 배부현황(VND)'!C26/C$128 -> 0.63055346 | D26: =+'원가이체, 판관비 배부현황(VND)'!D26/D$128 -> 0 | E26: =+'원가이체, 판관비 배부현황(VND)'!E26/E$128 -> 0 | F26: =+'원가이체, 판관비 배부현황(VND)'!F26/F$128 -> 0 | G26: =+'원가이체, 판관비 배부현황(VND)'!G26/G$128 -> 0 | H26: =+'원가이체, 판관비 배부현황(VND)'!H26/H$128 -> 0 | I26: =+'원가이체, 판관비 배부현황(VND)'!I26/I$128 -> 0 | J26: =+'원가이체, 판관비 배부현황(VND)'!J26/J$128 -> 0 | ... N26: =+'원가이체, 판관비 배부현황(VND)'!N26/N$128 -> 0 | O26: =SUM(C26:N26) -> 0.63055346
B27: 판관비 (S&A Exp) | C27: =+'원가이체, 판관비 배부현황(VND)'!C27/C$128 -> 0 | D27: =+'원가이체, 판관비 배부현황(VND)'!D27/D$128 -> 0 | E27: =+'원가이체, 판관비 배부현황(VND)'!E27/E$128 -> 0 | F27: =+'원가이체, 판관비 배부현황(VND)'!F27/F$128 -> 0 | G27: =+'원가이체, 판관비 배부현황(VND)'!G27/G$128 -> 0 | H27: =+'원가이체, 판관비 배부현황(VND)'!H27/H$128 -> 0 | I27: =+'원가이체, 판관비 배부현황(VND)'!I27/I$128 -> 0 | J27: =+'원가이체, 판관비 배부현황(VND)'!J27/J$128 -> 0 | ... N27: =+'원가이체, 판관비 배부현황(VND)'!N27/N$128 -> 0 | O27: =SUM(C27:N27) -> 0
B28: 아국인 인원수 (No. of Emplyee) | C28: ='원가이체, 판관비 배부현황(VND)'!C28 -> 0 | D28: ='원가이체, 판관비 배부현황(VND)'!D28 -> 0 | E28: ='원가이체, 판관비 배부현황(VND)'!E28 -> 0 | F28: ='원가이체, 판관비 배부현황(VND)'!F28 -> 0 | G28: ='원가이체, 판관비 배부현황(VND)'!G28 -> 0 | H28: ='원가이체, 판관비 배부현황(VND)'!H28 -> 0 | I28: ='원가이체, 판관비 배부현황(VND)'!I28 -> 0 | J28: ='원가이체, 판관비 배부현황(VND)'!J28 -> 0 | ... N28: ='원가이체, 판관비 배부현황(VND)'!N28 -> 0 | O28: =SUM(C28:N28) -> 0
A29: Site 16 (K8HH1 Precon) | B29: 매출 (Sales) | C29: =+'원가이체, 판관비 배부현황(VND)'!C29/C$128 -> 0 | D29: =+'원가이체, 판관비 배부현황(VND)'!D29/D$128 -> 0 | E29: =+'원가이체, 판관비 배부현황(VND)'!E29/E$128 -> 0 | F29: =+'원가이체, 판관비 배부현황(VND)'!F29/F$128 -> 0 | G29: =+'원가이체, 판관비 배부현황(VND)'!G29/G$128 -> 0 | H29: =+'원가이체, 판관비 배부현황(VND)'!H29/H$128 -> 0 | I29: =+'원가이체, 판관비 배부현황(VND)'!I29/I$128 -> 0 | J29: =+'원가이체, 판관비 배부현황(VND)'!J29/J$128 -> 0 | ... N29: =+'원가이체, 판관비 배부현황(VND)'!N29/N$128 -> 0 | O29: =SUM(C29:N29) -> 0
B30: 매출원가 (CGS) | C30: =+'원가이체, 판관비 배부현황(VND)'!C30/C$128 -> 0 | D30: =+'원가이체, 판관비 배부현황(VND)'!D30/D$128 -> 0 | E30: =+'원가이체, 판관비 배부현황(VND)'!E30/E$128 -> 0 | F30: =+'원가이체, 판관비 배부현황(VND)'!F30/F$128 -> 0 | G30: =+'원가이체, 판관비 배부현황(VND)'!G30/G$128 -> 0 | H30: =+'원가이체, 판관비 배부현황(VND)'!H30/H$128 -> 0 | I30: =+'원가이체, 판관비 배부현황(VND)'!I30/I$128 -> 0 | J30: =+'원가이체, 판관비 배부현황(VND)'!J30/J$128 -> 0 | ... N30: =+'원가이체, 판관비 배부현황(VND)'!N30/N$128 -> 0 | O30: =SUM(C30:N30) -> 0
B31: 현장원가 (Site Cost) | C31: =+'원가이체, 판관비 배부현황(VND)'!C31/C$128 -> 0 | D31: =+'원가이체, 판관비 배부현황(VND)'!D31/D$128 -> 0 | E31: =+'원가이체, 판관비 배부현황(VND)'!E31/E$128 -> 0 | F31: =+'원가이체, 판관비 배부현황(VND)'!F31/F$128 -> 0 | G31: =+'원가이체, 판관비 배부현황(VND)'!G31/G$128 -> 0 | H31: =+'원가이체, 판관비 배부현황(VND)'!H31/H$128 -> 0 | I31: =+'원가이체, 판관비 배부현황(VND)'!I31/I$128 -> 0 | J31: =+'원가이체, 판관비 배부현황(VND)'!J31/J$128 -> 0 | ... N31: =+'원가이체, 판관비 배부현황(VND)'!N31/N$128 -> 0 | O31: =SUM(C31:N31) -> 0
B32: 본사이체원가 (HQ Transfer) | C32: =+'원가이체, 판관비 배부현황(VND)'!C32/C$128 -> 0 | D32: =+'원가이체, 판관비 배부현황(VND)'!D32/D$128 -> 0 | E32: =+'원가이체, 판관비 배부현황(VND)'!E32/E$128 -> 0 | F32: =+'원가이체, 판관비 배부현황(VND)'!F32/F$128 -> 0 | G32: =+'원가이체, 판관비 배부현황(VND)'!G32/G$128 -> 0 | H32: =+'원가이체, 판관비 배부현황(VND)'!H32/H$128 -> 0 | I32: =+'원가이체, 판관비 배부현황(VND)'!I32/I$128 -> 0 | J32: =+'원가이체, 판관비 배부현황(VND)'!J32/J$128 -> 0 | ... N32: =+'원가이체, 판관비 배부현황(VND)'!N32/N$128 -> 0 | O32: =SUM(C32:N32) -> 0
B33: 판관비 (S&A Exp) | C33: =+'원가이체, 판관비 배부현황(VND)'!C33/C$128 -> 0 | D33: =+'원가이체, 판관비 배부현황(VND)'!D33/D$128 -> 0 | E33: =+'원가이체, 판관비 배부현황(VND)'!E33/E$128 -> 0 | F33: =+'원가이체, 판관비 배부현황(VND)'!F33/F$128 -> 0 | G33: =+'원가이체, 판관비 배부현황(VND)'!G33/G$128 -> 0 | H33: =+'원가이체, 판관비 배부현황(VND)'!H33/H$128 -> 0 | I33: =+'원가이체, 판관비 배부현황(VND)'!I33/I$128 -> 0 | J33: =+'원가이체, 판관비 배부현황(VND)'!J33/J$128 -> 0 | ... N33: =+'원가이체, 판관비 배부현황(VND)'!N33/N$128 -> 0 | O33: =SUM(C33:N33) -> 0
B34: 아국인 인원수 (No. of Emplyee) | C34: ='원가이체, 판관비 배부현황(VND)'!C34 -> 0 | D34: ='원가이체, 판관비 배부현황(VND)'!D34 -> 0 | E34: ='원가이체, 판관비 배부현황(VND)'!E34 -> 0 | F34: ='원가이체, 판관비 배부현황(VND)'!F34 -> 0 | G34: ='원가이체, 판관비 배부현황(VND)'!G34 -> 0 | H34: ='원가이체, 판관비 배부현황(VND)'!H34 -> 0 | I34: ='원가이체, 판관비 배부현황(VND)'!I34 -> 0 | J34: ='원가이체, 판관비 배부현황(VND)'!J34 -> 0 | ... N34: ='원가이체, 판관비 배부현황(VND)'!N34 -> 0 | O34: =SUM(C34:N34) -> 0
A35: Site 17 (H1HH1 Consulting) | B35: 매출 (Sales) | C35: =+'원가이체, 판관비 배부현황(VND)'!C35/C$128 -> 715.7562 | D35: =+'원가이체, 판관비 배부현황(VND)'!D35/D$128 -> 0 | E35: =+'원가이체, 판관비 배부현황(VND)'!E35/E$128 -> 352.81518 | F35: =+'원가이체, 판관비 배부현황(VND)'!F35/F$128 -> 0 | G35: =+'원가이체, 판관비 배부현황(VND)'!G35/G$128 -> 0 | H35: =+'원가이체, 판관비 배부현황(VND)'!H35/H$128 -> 0 | I35: =+'원가이체, 판관비 배부현황(VND)'!I35/I$128 -> 0 | J35: =+'원가이체, 판관비 배부현황(VND)'!J35/J$128 -> 0 | ... N35: =+'원가이체, 판관비 배부현황(VND)'!N35/N$128 -> 0 | O35: =SUM(C35:N35) -> 1068.5714
B36: 매출원가 (CGS) | C36: =+'원가이체, 판관비 배부현황(VND)'!C36/C$128 -> 562.15543 | D36: =+'원가이체, 판관비 배부현황(VND)'!D36/D$128 -> 0 | E36: =+'원가이체, 판관비 배부현황(VND)'!E36/E$128 -> 12.844796 | F36: =+'원가이체, 판관비 배부현황(VND)'!F36/F$128 -> 0 | G36: =+'원가이체, 판관비 배부현황(VND)'!G36/G$128 -> 0 | H36: =+'원가이체, 판관비 배부현황(VND)'!H36/H$128 -> 0 | I36: =+'원가이체, 판관비 배부현황(VND)'!I36/I$128 -> 0 | J36: =+'원가이체, 판관비 배부현황(VND)'!J36/J$128 -> 0 | ... N36: =+'원가이체, 판관비 배부현황(VND)'!N36/N$128 -> 0 | O36: =SUM(C36:N36) -> 575.00022
B37: 현장원가 (Site Cost) | C37: =+'원가이체, 판관비 배부현황(VND)'!C37/C$128 -> 546.90383 | D37: =+'원가이체, 판관비 배부현황(VND)'!D37/D$128 -> 0 | E37: =+'원가이체, 판관비 배부현황(VND)'!E37/E$128 -> 12.844796 | F37: =+'원가이체, 판관비 배부현황(VND)'!F37/F$128 -> 0 | G37: =+'원가이체, 판관비 배부현황(VND)'!G37/G$128 -> 0 | H37: =+'원가이체, 판관비 배부현황(VND)'!H37/H$128 -> 0 | I37: =+'원가이체, 판관비 배부현황(VND)'!I37/I$128 -> 0 | J37: =+'원가이체, 판관비 배부현황(VND)'!J37/J$128 -> 0 | ... N37: =+'원가이체, 판관비 배부현황(VND)'!N37/N$128 -> 0 | O37: =SUM(C37:N37) -> 559.74863
B38: 본사이체원가 (HQ Transfer) | C38: =+'원가이체, 판관비 배부현황(VND)'!C38/C$128 -> 15.251598 | D38: =+'원가이체, 판관비 배부현황(VND)'!D38/D$128 -> 0 | E38: =+'원가이체, 판관비 배부현황(VND)'!E38/E$128 -> 0 | F38: =+'원가이체, 판관비 배부현황(VND)'!F38/F$128 -> 0 | G38: =+'원가이체, 판관비 배부현황(VND)'!G38/G$128 -> 0 | H38: =+'원가이체, 판관비 배부현황(VND)'!H38/H$128 -> 0 | I38: =+'원가이체, 판관비 배부현황(VND)'!I38/I$128 -> 0 | J38: =+'원가이체, 판관비 배부현황(VND)'!J38/J$128 -> 0 | ... N38: =+'원가이체, 판관비 배부현황(VND)'!N38/N$128 -> 0 | O38: =SUM(C38:N38) -> 15.251598
B39: 판관비 (S&A Exp) | C39: =+'원가이체, 판관비 배부현황(VND)'!C39/C$128 -> 0 | D39: =+'원가이체, 판관비 배부현황(VND)'!D39/D$128 -> 0 | E39: =+'원가이체, 판관비 배부현황(VND)'!E39/E$128 -> 0 | F39: =+'원가이체, 판관비 배부현황(VND)'!F39/F$128 -> 0 | G39: =+'원가이체, 판관비 배부현황(VND)'!G39/G$128 -> 0 | H39: =+'원가이체, 판관비 배부현황(VND)'!H39/H$128 -> 0 | I39: =+'원가이체, 판관비 배부현황(VND)'!I39/I$128 -> 0 | J39: =+'원가이체, 판관비 배부현황(VND)'!J39/J$128 -> 0 | ... N39: =+'원가이체, 판관비 배부현황(VND)'!N39/N$128 -> 0 | O39: =SUM(C39:N39) -> 0
B40: 아국인 인원수 (No. of Emplyee) | C40: ='원가이체, 판관비 배부현황(VND)'!C40 -> 0 | D40: ='원가이체, 판관비 배부현황(VND)'!D40 -> 0 | E40: ='원가이체, 판관비 배부현황(VND)'!E40 -> 0 | F40: ='원가이체, 판관비 배부현황(VND)'!F40 -> 0 | G40: ='원가이체, 판관비 배부현황(VND)'!G40 -> 0 | H40: ='원가이체, 판관비 배부현황(VND)'!H40 -> 0 | I40: ='원가이체, 판관비 배부현황(VND)'!I40 -> 0 | J40: ='원가이체, 판관비 배부현황(VND)'!J40 -> 0 | ... N40: ='원가이체, 판관비 배부현황(VND)'!N40 -> 0 | O40: =SUM(C40:N40) -> 0
A41: Site 18 (Construction K8CT1) | B41: 매출 (Sales) | C41: =+'원가이체, 판관비 배부현황(VND)'!C41/C$128 -> 79.739766 | D41: =+'원가이체, 판관비 배부현황(VND)'!D41/D$128 -> 1283.8682 | E41: =+'원가이체, 판관비 배부현황(VND)'!E41/E$128 -> 590.2774 | F41: =+'원가이체, 판관비 배부현황(VND)'!F41/F$128 -> 1461.3444 | G41: =+'원가이체, 판관비 배부현황(VND)'!G41/G$128 -> 2899.3087 | H41: =+'원가이체, 판관비 배부현황(VND)'!H41/H$128 -> 4075.6747 | I41: =+'원가이체, 판관비 배부현황(VND)'!I41/I$128 -> 0 | J41: =+'원가이체, 판관비 배부현황(VND)'!J41/J$128 -> 0 | ... N41: =+'원가이체, 판관비 배부현황(VND)'!N41/N$128 -> 0 | O41: =SUM(C41:N41) -> 10390.213
B42: 매출원가 (CGS) | C42: =+'원가이체, 판관비 배부현황(VND)'!C42/C$128 -> 66.85382 | D42: =+'원가이체, 판관비 배부현황(VND)'!D42/D$128 -> 1076.3951 | E42: =+'원가이체, 판관비 배부현황(VND)'!E42/E$128 -> 494.88857 | F42: =+'원가이체, 판관비 배부현황(VND)'!F42/F$128 -> 1225.1911 | G42: =+'원가이체, 판관비 배부현황(VND)'!G42/G$128 -> 2430.7804 | H42: =+'원가이체, 판관비 배부현황(VND)'!H42/H$128 -> 3417.0457 | I42: =+'원가이체, 판관비 배부현황(VND)'!I42/I$128 -> 0 | J42: =+'원가이체, 판관비 배부현황(VND)'!J42/J$128 -> 0 | ... N42: =+'원가이체, 판관비 배부현황(VND)'!N42/N$128 -> 0 | O42: =SUM(C42:N42) -> 8711.1547
B43: 현장원가 (Site Cost) | C43: =+'원가이체, 판관비 배부현황(VND)'!C43/C$128 -> 63.138654 | D43: =+'원가이체, 판관비 배부현황(VND)'!D43/D$128 -> 1064.0506 | E43: =+'원가이체, 판관비 배부현황(VND)'!E43/E$128 -> 484.93172 | F43: =+'원가이체, 판관비 배부현황(VND)'!F43/F$128 -> 1212.3909 | G43: =+'원가이체, 판관비 배부현황(VND)'!G43/G$128 -> 2401.2415 | H43: =+'원가이체, 판관비 배부현황(VND)'!H43/H$128 -> 3387.0756 | I43: =+'원가이체, 판관비 배부현황(VND)'!I43/I$128 -> 0 | J43: =+'원가이체, 판관비 배부현황(VND)'!J43/J$128 -> 0 | ... N43: =+'원가이체, 판관비 배부현황(VND)'!N43/N$128 -> 0 | O43: =SUM(C43:N43) -> 8612.829
B44: 본사이체원가 (HQ Transfer) | C44: =+'원가이체, 판관비 배부현황(VND)'!C44/C$128 -> 3.7151658 | D44: =+'원가이체, 판관비 배부현황(VND)'!D44/D$128 -> 12.344493 | E44: =+'원가이체, 판관비 배부현황(VND)'!E44/E$128 -> 9.9568464 | F44: =+'원가이체, 판관비 배부현황(VND)'!F44/F$128 -> 12.800235 | G44: =+'원가이체, 판관비 배부현황(VND)'!G44/G$128 -> 29.538896 | H44: =+'원가이체, 판관비 배부현황(VND)'!H44/H$128 -> 29.970096 | I44: =+'원가이체, 판관비 배부현황(VND)'!I44/I$128 -> 0 | J44: =+'원가이체, 판관비 배부현황(VND)'!J44/J$128 -> 0 | ... N44: =+'원가이체, 판관비 배부현황(VND)'!N44/N$128 -> 0 | O44: =SUM(C44:N44) -> 98.325731
B45: 판관비 (S&A Exp) | C45: =+'원가이체, 판관비 배부현황(VND)'!C45/C$128 -> 42.558883 | D45: =+'원가이체, 판관비 배부현황(VND)'!D45/D$128 -> 51.932165 | E45: =+'원가이체, 판관비 배부현황(VND)'!E45/E$128 -> 46.862605 | F45: =+'원가이체, 판관비 배부현황(VND)'!F45/F$128 -> 54.327681 | G45: =+'원가이체, 판관비 배부현황(VND)'!G45/G$128 -> 87.723876 | H45: =+'원가이체, 판관비 배부현황(VND)'!H45/H$128 -> 83.570843 | I45: =+'원가이체, 판관비 배부현황(VND)'!I45/I$128 -> #DIV/0! | J45: =+'원가이체, 판관비 배부현황(VND)'!J45/J$128 -> #DIV/0! | ... N45: =+'원가이체, 판관비 배부현황(VND)'!N45/N$128 -> #DIV/0! | O45: =SUM(C45:N45) -> #DIV/0!
B46: 아국인 인원수 (No. of Emplyee) | C46: ='원가이체, 판관비 배부현황(VND)'!C46 -> 3 | D46: ='원가이체, 판관비 배부현황(VND)'!D46 -> 4 | E46: ='원가이체, 판관비 배부현황(VND)'!E46 -> 4 | F46: ='원가이체, 판관비 배부현황(VND)'!F46 -> 4 | G46: ='원가이체, 판관비 배부현황(VND)'!G46 -> 4 | H46: ='원가이체, 판관비 배부현황(VND)'!H46 -> 4 | I46: ='원가이체, 판관비 배부현황(VND)'!I46 -> 4 | J46: ='원가이체, 판관비 배부현황(VND)'!J46 -> 4 | ... N46: ='원가이체, 판관비 배부현황(VND)'!N46 -> 4 | O46: =SUM(C46:N46) -> 47
A47: Site 20 (Precons K2CT1) | B47: 매출 (Sales) | C47: =+'원가이체, 판관비 배부현황(VND)'!C47/C$128 -> 0 | D47: =+'원가이체, 판관비 배부현황(VND)'!D47/D$128 -> 0 | E47: =+'원가이체, 판관비 배부현황(VND)'!E47/E$128 -> 0 | F47: =+'원가이체, 판관비 배부현황(VND)'!F47/F$128 -> 0 | G47: =+'원가이체, 판관비 배부현황(VND)'!G47/G$128 -> 0 | H47: =+'원가이체, 판관비 배부현황(VND)'!H47/H$128 -> 0 | I47: =+'원가이체, 판관비 배부현황(VND)'!I47/I$128 -> 0 | J47: =+'원가이체, 판관비 배부현황(VND)'!J47/J$128 -> 0 | ... N47: =+'원가이체, 판관비 배부현황(VND)'!N47/N$128 -> 0 | O47: =SUM(C47:N47) -> 0
B48: 매출원가 (CGS) | C48: =+'원가이체, 판관비 배부현황(VND)'!C48/C$128 -> 0 | D48: =+'원가이체, 판관비 배부현황(VND)'!D48/D$128 -> 0 | E48: =+'원가이체, 판관비 배부현황(VND)'!E48/E$128 -> 0 | F48: =+'원가이체, 판관비 배부현황(VND)'!F48/F$128 -> 0 | G48: =+'원가이체, 판관비 배부현황(VND)'!G48/G$128 -> 0 | H48: =+'원가이체, 판관비 배부현황(VND)'!H48/H$128 -> 0 | I48: =+'원가이체, 판관비 배부현황(VND)'!I48/I$128 -> 0 | J48: =+'원가이체, 판관비 배부현황(VND)'!J48/J$128 -> 0 | ... N48: =+'원가이체, 판관비 배부현황(VND)'!N48/N$128 -> 0 | O48: =SUM(C48:N48) -> 0
B49: 현장원가 (Site Cost) | C49: =+'원가이체, 판관비 배부현황(VND)'!C49/C$128 -> 0 | D49: =+'원가이체, 판관비 배부현황(VND)'!D49/D$128 -> 0 | E49: =+'원가이체, 판관비 배부현황(VND)'!E49/E$128 -> 0 | F49: =+'원가이체, 판관비 배부현황(VND)'!F49/F$128 -> 0 | G49: =+'원가이체, 판관비 배부현황(VND)'!G49/G$128 -> 0 | H49: =+'원가이체, 판관비 배부현황(VND)'!H49/H$128 -> 0 | I49: =+'원가이체, 판관비 배부현황(VND)'!I49/I$128 -> 0 | J49: =+'원가이체, 판관비 배부현황(VND)'!J49/J$128 -> 0 | ... N49: =+'원가이체, 판관비 배부현황(VND)'!N49/N$128 -> 0 | O49: =SUM(C49:N49) -> 0
B50: 본사이체원가 (HQ Transfer) | C50: =+'원가이체, 판관비 배부현황(VND)'!C50/C$128 -> 0 | D50: =+'원가이체, 판관비 배부현황(VND)'!D50/D$128 -> 0 | E50: =+'원가이체, 판관비 배부현황(VND)'!E50/E$128 -> 0 | F50: =+'원가이체, 판관비 배부현황(VND)'!F50/F$128 -> 0 | G50: =+'원가이체, 판관비 배부현황(VND)'!G50/G$128 -> 0 | H50: =+'원가이체, 판관비 배부현황(VND)'!H50/H$128 -> 0 | I50: =+'원가이체, 판관비 배부현황(VND)'!I50/I$128 -> 0 | J50: =+'원가이체, 판관비 배부현황(VND)'!J50/J$128 -> 0 | ... N50: =+'원가이체, 판관비 배부현황(VND)'!N50/N$128 -> 0 | O50: =SUM(C50:N50) -> 0
B51: 판관비 (S&A Exp) | C51: =+'원가이체, 판관비 배부현황(VND)'!C51/C$128 -> 0 | D51: =+'원가이체, 판관비 배부현황(VND)'!D51/D$128 -> 0 | E51: =+'원가이체, 판관비 배부현황(VND)'!E51/E$128 -> 0 | F51: =+'원가이체, 판관비 배부현황(VND)'!F51/F$128 -> 0 | G51: =+'원가이체, 판관비 배부현황(VND)'!G51/G$128 -> 0 | H51: =+'원가이체, 판관비 배부현황(VND)'!H51/H$128 -> 0 | I51: =+'원가이체, 판관비 배부현황(VND)'!I51/I$128 -> 0 | J51: =+'원가이체, 판관비 배부현황(VND)'!J51/J$128 -> 0 | ... N51: =+'원가이체, 판관비 배부현황(VND)'!N51/N$128 -> 0 | O51: =SUM(C51:N51) -> 0
B52: 아국인 인원수 (No. of Emplyee) | C52: ='원가이체, 판관비 배부현황(VND)'!C52 -> 0 | D52: ='원가이체, 판관비 배부현황(VND)'!D52 -> 0 | E52: ='원가이체, 판관비 배부현황(VND)'!E52 -> 0 | F52: ='원가이체, 판관비 배부현황(VND)'!F52 -> 0 | G52: ='원가이체, 판관비 배부현황(VND)'!G52 -> 0 | H52: ='원가이체, 판관비 배부현황(VND)'!H52 -> 0 | I52: ='원가이체, 판관비 배부현황(VND)'!I52 -> 0 | J52: ='원가이체, 판관비 배부현황(VND)'!J52 -> 0 | ... N52: ='원가이체, 판관비 배부현황(VND)'!N52 -> 0 | O52: =SUM(C52:N52) -> 0
A53: Site 22 (Villa H&K management) | B53: 매출 (Sales) | C53: =+'원가이체, 판관비 배부현황(VND)'!C53/C$128 -> 92.675432 | D53: =+'원가이체, 판관비 배부현황(VND)'!D53/D$128 -> 92.330874 | E53: =+'원가이체, 판관비 배부현황(VND)'!E53/E$128 -> 91.364352 | F53: =+'원가이체, 판관비 배부현황(VND)'!F53/F$128 -> 0 | G53: =+'원가이체, 판관비 배부현황(VND)'!G53/G$128 -> 0 | H53: =+'원가이체, 판관비 배부현황(VND)'!H53/H$128 -> 0 | I53: =+'원가이체, 판관비 배부현황(VND)'!I53/I$128 -> 0 | J53: =+'원가이체, 판관비 배부현황(VND)'!J53/J$128 -> 0 | ... N53: =+'원가이체, 판관비 배부현황(VND)'!N53/N$128 -> 0 | O53: =SUM(C53:N53) -> 276.37066
B54: 매출원가 (CGS) | C54: =+'원가이체, 판관비 배부현황(VND)'!C54/C$128 -> 61.201715 | D54: =+'원가이체, 판관비 배부현황(VND)'!D54/D$128 -> 78.034488 | E54: =+'원가이체, 판관비 배부현황(VND)'!E54/E$128 -> 96.387882 | F54: =+'원가이체, 판관비 배부현황(VND)'!F54/F$128 -> 4.5239212 | G54: =+'원가이체, 판관비 배부현황(VND)'!G54/G$128 -> 0 | H54: =+'원가이체, 판관비 배부현황(VND)'!H54/H$128 -> 0 | I54: =+'원가이체, 판관비 배부현황(VND)'!I54/I$128 -> 0 | J54: =+'원가이체, 판관비 배부현황(VND)'!J54/J$128 -> 0 | ... N54: =+'원가이체, 판관비 배부현황(VND)'!N54/N$128 -> 0 | O54: =SUM(C54:N54) -> 240.14801
B55: 현장원가 (Site Cost) | C55: =+'원가이체, 판관비 배부현황(VND)'!C55/C$128 -> 61.86791 | D55: =+'원가이체, 판관비 배부현황(VND)'!D55/D$128 -> 78.034488 | E55: =+'원가이체, 판관비 배부현황(VND)'!E55/E$128 -> 96.387882 | F55: =+'원가이체, 판관비 배부현황(VND)'!F55/F$128 -> 4.5239212 | G55: =+'원가이체, 판관비 배부현황(VND)'!G55/G$128 -> 0 | H55: =+'원가이체, 판관비 배부현황(VND)'!H55/H$128 -> 0 | I55: =+'원가이체, 판관비 배부현황(VND)'!I55/I$128 -> 0 | J55: =+'원가이체, 판관비 배부현황(VND)'!J55/J$128 -> 0 | ... N55: =+'원가이체, 판관비 배부현황(VND)'!N55/N$128 -> 0 | O55: =SUM(C55:N55) -> 240.8142
B56: 본사이체원가 (HQ Transfer) | C56: =+'원가이체, 판관비 배부현황(VND)'!C56/C$128 -> -0.66619559 | D56: =+'원가이체, 판관비 배부현황(VND)'!D56/D$128 -> 0 | E56: =+'원가이체, 판관비 배부현황(VND)'!E56/E$128 -> 0 | F56: =+'원가이체, 판관비 배부현황(VND)'!F56/F$128 -> 0 | G56: =+'원가이체, 판관비 배부현황(VND)'!G56/G$128 -> 0 | H56: =+'원가이체, 판관비 배부현황(VND)'!H56/H$128 -> 0 | I56: =+'원가이체, 판관비 배부현황(VND)'!I56/I$128 -> 0 | J56: =+'원가이체, 판관비 배부현황(VND)'!J56/J$128 -> 0 | ... N56: =+'원가이체, 판관비 배부현황(VND)'!N56/N$128 -> 0 | O56: =SUM(C56:N56) -> -0.66619559
B57: 판관비 (S&A Exp) | C57: =+'원가이체, 판관비 배부현황(VND)'!C57/C$128 -> 0 | D57: =+'원가이체, 판관비 배부현황(VND)'!D57/D$128 -> 0 | E57: =+'원가이체, 판관비 배부현황(VND)'!E57/E$128 -> 0 | F57: =+'원가이체, 판관비 배부현황(VND)'!F57/F$128 -> 0 | G57: =+'원가이체, 판관비 배부현황(VND)'!G57/G$128 -> 0 | H57: =+'원가이체, 판관비 배부현황(VND)'!H57/H$128 -> 0 | I57: =+'원가이체, 판관비 배부현황(VND)'!I57/I$128 -> 0 | J57: =+'원가이체, 판관비 배부현황(VND)'!J57/J$128 -> 0 | ... N57: =+'원가이체, 판관비 배부현황(VND)'!N57/N$128 -> 0 | O57: =SUM(C57:N57) -> 0
B58: 아국인 인원수 (No. of Emplyee) | C58: ='원가이체, 판관비 배부현황(VND)'!C58 -> 0 | D58: ='원가이체, 판관비 배부현황(VND)'!D58 -> 0 | E58: ='원가이체, 판관비 배부현황(VND)'!E58 -> 0 | F58: ='원가이체, 판관비 배부현황(VND)'!F58 -> 0 | G58: ='원가이체, 판관비 배부현황(VND)'!G58 -> 0 | H58: ='원가이체, 판관비 배부현황(VND)'!H58 -> 0 | I58: ='원가이체, 판관비 배부현황(VND)'!I58 -> 0 | J58: ='원가이체, 판관비 배부현황(VND)'!J58 -> 0 | ... N58: ='원가이체, 판관비 배부현황(VND)'!N58 -> 0 | O58: =SUM(C58:N58) -> 0
A59: Site 23 (Construction K8HH1) | B59: 매출 (Sales) | C59: =+'원가이체, 판관비 배부현황(VND)'!C59/C$128 -> 154.61372 | D59: =+'원가이체, 판관비 배부현황(VND)'!D59/D$128 -> 3015.5888 | E59: =+'원가이체, 판관비 배부현황(VND)'!E59/E$128 -> 1553.2475 | F59: =+'원가이체, 판관비 배부현황(VND)'!F59/F$128 -> 3143.2013 | G59: =+'원가이체, 판관비 배부현황(VND)'!G59/G$128 -> 4681.1903 | H59: =+'원가이체, 판관비 배부현황(VND)'!H59/H$128 -> 3012.8632 | I59: =+'원가이체, 판관비 배부현황(VND)'!I59/I$128 -> 0 | J59: =+'원가이체, 판관비 배부현황(VND)'!J59/J$128 -> 0 | ... N59: =+'원가이체, 판관비 배부현황(VND)'!N59/N$128 -> 0 | O59: =SUM(C59:N59) -> 15560.705
B60: 매출원가 (CGS) | C60: =+'원가이체, 판관비 배부현황(VND)'!C60/C$128 -> 129.8446 | D60: =+'원가이체, 판관비 배부현황(VND)'!D60/D$128 -> 2532.4915 | E60: =+'원가이체, 판관비 배부현황(VND)'!E60/E$128 -> 1304.4172 | F60: =+'원가이체, 판관비 배부현황(VND)'!F60/F$128 -> 2639.6604 | G60: =+'원가이체, 판관비 배부현황(VND)'!G60/G$128 -> 3931.2636 | H60: =+'원가이체, 판관비 배부현황(VND)'!H60/H$128 -> 2530.2025 | I60: =+'원가이체, 판관비 배부현황(VND)'!I60/I$128 -> 0 | J60: =+'원가이체, 판관비 배부현황(VND)'!J60/J$128 -> 0 | ... N60: =+'원가이체, 판관비 배부현황(VND)'!N60/N$128 -> 0 | O60: =SUM(C60:N60) -> 13067.88
B61: 현장원가 (Site Cost) | C61: =+'원가이체, 판관비 배부현황(VND)'!C61/C$128 -> 121.30593 | D61: =+'원가이체, 판관비 배부현황(VND)'!D61/D$128 -> 2503.428 | E61: =+'원가이체, 판관비 배부현황(VND)'!E61/E$128 -> 1278.1449 | F61: =+'원가이체, 판관비 배부현황(VND)'!F61/F$128 -> 2612.0702 | G61: =+'원가이체, 판관비 배부현황(VND)'!G61/G$128 -> 3885.0756 | H61: =+'원가이체, 판관비 배부현황(VND)'!H61/H$128 -> 2508.0163 | I61: =+'원가이체, 판관비 배부현황(VND)'!I61/I$128 -> 0 | J61: =+'원가이체, 판관비 배부현황(VND)'!J61/J$128 -> 0 | ... N61: =+'원가이체, 판관비 배부현황(VND)'!N61/N$128 -> 0 | O61: =SUM(C61:N61) -> 12908.041
B62: 본사이체원가 (HQ Transfer) | C62: =+'원가이체, 판관비 배부현황(VND)'!C62/C$128 -> 8.5386742 | D62: =+'원가이체, 판관비 배부현황(VND)'!D62/D$128 -> 29.06349 | E62: =+'원가이체, 판관비 배부현황(VND)'!E62/E$128 -> 26.272367 | F62: =+'원가이체, 판관비 배부현황(VND)'!F62/F$128 -> 27.590249 | G62: =+'원가이체, 판관비 배부현황(VND)'!G62/G$128 -> 46.188021 | H62: =+'원가이체, 판관비 배부현황(VND)'!H62/H$128 -> 22.186261 | I62: =+'원가이체, 판관비 배부현황(VND)'!I62/I$128 -> 0 | J62: =+'원가이체, 판관비 배부현황(VND)'!J62/J$128 -> 0 | ... N62: =+'원가이체, 판관비 배부현황(VND)'!N62/N$128 -> 0 | O62: =SUM(C62:N62) -> 159.83906
B63: 판관비 (S&A Exp) | C63: =+'원가이체, 판관비 배부현황(VND)'!C63/C$128 -> 68.180307 | D63: =+'원가이체, 판관비 배부현황(VND)'!D63/D$128 -> 80.435926 | E63: =+'원가이체, 판관비 배부현황(VND)'!E63/E$128 -> 75.218435 | F63: =+'원가이체, 판관비 배부현황(VND)'!F63/F$128 -> 80.222471 | G63: =+'원가이체, 판관비 배부현황(VND)'!G63/G$128 -> 113.46231 | H63: =+'원가이체, 판관비 배부현황(VND)'!H63/H$128 -> 71.105147 | I63: =+'원가이체, 판관비 배부현황(VND)'!I63/I$128 -> #DIV/0! | J63: =+'원가이체, 판관비 배부현황(VND)'!J63/J$128 -> #DIV/0! | ... N63: =+'원가이체, 판관비 배부현황(VND)'!N63/N$128 -> #DIV/0! | O63: =SUM(C63:N63) -> #DIV/0!
B64: 아국인 인원수 (No. of Emplyee) | C64: =+'원가이체, 판관비 배부현황(VND)'!C64 -> 4 | D64: =+'원가이체, 판관비 배부현황(VND)'!D64 -> 4 | E64: =+'원가이체, 판관비 배부현황(VND)'!E64 -> 4 | F64: =+'원가이체, 판관비 배부현황(VND)'!F64 -> 4 | G64: =+'원가이체, 판관비 배부현황(VND)'!G64 -> 4 | H64: =+'원가이체, 판관비 배부현황(VND)'!H64 -> 4 | I64: =+'원가이체, 판관비 배부현황(VND)'!I64 -> 4 | J64: =+'원가이체, 판관비 배부현황(VND)'!J64 -> 4 | ... N64: =+'원가이체, 판관비 배부현황(VND)'!N64 -> 4 | O64: =SUM(C64:N64)/12 -> 4
A65: Site 27 (Operation Office of THT-Phase 2) | B65: 매출 (Sales) | C65: =+'원가이체, 판관비 배부현황(VND)'!C71/C$128 -> 0 | D65: =+'원가이체, 판관비 배부현황(VND)'!D71/D$128 -> 0 | E65: =+'원가이체, 판관비 배부현황(VND)'!E71/E$128 -> 0 | F65: =+'원가이체, 판관비 배부현황(VND)'!F71/F$128 -> 119.6105 | G65: =+'원가이체, 판관비 배부현황(VND)'!G71/G$128 -> 0 | H65: =+'원가이체, 판관비 배부현황(VND)'!H71/H$128 -> 0 | I65: =+'원가이체, 판관비 배부현황(VND)'!I71/I$128 -> 0 | J65: =+'원가이체, 판관비 배부현황(VND)'!J71/J$128 -> 0 | ... N65: =+'원가이체, 판관비 배부현황(VND)'!N71/N$128 -> 0 | O65: =SUM(C65:N65) -> 119.6105
B66: 매출원가 (CGS) | C66: =+'원가이체, 판관비 배부현황(VND)'!C72/C$128 -> 0 | D66: =+'원가이체, 판관비 배부현황(VND)'!D72/D$128 -> 0 | E66: =+'원가이체, 판관비 배부현황(VND)'!E72/E$128 -> 0 | F66: =+'원가이체, 판관비 배부현황(VND)'!F72/F$128 -> 102.32263 | G66: =+'원가이체, 판관비 배부현황(VND)'!G72/G$128 -> 0 | H66: =+'원가이체, 판관비 배부현황(VND)'!H72/H$128 -> 0 | I66: =+'원가이체, 판관비 배부현황(VND)'!I72/I$128 -> 0 | J66: =+'원가이체, 판관비 배부현황(VND)'!J72/J$128 -> 0 | ... N66: =+'원가이체, 판관비 배부현황(VND)'!N72/N$128 -> 0 | O66: =SUM(C66:N66) -> 102.32263
B67: 현장원가 (Site Cost) | C67: =+'원가이체, 판관비 배부현황(VND)'!C73/C$128 -> 0 | D67: =+'원가이체, 판관비 배부현황(VND)'!D73/D$128 -> 0 | E67: =+'원가이체, 판관비 배부현황(VND)'!E73/E$128 -> 0 | F67: =+'원가이체, 판관비 배부현황(VND)'!F73/F$128 -> 101.23837 | G67: =+'원가이체, 판관비 배부현황(VND)'!G73/G$128 -> 0 | H67: =+'원가이체, 판관비 배부현황(VND)'!H73/H$128 -> 0 | I67: =+'원가이체, 판관비 배부현황(VND)'!I73/I$128 -> 0 | J67: =+'원가이체, 판관비 배부현황(VND)'!J73/J$128 -> 0 | ... N67: =+'원가이체, 판관비 배부현황(VND)'!N73/N$128 -> 0 | O67: =SUM(C67:N67) -> 101.23837
B68: 본사이체원가 (HQ Transfer) | C68: =+'원가이체, 판관비 배부현황(VND)'!C74/C$128 -> 0 | D68: =+'원가이체, 판관비 배부현황(VND)'!D74/D$128 -> 0 | E68: =+'원가이체, 판관비 배부현황(VND)'!E74/E$128 -> 0 | F68: =+'원가이체, 판관비 배부현황(VND)'!F74/F$128 -> 1.084259 | G68: =+'원가이체, 판관비 배부현황(VND)'!G74/G$128 -> 0 | H68: =+'원가이체, 판관비 배부현황(VND)'!H74/H$128 -> 0 | I68: =+'원가이체, 판관비 배부현황(VND)'!I74/I$128 -> 0 | J68: =+'원가이체, 판관비 배부현황(VND)'!J74/J$128 -> 0 | ... N68: =+'원가이체, 판관비 배부현황(VND)'!N74/N$128 -> 0 | O68: =SUM(C68:N68) -> 1.084259
B69: 판관비 (S&A Exp) | C69: =+'원가이체, 판관비 배부현황(VND)'!C75/C$128 -> 0 | D69: =+'원가이체, 판관비 배부현황(VND)'!D75/D$128 -> 0 | E69: =+'원가이체, 판관비 배부현황(VND)'!E75/E$128 -> 0 | F69: =+'원가이체, 판관비 배부현황(VND)'!F75/F$128 -> 1.8732277 | G69: =+'원가이체, 판관비 배부현황(VND)'!G75/G$128 -> 0 | H69: =+'원가이체, 판관비 배부현황(VND)'!H75/H$128 -> 0 | I69: =+'원가이체, 판관비 배부현황(VND)'!I75/I$128 -> #DIV/0! | J69: =+'원가이체, 판관비 배부현황(VND)'!J75/J$128 -> #DIV/0! | ... N69: =+'원가이체, 판관비 배부현황(VND)'!N75/N$128 -> #DIV/0! | O69: =SUM(C69:N69) -> #DIV/0!
B70: 아국인 인원수 (No. of Emplyee) | C70: =+'원가이체, 판관비 배부현황(VND)'!C76 -> 0 | D70: =+'원가이체, 판관비 배부현황(VND)'!D76 -> 0 | E70: =+'원가이체, 판관비 배부현황(VND)'!E76 -> 0 | F70: =+'원가이체, 판관비 배부현황(VND)'!F76 -> 0 | G70: =+'원가이체, 판관비 배부현황(VND)'!G76 -> 0 | H70: =+'원가이체, 판관비 배부현황(VND)'!H76 -> 0 | I70: =+'원가이체, 판관비 배부현황(VND)'!I76 -> 0 | J70: =+'원가이체, 판관비 배부현황(VND)'!J76 -> 0 | ... N70: =+'원가이체, 판관비 배부현황(VND)'!N76 -> 0 | O70: =SUM(C70:N70) -> 0
A71: Site 28 (Nhon Trach Infra) | B71: 매출 (Sales) | C71: =+'원가이체, 판관비 배부현황(VND)'!C77/C$128 -> 0 | D71: =+'원가이체, 판관비 배부현황(VND)'!D77/D$128 -> 0 | E71: =+'원가이체, 판관비 배부현황(VND)'!E77/E$128 -> 0 | F71: =+'원가이체, 판관비 배부현황(VND)'!F77/F$128 -> 0 | G71: =+'원가이체, 판관비 배부현황(VND)'!G77/G$128 -> -68.935159 | H71: =+'원가이체, 판관비 배부현황(VND)'!H77/H$128 -> 0 | I71: =+'원가이체, 판관비 배부현황(VND)'!I77/I$128 -> 0 | J71: =+'원가이체, 판관비 배부현황(VND)'!J77/J$128 -> 0 | ... N71: =+'원가이체, 판관비 배부현황(VND)'!N77/N$128 -> 0 | O71: =SUM(C71:N71) -> -68.935159
B72: 매출원가 (CGS) | C72: =+'원가이체, 판관비 배부현황(VND)'!C78/C$128 -> 0 | D72: =+'원가이체, 판관비 배부현황(VND)'!D78/D$128 -> 0 | E72: =+'원가이체, 판관비 배부현황(VND)'!E78/E$128 -> 0 | F72: =+'원가이체, 판관비 배부현황(VND)'!F78/F$128 -> 0 | G72: =+'원가이체, 판관비 배부현황(VND)'!G78/G$128 -> -13.499733 | H72: =+'원가이체, 판관비 배부현황(VND)'!H78/H$128 -> 11.022467 | I72: =+'원가이체, 판관비 배부현황(VND)'!I78/I$128 -> 0 | J72: =+'원가이체, 판관비 배부현황(VND)'!J78/J$128 -> 0 | ... N72: =+'원가이체, 판관비 배부현황(VND)'!N78/N$128 -> 0 | O72: =SUM(C72:N72) -> -2.4772659
B73: 현장원가 (Site Cost) | C73: =+'원가이체, 판관비 배부현황(VND)'!C79/C$128 -> 0 | D73: =+'원가이체, 판관비 배부현황(VND)'!D79/D$128 -> 0 | E73: =+'원가이체, 판관비 배부현황(VND)'!E79/E$128 -> 0 | F73: =+'원가이체, 판관비 배부현황(VND)'!F79/F$128 -> 0 | G73: =+'원가이체, 판관비 배부현황(VND)'!G79/G$128 -> -18.478131 | H73: =+'원가이체, 판관비 배부현황(VND)'!H79/H$128 -> 11.022467 | I73: =+'원가이체, 판관비 배부현황(VND)'!I79/I$128 -> 0 | J73: =+'원가이체, 판관비 배부현황(VND)'!J79/J$128 -> 0 | ... N73: =+'원가이체, 판관비 배부현황(VND)'!N79/N$128 -> 0 | O73: =SUM(C73:N73) -> -7.4556635
B74: 본사이체원가 (HQ Transfer) | C74: =+'원가이체, 판관비 배부현황(VND)'!C80/C$128 -> 0 | D74: =+'원가이체, 판관비 배부현황(VND)'!D80/D$128 -> 0 | E74: =+'원가이체, 판관비 배부현황(VND)'!E80/E$128 -> 0 | F74: =+'원가이체, 판관비 배부현황(VND)'!F80/F$128 -> 0 | G74: =+'원가이체, 판관비 배부현황(VND)'!G80/G$128 -> 4.9783976 | H74: =+'원가이체, 판관비 배부현황(VND)'!H80/H$128 -> 0 | I74: =+'원가이체, 판관비 배부현황(VND)'!I80/I$128 -> 0 | J74: =+'원가이체, 판관비 배부현황(VND)'!J80/J$128 -> 0 | ... N74: =+'원가이체, 판관비 배부현황(VND)'!N80/N$128 -> 0 | O74: =SUM(C74:N74) -> 4.9783976
B75: 판관비 (S&A Exp) | C75: =+'원가이체, 판관비 배부현황(VND)'!C81/C$128 -> 0 | D75: =+'원가이체, 판관비 배부현황(VND)'!D81/D$128 -> 0 | E75: =+'원가이체, 판관비 배부현황(VND)'!E81/E$128 -> 0 | F75: =+'원가이체, 판관비 배부현황(VND)'!F81/F$128 -> 0 | G75: =+'원가이체, 판관비 배부현황(VND)'!G81/G$128 -> -0.23156669 | H75: =+'원가이체, 판관비 배부현황(VND)'!H81/H$128 -> 0.15493465 | I75: =+'원가이체, 판관비 배부현황(VND)'!I81/I$128 -> #DIV/0! | J75: =+'원가이체, 판관비 배부현황(VND)'!J81/J$128 -> #DIV/0! | ... N75: =+'원가이체, 판관비 배부현황(VND)'!N81/N$128 -> #DIV/0! | O75: =SUM(C75:N75) -> #DIV/0!
B76: 아국인 인원수 (No. of Employee) | C76: =+'원가이체, 판관비 배부현황(VND)'!C82 -> 0 | D76: =+'원가이체, 판관비 배부현황(VND)'!D82 -> 0 | E76: =+'원가이체, 판관비 배부현황(VND)'!E82 -> 0 | F76: =+'원가이체, 판관비 배부현황(VND)'!F82 -> 0 | G76: =+'원가이체, 판관비 배부현황(VND)'!G82 -> 0 | H76: =+'원가이체, 판관비 배부현황(VND)'!H82 -> 0 | I76: =+'원가이체, 판관비 배부현황(VND)'!I82 -> 0 | J76: =+'원가이체, 판관비 배부현황(VND)'!J82 -> 0 | ... N76: =+'원가이체, 판관비 배부현황(VND)'!N82 -> 0 | O76: =SUM(C76:N76) -> 0
A77: Site 30 (Brokerage for K8HH1 distribution) | B77: 매출 (Sales) | C77: =+'원가이체, 판관비 배부현황(VND)'!C83/C$128 -> 1006.4893 | D77: =+'원가이체, 판관비 배부현황(VND)'!D83/D$128 -> 711.36514 | E77: =+'원가이체, 판관비 배부현황(VND)'!E83/E$128 -> 174.90353 | F77: =+'원가이체, 판관비 배부현황(VND)'!F83/F$128 -> 0 | G77: =+'원가이체, 판관비 배부현황(VND)'!G83/G$128 -> 97.006521 | H77: =+'원가이체, 판관비 배부현황(VND)'!H83/H$128 -> 0 | I77: =+'원가이체, 판관비 배부현황(VND)'!I83/I$128 -> 0 | J77: =+'원가이체, 판관비 배부현황(VND)'!J83/J$128 -> 0 | ... N77: =+'원가이체, 판관비 배부현황(VND)'!N83/N$128 -> 0 | O77: =SUM(C77:N77) -> 1989.7645
B78: 매출원가 (CGS) | C78: =+'원가이체, 판관비 배부현황(VND)'!C84/C$128 -> 230.29736 | D78: =+'원가이체, 판관비 배부현황(VND)'!D84/D$128 -> 76.341116 | E78: =+'원가이체, 판관비 배부현황(VND)'!E84/E$128 -> 61.192211 | F78: =+'원가이체, 판관비 배부현황(VND)'!F84/F$128 -> 0 | G78: =+'원가이체, 판관비 배부현황(VND)'!G84/G$128 -> 72.68149 | H78: =+'원가이체, 판관비 배부현황(VND)'!H84/H$128 -> 0 | I78: =+'원가이체, 판관비 배부현황(VND)'!I84/I$128 -> 0 | J78: =+'원가이체, 판관비 배부현황(VND)'!J84/J$128 -> 0 | ... N78: =+'원가이체, 판관비 배부현황(VND)'!N84/N$128 -> 0 | O78: =SUM(C78:N78) -> 440.51218
B79: 현장원가 (Site Cost) | C79: =+'원가이체, 판관비 배부현황(VND)'!C85/C$128 -> 235.62693 | D79: =+'원가이체, 판관비 배부현황(VND)'!D85/D$128 -> 76.341116 | E79: =+'원가이체, 판관비 배부현황(VND)'!E85/E$128 -> 61.192211 | F79: =+'원가이체, 판관비 배부현황(VND)'!F85/F$128 -> 0 | G79: =+'원가이체, 판관비 배부현황(VND)'!G85/G$128 -> 72.68149 | H79: =+'원가이체, 판관비 배부현황(VND)'!H85/H$128 -> 0 | I79: =+'원가이체, 판관비 배부현황(VND)'!I85/I$128 -> 0 | J79: =+'원가이체, 판관비 배부현황(VND)'!J85/J$128 -> 0 | ... N79: =+'원가이체, 판관비 배부현황(VND)'!N85/N$128 -> 0 | O79: =SUM(C79:N79) -> 445.84174
B80: 본사이체원가 (HQ Transfer) | C80: =+'원가이체, 판관비 배부현황(VND)'!C86/C$128 -> -5.3295648 | D80: =+'원가이체, 판관비 배부현황(VND)'!D86/D$128 -> 0 | E80: =+'원가이체, 판관비 배부현황(VND)'!E86/E$128 -> 0 | F80: =+'원가이체, 판관비 배부현황(VND)'!F86/F$128 -> 0 | G80: =+'원가이체, 판관비 배부현황(VND)'!G86/G$128 -> 0 | H80: =+'원가이체, 판관비 배부현황(VND)'!H86/H$128 -> 0 | I80: =+'원가이체, 판관비 배부현황(VND)'!I86/I$128 -> 0 | J80: =+'원가이체, 판관비 배부현황(VND)'!J86/J$128 -> 0 | ... N80: =+'원가이체, 판관비 배부현황(VND)'!N86/N$128 -> 0 | O80: =SUM(C80:N80) -> -5.3295648
B81: 판관비 (S&A Exp) | C81: =+'원가이체, 판관비 배부현황(VND)'!C87/C$128 -> 0 | D81: =+'원가이체, 판관비 배부현황(VND)'!D87/D$128 -> 0 | E81: =+'원가이체, 판관비 배부현황(VND)'!E87/E$128 -> 0 | F81: =+'원가이체, 판관비 배부현황(VND)'!F87/F$128 -> 0 | G81: =+'원가이체, 판관비 배부현황(VND)'!G87/G$128 -> 0 | H81: =+'원가이체, 판관비 배부현황(VND)'!H87/H$128 -> 0 | I81: =+'원가이체, 판관비 배부현황(VND)'!I87/I$128 -> 0 | J81: =+'원가이체, 판관비 배부현황(VND)'!J87/J$128 -> 0 | ... N81: =+'원가이체, 판관비 배부현황(VND)'!N87/N$128 -> 0 | O81: =SUM(C81:N81) -> 0
B82: 아국인 인원수 (No. of Employee) | C82: =+'원가이체, 판관비 배부현황(VND)'!C88 -> 0 | D82: =+'원가이체, 판관비 배부현황(VND)'!D88 -> 0 | E82: =+'원가이체, 판관비 배부현황(VND)'!E88 -> 0 | F82: =+'원가이체, 판관비 배부현황(VND)'!F88 -> 0 | G82: =+'원가이체, 판관비 배부현황(VND)'!G88 -> 0 | H82: =+'원가이체, 판관비 배부현황(VND)'!H88 -> 0 | I82: =+'원가이체, 판관비 배부현황(VND)'!I88 -> 0 | J82: =+'원가이체, 판관비 배부현황(VND)'!J88 -> 0 | ... N82: =+'원가이체, 판관비 배부현황(VND)'!N88 -> 0 | O82: =SUM(C82:N82) -> 0
A83: Site 31 (Brokerage for H9CT1 & K8HH1 Shophouse distribution) | B83: 매출 (Sales) | E83: =+'원가이체, 판관비 배부현황(VND)'!E89/E$128 -> 0 | F83: =+'원가이체, 판관비 배부현황(VND)'!F89/F$128 -> 0 | G83: =+'원가이체, 판관비 배부현황(VND)'!G89/G$128 -> 0 | H83: =+'원가이체, 판관비 배부현황(VND)'!H89/H$128 -> 0 | I83: =+'원가이체, 판관비 배부현황(VND)'!I89/I$128 -> 0 | J83: =+'원가이체, 판관비 배부현황(VND)'!J89/J$128 -> 0 | K83: =+'원가이체, 판관비 배부현황(VND)'!K89/K$128 -> 0 | L83: =+'원가이체, 판관비 배부현황(VND)'!L89/L$128 -> 0 | ... N83: =+'원가이체, 판관비 배부현황(VND)'!N89/N$128 -> 0 | O83: =SUM(C83:N83) -> 0
B84: 매출원가 (CGS) | C84: =+'원가이체, 판관비 배부현황(VND)'!C90/C$128 -> 0 | D84: =+'원가이체, 판관비 배부현황(VND)'!D90/D$128 -> 0 | E84: =+'원가이체, 판관비 배부현황(VND)'!E90/E$128 -> 0 | F84: =+'원가이체, 판관비 배부현황(VND)'!F90/F$128 -> 0 | G84: =+'원가이체, 판관비 배부현황(VND)'!G90/G$128 -> 0 | H84: =+'원가이체, 판관비 배부현황(VND)'!H90/H$128 -> 0 | I84: =+'원가이체, 판관비 배부현황(VND)'!I90/I$128 -> 0 | J84: =+'원가이체, 판관비 배부현황(VND)'!J90/J$128 -> 0 | ... N84: =+'원가이체, 판관비 배부현황(VND)'!N90/N$128 -> 0 | O84: =SUM(C84:N84) -> 0
B85: 현장원가 (Site Cost) | C85: =+'원가이체, 판관비 배부현황(VND)'!C91/C$128 -> 0 | D85: =+'원가이체, 판관비 배부현황(VND)'!D91/D$128 -> 0 | E85: =+'원가이체, 판관비 배부현황(VND)'!E91/E$128 -> 0 | F85: =+'원가이체, 판관비 배부현황(VND)'!F91/F$128 -> 0 | G85: =+'원가이체, 판관비 배부현황(VND)'!G91/G$128 -> 0 | H85: =+'원가이체, 판관비 배부현황(VND)'!H91/H$128 -> 0 | I85: =+'원가이체, 판관비 배부현황(VND)'!I91/I$128 -> 0 | J85: =+'원가이체, 판관비 배부현황(VND)'!J91/J$128 -> 0 | ... N85: =+'원가이체, 판관비 배부현황(VND)'!N91/N$128 -> 0 | O85: =SUM(C85:N85) -> 0
B86: 본사이체원가 (HQ Transfer) | C86: =+'원가이체, 판관비 배부현황(VND)'!C92/C$128 -> 0 | D86: =+'원가이체, 판관비 배부현황(VND)'!D92/D$128 -> 0 | E86: =+'원가이체, 판관비 배부현황(VND)'!E92/E$128 -> 0 | F86: =+'원가이체, 판관비 배부현황(VND)'!F92/F$128 -> 0 | G86: =+'원가이체, 판관비 배부현황(VND)'!G92/G$128 -> 0 | H86: =+'원가이체, 판관비 배부현황(VND)'!H92/H$128 -> 0 | I86: =+'원가이체, 판관비 배부현황(VND)'!I92/I$128 -> 0 | J86: =+'원가이체, 판관비 배부현황(VND)'!J92/J$128 -> 0 | ... N86: =+'원가이체, 판관비 배부현황(VND)'!N92/N$128 -> 0 | O86: =SUM(C86:N86) -> 0
B87: 판관비 (S&A Exp) | C87: =+'원가이체, 판관비 배부현황(VND)'!C93/C$128 -> 0 | D87: =+'원가이체, 판관비 배부현황(VND)'!D93/D$128 -> 0 | E87: =+'원가이체, 판관비 배부현황(VND)'!E93/E$128 -> 0 | F87: =+'원가이체, 판관비 배부현황(VND)'!F93/F$128 -> 0 | G87: =+'원가이체, 판관비 배부현황(VND)'!G93/G$128 -> 0 | H87: =+'원가이체, 판관비 배부현황(VND)'!H93/H$128 -> 0 | I87: =+'원가이체, 판관비 배부현황(VND)'!I93/I$128 -> 0 | J87: =+'원가이체, 판관비 배부현황(VND)'!J93/J$128 -> 0 | ... N87: =+'원가이체, 판관비 배부현황(VND)'!N93/N$128 -> 0 | O87: =SUM(C87:N87) -> 0
B88: 아국인 인원수 (No. of Employee) | C88: =+'원가이체, 판관비 배부현황(VND)'!C94 -> 0 | D88: =+'원가이체, 판관비 배부현황(VND)'!D94 -> 0 | E88: =+'원가이체, 판관비 배부현황(VND)'!E94 -> 0 | F88: =+'원가이체, 판관비 배부현황(VND)'!F94 -> 0 | G88: =+'원가이체, 판관비 배부현황(VND)'!G94 -> 0 | H88: =+'원가이체, 판관비 배부현황(VND)'!H94 -> 0 | I88: =+'원가이체, 판관비 배부현황(VND)'!I94 -> 0 | J88: =+'원가이체, 판관비 배부현황(VND)'!J94 -> 0 | ... N88: =+'원가이체, 판관비 배부현황(VND)'!N94 -> 0 | O88: =SUM(C88:N88) -> 0
A89: Site 34 (Defect repairing for H9CT1) | B89: 매출 (Sales) | C89: =+'원가이체, 판관비 배부현황(VND)'!C95/C$128 -> 6.7481698 | D89: =+'원가이체, 판관비 배부현황(VND)'!D95/D$128 -> 8.1192796 | E89: =+'원가이체, 판관비 배부현황(VND)'!E95/E$128 -> 52.747582 | F89: =+'원가이체, 판관비 배부현황(VND)'!F95/F$128 -> 78.814431 | G89: =+'원가이체, 판관비 배부현황(VND)'!G95/G$128 -> 2.9020495 | H89: =+'원가이체, 판관비 배부현황(VND)'!H95/H$128 -> -23.184895 | I89: =+'원가이체, 판관비 배부현황(VND)'!I95/I$128 -> 0 | J89: =+'원가이체, 판관비 배부현황(VND)'!J95/J$128 -> 0 | ... N89: =+'원가이체, 판관비 배부현황(VND)'!N95/N$128 -> 0 | O89: =SUM(C89:N89) -> 126.14662
B90: 매출원가 (CGS) | C90: =+'원가이체, 판관비 배부현황(VND)'!C96/C$128 -> 5.5888342 | D90: =+'원가이체, 판관비 배부현황(VND)'!D96/D$128 -> 6.7243874 | E90: =+'원가이체, 판관비 배부현황(VND)'!E96/E$128 -> 43.685548 | F90: =+'원가이체, 판관비 배부현황(VND)'!F96/F$128 -> 65.274112 | G90: =+'원가이체, 판관비 배부현황(VND)'!G96/G$128 -> 2.4034774 | H90: =+'원가이체, 판관비 배부현황(VND)'!H96/H$128 -> 5.2927607 | I90: =+'원가이체, 판관비 배부현황(VND)'!I96/I$128 -> 0 | J90: =+'원가이체, 판관비 배부현황(VND)'!J96/J$128 -> 0 | ... N90: =+'원가이체, 판관비 배부현황(VND)'!N96/N$128 -> 0 | O90: =SUM(C90:N90) -> 128.96912
B91: 현장원가 (Site Cost) | C91: =+'원가이체, 판관비 배부현황(VND)'!C97/C$128 -> 5.9736379 | D91: =+'원가이체, 판관비 배부현황(VND)'!D97/D$128 -> 6.6444877 | E91: =+'원가이체, 판관비 배부현황(VND)'!E97/E$128 -> 42.809802 | F91: =+'원가이체, 판관비 배부현황(VND)'!F97/F$128 -> 64.597176 | G91: =+'원가이체, 판관비 배부현황(VND)'!G97/G$128 -> 0.81489364 | H91: =+'원가이체, 판관비 배부현황(VND)'!H97/H$128 -> 5.2461509 | I91: =+'원가이체, 판관비 배부현황(VND)'!I97/I$128 -> 0 | J91: =+'원가이체, 판관비 배부현황(VND)'!J97/J$128 -> 0 | ... N91: =+'원가이체, 판관비 배부현황(VND)'!N97/N$128 -> 0 | O91: =SUM(C91:N91) -> 126.08615
B92: 본사이체원가 (HQ Transfer) | C92: =+'원가이체, 판관비 배부현황(VND)'!C98/C$128 -> -0.38480368 | D92: =+'원가이체, 판관비 배부현황(VND)'!D98/D$128 -> 0.079899617 | E92: =+'원가이체, 판관비 배부현황(VND)'!E98/E$128 -> 0.87574547 | F92: =+'원가이체, 판관비 배부현황(VND)'!F98/F$128 -> 0.67693554 | G92: =+'원가이체, 판관비 배부현황(VND)'!G98/G$128 -> 1.5885837 | H92: =+'원가이체, 판관비 배부현황(VND)'!H98/H$128 -> 0.046609732 | I92: =+'원가이체, 판관비 배부현황(VND)'!I98/I$128 -> 0 | J92: =+'원가이체, 판관비 배부현황(VND)'!J98/J$128 -> 0 | ... N92: =+'원가이체, 판관비 배부현황(VND)'!N98/N$128 -> 0 | O92: =SUM(C92:N92) -> 2.8829704
B93: 판관비 (S&A Exp) | C93: =+'원가이체, 판관비 배부현황(VND)'!C99/C$128 -> 1.5700085 | D93: =+'원가이체, 판관비 배부현황(VND)'!D99/D$128 -> 0.131633 | E93: =+'원가이체, 판관비 배부현황(VND)'!E99/E$128 -> 1.530199 | F93: =+'원가이체, 판관비 배부현황(VND)'!F99/F$128 -> 1.1949778 | G93: =+'원가이체, 판관비 배부현황(VND)'!G99/G$128 -> 0.041227882 | H93: =+'원가이체, 판관비 배부현황(VND)'!H99/H$128 -> 0.074396427 | I93: =+'원가이체, 판관비 배부현황(VND)'!I99/I$128 -> #DIV/0! | J93: =+'원가이체, 판관비 배부현황(VND)'!J99/J$128 -> #DIV/0! | ... N93: =+'원가이체, 판관비 배부현황(VND)'!N99/N$128 -> #DIV/0! | O93: =SUM(C93:N93) -> #DIV/0!
B94: 아국인 인원수 (No. of Employee) | C94: =+'원가이체, 판관비 배부현황(VND)'!C100 -> 0 | D94: =+'원가이체, 판관비 배부현황(VND)'!D100 -> 0 | E94: =+'원가이체, 판관비 배부현황(VND)'!E100 -> 0 | F94: =+'원가이체, 판관비 배부현황(VND)'!F100 -> 0 | G94: =+'원가이체, 판관비 배부현황(VND)'!G100 -> 0 | H94: =+'원가이체, 판관비 배부현황(VND)'!H100 -> 0 | I94: =+'원가이체, 판관비 배부현황(VND)'!I100 -> 0 | J94: =+'원가이체, 판관비 배부현황(VND)'!J100 -> 0 | ... N94: =+'원가이체, 판관비 배부현황(VND)'!N100 -> 0 | O94: =SUM(C94:N94) -> 0
A95: Site 35 (Precons K2HH1) | B95: 매출 (Sales) | C95: =+'원가이체, 판관비 배부현황(VND)'!C101/C$128 -> 0 | D95: =+'원가이체, 판관비 배부현황(VND)'!D101/D$128 -> 0 | E95: =+'원가이체, 판관비 배부현황(VND)'!E101/E$128 -> 0 | F95: =+'원가이체, 판관비 배부현황(VND)'!F101/F$128 -> 0 | G95: =+'원가이체, 판관비 배부현황(VND)'!G101/G$128 -> 0 | H95: =+'원가이체, 판관비 배부현황(VND)'!H101/H$128 -> 0 | I95: =+'원가이체, 판관비 배부현황(VND)'!I101/I$128 -> 0 | J95: =+'원가이체, 판관비 배부현황(VND)'!J101/J$128 -> 0 | ... N95: =+'원가이체, 판관비 배부현황(VND)'!N101/N$128 -> 0 | O95: =SUM(C95:N95) -> 0
B96: 매출원가 (CGS) | C96: =+'원가이체, 판관비 배부현황(VND)'!C102/C$128 -> 0 | D96: =+'원가이체, 판관비 배부현황(VND)'!D102/D$128 -> 0 | E96: =+'원가이체, 판관비 배부현황(VND)'!E102/E$128 -> 0 | F96: =+'원가이체, 판관비 배부현황(VND)'!F102/F$128 -> 0 | G96: =+'원가이체, 판관비 배부현황(VND)'!G102/G$128 -> 0 | H96: =+'원가이체, 판관비 배부현황(VND)'!H102/H$128 -> 0 | I96: =+'원가이체, 판관비 배부현황(VND)'!I102/I$128 -> 0 | J96: =+'원가이체, 판관비 배부현황(VND)'!J102/J$128 -> 0 | ... N96: =+'원가이체, 판관비 배부현황(VND)'!N102/N$128 -> 0 | O96: =SUM(C96:N96) -> 0
B97: 현장원가 (Site Cost) | C97: =+'원가이체, 판관비 배부현황(VND)'!C103/C$128 -> 0 | D97: =+'원가이체, 판관비 배부현황(VND)'!D103/D$128 -> 0 | E97: =+'원가이체, 판관비 배부현황(VND)'!E103/E$128 -> 0 | F97: =+'원가이체, 판관비 배부현황(VND)'!F103/F$128 -> 0 | G97: =+'원가이체, 판관비 배부현황(VND)'!G103/G$128 -> 0 | H97: =+'원가이체, 판관비 배부현황(VND)'!H103/H$128 -> 0 | I97: =+'원가이체, 판관비 배부현황(VND)'!I103/I$128 -> 0 | J97: =+'원가이체, 판관비 배부현황(VND)'!J103/J$128 -> 0 | ... N97: =+'원가이체, 판관비 배부현황(VND)'!N103/N$128 -> 0 | O97: =SUM(C97:N97) -> 0
B98: 본사이체원가 (HQ Transfer) | C98: =+'원가이체, 판관비 배부현황(VND)'!C104/C$128 -> 0 | D98: =+'원가이체, 판관비 배부현황(VND)'!D104/D$128 -> 0 | E98: =+'원가이체, 판관비 배부현황(VND)'!E104/E$128 -> 0 | F98: =+'원가이체, 판관비 배부현황(VND)'!F104/F$128 -> 0 | G98: =+'원가이체, 판관비 배부현황(VND)'!G104/G$128 -> 0 | H98: =+'원가이체, 판관비 배부현황(VND)'!H104/H$128 -> 0 | I98: =+'원가이체, 판관비 배부현황(VND)'!I104/I$128 -> 0 | J98: =+'원가이체, 판관비 배부현황(VND)'!J104/J$128 -> 0 | ... N98: =+'원가이체, 판관비 배부현황(VND)'!N104/N$128 -> 0 | O98: =SUM(C98:N98) -> 0
B99: 판관비 (S&A Exp) | C99: =+'원가이체, 판관비 배부현황(VND)'!C105/C$128 -> 0 | D99: =+'원가이체, 판관비 배부현황(VND)'!D105/D$128 -> 0 | E99: =+'원가이체, 판관비 배부현황(VND)'!E105/E$128 -> 0 | F99: =+'원가이체, 판관비 배부현황(VND)'!F105/F$128 -> 0 | G99: =+'원가이체, 판관비 배부현황(VND)'!G105/G$128 -> 0 | H99: =+'원가이체, 판관비 배부현황(VND)'!H105/H$128 -> 0 | I99: =+'원가이체, 판관비 배부현황(VND)'!I105/I$128 -> 0 | J99: =+'원가이체, 판관비 배부현황(VND)'!J105/J$128 -> 0 | ... N99: =+'원가이체, 판관비 배부현황(VND)'!N105/N$128 -> 0 | O99: =SUM(C99:N99) -> 0
B100: 아국인 인원수 (No. of Employee) | C100: =+'원가이체, 판관비 배부현황(VND)'!C106 -> 0 | D100: =+'원가이체, 판관비 배부현황(VND)'!D106 -> 0 | E100: =+'원가이체, 판관비 배부현황(VND)'!E106 -> 0 | F100: =+'원가이체, 판관비 배부현황(VND)'!F106 -> 0 | G100: =+'원가이체, 판관비 배부현황(VND)'!G106 -> 0 | H100: =+'원가이체, 판관비 배부현황(VND)'!H106 -> 0 | I100: =+'원가이체, 판관비 배부현황(VND)'!I106 -> 0 | J100: =+'원가이체, 판관비 배부현황(VND)'!J106 -> 0 | ... N100: =+'원가이체, 판관비 배부현황(VND)'!N106 -> 0 | O100: =SUM(C100:N100) -> 0
A101: Site 36 (Pile testing B1CC4) | B101: 매출 (Sales) | C101: =+'원가이체, 판관비 배부현황(VND)'!C107/C$128 -> 0 | D101: =+'원가이체, 판관비 배부현황(VND)'!D107/D$128 -> 71.966079 | E101: =+'원가이체, 판관비 배부현황(VND)'!E107/E$128 -> 0 | F101: =+'원가이체, 판관비 배부현황(VND)'!F107/F$128 -> 0 | G101: =+'원가이체, 판관비 배부현황(VND)'!G107/G$128 -> 0 | H101: =+'원가이체, 판관비 배부현황(VND)'!H107/H$128 -> 0 | I101: =+'원가이체, 판관비 배부현황(VND)'!I107/I$128 -> 0 | J101: =+'원가이체, 판관비 배부현황(VND)'!J107/J$128 -> 0 | ... N101: =+'원가이체, 판관비 배부현황(VND)'!N107/N$128 -> 0 | O101: =SUM(C101:N101) -> 71.966079
...

Sheet Reparing Cost
A3: SUMMARY OF REPAIRING COST ALLOWANCE
A5: SITE | B5: DESCRIPTION | C5: DATE OF COMPLETION | D5: WARRANTY PERIOD | E5: FINAL CONTRACT AMOUNT | F5: RATE | G5: REPAIRING COST ALLOWANCE | H5: 2025 | I5: 2026 | X5: REMARK
H6: REMAINING AMOUNT | I6: Jan | J6: Feb | K6: Mar | L6: Apr | M6: May | N6: Jun | O6: Jul | P6: Aug | Q6: Sep | R6: Oct | S6: Nov | T6: Dec | U6: TOTAL | V6: REFUND | W6: REMAINING AMOUNT
A7: A | B7: B | C7: C | E7: 1 | F7: 2 | G7: 3=1*2 | H7: 5=3-4
A8: 1 | B8: Villa - Infra Phase 1 | C8: Mar.2020 ~ Mar.2022 | E8: =E9+E10 -> 1311159373245 | G8: =G9+G10 -> 10724957525 | H8: 0 | I8: =I9+I10 -> 0 | U8: =SUM(H8:I8) -> 0 | V8: 0 | W8: 0
B9: Villa part | E9: 949521088397 | F9: 0.0108 | G9: =ROUND(F9*E9,0) -> 10254827755 | H9: 0 | U9: =SUM(H9:I9) -> 0 | V9: 0 | W9: 0
B10: Infra part | E10: 361638284848 | F10: 0.0013 | G10: =ROUND(F10*E10,0) -> 470129770 | H10: 0 | U10: =SUM(H10:I10) -> 0 | V10: 0 | W10: 0
A11: 03 | B11: H9CT1 | C11: Dec.2020 ~ Dec.2022 | E11: 2166776114349 | F11: 0.0096 | G11: =ROUND(F11*E11,0) -> 20801050698 | H11: 0 | U11: =SUM(I11:I11) -> 0 | V11: 0 | W11: 0
A12: 07 | B12: Villa K3 | C12: Dec.2021 ~ Dec.2023 | E12: 516092416153 | F12: 0.008 | G12: =ROUND(F12*E12,0) -> 4128739329 | H12: 0 | U12: =SUM(I12:I12) -> 0 | V12: 0 | W12: =H12-U12-V12 -> 0
A13: 10 | B13: Villa K5K7 | C13: Nov.2022~Nov.2024 | E13: 531271745117 | F13: 0.0115 | G13: =ROUND(F13*E13,0) -> 6109625069 | H13: 0 | U13: =+SUM(I13:I13) -> 0 | W13: =H13+U13+V13 -> 0
A14: 24 | B14: Operation office & mock-up house of THT | C14: Apr.2024~Apr.2025 | E14: 8804407658 | F14: 0.0032 | G14: =ROUND(F14*E14,0) -> 28174105 | H14: 0 | U14: =+SUM(I14:I14) -> 0 | V14: 0 | W14: =H14+U14+V14 -> 0
A15: 18 | B15: Construction K8CT1 | F15: 0.0116 | H15: 1609227132 | I15: 24043038 | J15: 388555008 | K15: =+'Summary 2026'!G51 -> 180533745 | L15: 446827079 | M15: 885361893 | N15: 1243643234 | U15: =+SUM(I15:T15) -> 3168963997 | W15: =H15+U15+V15 -> 4778191129 | X15: Long-term
A16: 23 | B16: Construction K8HH1 | F16: 0.0063 | G16: 0 | H16: 6226370228 | I16: 28534009 | J16: 558604649 | K16: =+'Summary 2026'!G52 -> 290765752 | L16: 588246657 | M16: 874949579 | N16: 562698907 | U16: =+SUM(I16:T16) -> 2903799553 | W16: =H16+U16+V16 -> 9130169781 | X16: Long-term
A17: 27 | B17: Mockup house of THT-Phase 2 | C17: 46126 | D17: 12 months | E17: 45888984025 | F17: 0.0032 | G17: =+F17*E17 -> 1.4684475e+08 | H17: 136755746 | K17: =+'Summary 2026'!G53 -> 0 | L17: 10089003 | U17: =+SUM(I17:T17) -> 10089003 | W17: =H17+U17+V17 -> 146844749 | X17: Short-term
A18: 28 | B18: Nhon Trach Infra | D18: 12 months | F18: 0.0014 | G18: 0 | H18: 301880813 | K18: =+'Summary 2026'!G54 -> 0 | M18: -2540606 | U18: =+SUM(I18:T18) -> -2540606 | W18: =H18+U18+V18 -> 299340207 | X18: Short-term
A19: TOTAL | G19: =+SUM(G16:G18) -> 1.4684475e+08 | H19: =+SUM(H15:H18) -> 8274233919 | I19: =+SUM(I15:I18) -> 52577047 | J19: =+SUM(J15:J18) -> 947159657 | K19: =+SUM(K15:K18) -> 471299497 | L19: =+SUM(L15:L18) -> 1045162739 | M19: =+SUM(M15:M18) -> 1757770866 | N19: =+SUM(N15:N18) -> 1806342141 | O19: =+SUM(O15:O18) -> 0 | ... W19: =+SUM(W15:W18) -> 14354545866

Sheet Summary 2026
D1: DAEWOO VINA
D2: SUMMARY SALES + COGS 2026
E3: =+SUBTOTAL(9,E9:E23) -> 61352023012 | F3: =+SUBTOTAL(9,F9:F27) -> 146586099975 | G3: =+SUBTOTAL(9,G9:G26) -> 90817850714 | H3: =+SUBTOTAL(9,H9:H26) -> 138006342444 | I3: =+SUBTOTAL(9,I9:I23) -> 209788460017 | J3: =+SUBTOTAL(9,J9:J28) -> 196741611577 | K3: =+SUBTOTAL(9,K9:K23) -> 0 | L3: =+SUBTOTAL(9,L9:L23) -> 0 | M3: =+SUBTOTAL(9,M9:M24) -> 0 | N3: =+SUBTOTAL(9,N9:N24) -> 0 | O3: =+SUBTOTAL(9,O9:O24) -> 0 | P3: =+SUBTOTAL(9,P9:P24) -> 0 | Q3: =+SUBTOTAL(9,Q9:Q24) -> 831607991796
E4: =+SUBTOTAL(9,E30:E55) -> 31422009296 | F4: =+SUBTOTAL(9,F30:F56) -> 113338911619 | G4: =+SUBTOTAL(9,G30:G56) -> 65100801201 | H4: =+SUBTOTAL(9,H30:H56) -> 120738364051 | I4: =+SUBTOTAL(9,I30:I56) -> 182028135308 | J4: =+SUBTOTAL(9,J30:J56) -> 169887161193 | K4: =+SUBTOTAL(9,K30:K56) -> 0 | L4: =+SUBTOTAL(9,L30:L56) -> 0 | M4: =+SUBTOTAL(9,M30:M56) -> 0 | ... Q4: =+SUBTOTAL(9,Q30:Q56) -> 682515382668
D5: Month | E5: 2026
E6: VND | R6: TOTAL up to 2026 | S6: 1000 USD
E7: 46023 | F7: 46054 | G7: 46082 | H7: 46113 | I7: 46143 | J7: 46174 | K7: 46204 | L7: 46235 | M7: 46266 | N7: 46296 | O7: 46327 | P7: 46357 | Q7: Total VND | S7: 46023 | T7: 46054 | U7: 46082 | V7: 46113 | W7: 46143 | X7: 46174 | Y7: 46204 | Z7: 46235 | AA7: 46266 | AB7: 46296 | AC7: 46327 | AD7: 46357 | AE7: Total 1000 USD
D8: Revenue | E8: =SUM(E9:E27) -> 61352023012 | F8: =SUM(F9:F27) -> 146586099975 | G8: =SUM(G9:G27) -> 90817850714 | H8: =SUM(H9:H27) -> 138006342444 | I8: =SUM(I9:I28) -> 211247592323 | J8: =SUM(J9:J28) -> 196741611577 | K8: =SUM(K9:K28) -> 0 | L8: =SUM(L9:L28) -> 0 | M8: =SUM(M9:M28) -> 0 | N8: =SUM(N9:N28) -> 0 | O8: =SUM(O9:O28) -> 0 | P8: =SUM(P9:P28) -> 0 | ... AE8: =SUM(AE9:AE28) -> 32162.807 | AF8: =+X8-'[1]IS (01)'!$F$6 -> 0 | AG8: =+AE8-'[1]IS (01)'!$G$6 -> 0.0072019848
A9: SITE05 | C9: O&M | D9: SITE05 - Infra Management | E9: 1593627000 | F9: 1593627000 | G9: 2143475816 | Q9: =SUM(E9:P9) -> 5330729816 | R9: =+Q9+'Summary 2025'!Q9 -> 123969759233 | S9: =E9/$S$55 -> 61.309853 | T9: =F9/$T$55 -> 61.081909 | U9: =G9/$U$55 -> 81.296966 | V9: =H9/$V$55 -> 0 | W9: =I9/$W$55 -> 0 | X9: =ROUND(J9/$X$55,2) -> 0 | Y9: =K9/$Y$55 -> 0 | Z9: =ROUND(L9/$Z$55,2) -> 0 | AA9: =ROUND(M9/$AA$55,2) -> 0 | AB9: =ROUND(N9/$AB$55,2) -> 0 | AC9: =ROUND(O9/$AC$55,2) -> 0 | AD9: =ROUND(P9/$AD$55,2) -> 0 | AE9: =SUM(S9:AD9) -> 203.68873
A10: SITE06 | B10: Infra | C10: Construction | D10: SITE06 - Infra Phase II | E10: 1542200224 | F10: 9761784424 | G10: 8010675534 | H10: 9796332935 | I10: 9416448788 | J10: 9123243464 | Q10: =SUM(E10:P10) -> 47650685369 | R10: =+Q10+'Summary 2025'!Q10 -> 1.1368545e+12 | S10: =E10/$S$55 -> 59.331367 | T10: =F10/$T$55 -> 374.15808 | U10: =G10/$U$55 -> 303.82597 | V10: =H10/$V$55 -> 371.6504 | W10: =I10/$W$55 -> 357.69986 | X10: =ROUND(J10/$X$55,2) -> 346.83 | Y10: =K10/$Y$55 -> 0 | Z10: =ROUND(L10/$Z$55,2) -> 0 | AA10: =ROUND(M10/$AA$55,2) -> 0 | AB10: =ROUND(N10/$AB$55,2) -> 0 | AC10: =ROUND(O10/$AC$55,2) -> 0 | AD10: =ROUND(P10/$AD$55,2) -> 0 | AE10: =SUM(S10:AD10) -> 1813.4957
A11: SITE08 | C11: Consulting | D11: SITE08 - B3CC1 | G11: 0 | I11: 0 | Q11: =SUM(E11:P11) -> 0 | R11: =+Q11+'Summary 2025'!Q11 -> 104618100000 | S11: =E11/$S$55 -> 0 | T11: =F11/$T$55 -> 0 | U11: =G11/$U$55 -> 0 | V11: =H11/$V$55 -> 0 | W11: =I11/$W$55 -> 0 | X11: =ROUND(J11/$X$55,2) -> 0 | Y11: =K11/$Y$55 -> 0 | Z11: =ROUND(L11/$Z$55,2) -> 0 | AA11: =ROUND(M11/$AA$55,2) -> 0 | AB11: =ROUND(N11/$AB$55,2) -> 0 | AC11: =ROUND(O11/$AC$55,2) -> 0 | AD11: =ROUND(P11/$AD$55,2) -> 0 | AE11: =SUM(S11:AD11) -> 0
A12: =+LEFT(D12,6) -> SITE14 | C12: Consulting | D12: SITE14 - B1CC4 | E12: 4774000000 | G12: 0 | I12: 0 | Q12: =SUM(E12:P12) -> 4774000000 | R12: =+Q12+'Summary 2025'!Q12 -> 38192000000 | S12: =E12/$S$55 -> 183.66483 | T12: =F12/$T$55 -> 0 | U12: =G12/$U$55 -> 0 | V12: =H12/$V$55 -> 0 | W12: =I12/$W$55 -> 0 | X12: =ROUND(J12/$X$55,2) -> 0 | Y12: =K12/$Y$55 -> 0 | Z12: =ROUND(L12/$Z$55,2) -> 0 | AA12: =ROUND(M12/$AA$55,2) -> 0 | AB12: =ROUND(N12/$AB$55,2) -> 0 | AC12: =ROUND(O12/$AC$55,2) -> 0 | AD12: =ROUND(P12/$AD$55,2) -> 0 | AE12: =SUM(S12:AD12) -> 183.66483
A13: =+LEFT(D13,6) -> SITE16 | C13: Consulting | D13: SITE16 - Precons K8CT1 | G13: 0 | I13: 0 | Q13: =SUM(E13:P13) -> 0 | R13: =+Q13+'Summary 2025'!Q13 -> 39781808000 | S13: =E13/$S$55 -> 0 | T13: =F13/$T$55 -> 0 | U13: =G13/$U$55 -> 0 | V13: =H13/$V$55 -> 0 | W13: =I13/$W$55 -> 0 | X13: =ROUND(J13/$X$55,2) -> 0 | Y13: =K13/$Y$55 -> 0 | Z13: =ROUND(L13/$Z$55,2) -> 0 | AA13: =ROUND(M13/$AA$55,2) -> 0 | AB13: =ROUND(N13/$AB$55,2) -> 0 | AC13: =ROUND(O13/$AC$55,2) -> 0 | AD13: =ROUND(P13/$AD$55,2) -> 0 | AE13: =SUM(S13:AD13) -> 0
A14: =+LEFT(D14,6) -> SITE17 | C14: Consulting | D14: SITE17 - H1HH1 | E14: 18604651000 | G14: 9302325000 | I14: 0 | Q14: =SUM(E14:P14) -> 27906976000 | R14: =+Q14+'Summary 2025'!Q14 -> 27906976000 | S14: =E14/$S$55 -> 715.7562 | T14: =F14/$T$55 -> 0 | U14: =G14/$U$55 -> 352.81518 | V14: =H14/$V$55 -> 0 | W14: =I14/$W$55 -> 0 | X14: =ROUND(J14/$X$55,2) -> 0 | Y14: =K14/$Y$55 -> 0 | Z14: =ROUND(L14/$Z$55,2) -> 0 | AA14: =ROUND(M14/$AA$55,2) -> 0 | AB14: =ROUND(N14/$AB$55,2) -> 0 | AC14: =ROUND(O14/$AC$55,2) -> 0 | AD14: =ROUND(P14/$AD$55,2) -> 0 | AE14: =SUM(S14:AD14) -> 1068.5714
A15: =+LEFT(D15,6) -> SITE18 | B15: Housing | C15: Construction | D15: SITE18 - Construction K8CT1 | E15: 2072675730 | F15: 33496121350 | G15: 15563253849 | H15: 38519575773 | I15: 76324301108 | J15: 107210623606 | Q15: =SUM(E15:P15) -> 273186551416 | R15: =+Q15+'Summary 2025'!Q15 -> 411913028309 | S15: =E15/$S$55 -> 79.739766 | T15: =F15/$T$55 -> 1283.8682 | U15: =G15/$U$55 -> 590.2774 | V15: =H15/$V$55 -> 1461.3444 | W15: =I15/$W$55 -> 2899.3087 | X15: =ROUND(J15/$X$55,2) -> 4075.67 | Y15: =K15/$Y$55 -> 0 | Z15: =ROUND(L15/$Z$55,2) -> 0 | AA15: =ROUND(M15/$AA$55,2) -> 0 | AB15: =ROUND(N15/$AB$55,2) -> 0 | AC15: =ROUND(O15/$AC$55,2) -> 0 | AD15: =ROUND(P15/$AD$55,2) -> 0 | AE15: =SUM(S15:AD15) -> 10390.208
A16: =+LEFT(D16,6) -> SITE20 | C16: Consulting | D16: SITE20 - Precons K2CT1 | G16: 0 | I16: 0 | Q16: =SUM(E16:P16) -> 0 | R16: =+Q16+'Summary 2025'!Q16 -> 23822780000 | S16: =E16/$S$55 -> 0 | T16: =F16/$T$55 -> 0 | U16: =G16/$U$55 -> 0 | V16: =H16/$V$55 -> 0 | W16: =I16/$W$55 -> 0 | X16: =ROUND(J16/$X$55,2) -> 0 | Y16: =K16/$Y$55 -> 0 | Z16: =ROUND(L16/$Z$55,2) -> 0 | AA16: =ROUND(M16/$AA$55,2) -> 0 | AB16: =ROUND(N16/$AB$55,2) -> 0 | AC16: =ROUND(O16/$AC$55,2) -> 0 | AD16: =ROUND(P16/$AD$55,2) -> 0 | AE16: =SUM(S16:AD16) -> 0
A17: =+LEFT(D17,6) -> SITE22 | C17: O&M | D17: SITE22 - Villa H&K Management | E17: 2408912500 | F17: 2408912500 | G17: 2408912500 | I17: 0 | Q17: =SUM(E17:P17) -> 7226737500 | R17: =+Q17+'Summary 2025'!Q17 -> 78652162500 | S17: =E17/$S$55 -> 92.675432 | T17: =F17/$T$55 -> 92.330874 | U17: =G17/$U$55 -> 91.364352 | V17: =H17/$V$55 -> 0 | W17: =I17/$W$55 -> 0 | X17: =ROUND(J17/$X$55,2) -> 0 | Y17: =K17/$Y$55 -> 0 | Z17: =ROUND(L17/$Z$55,2) -> 0 | AA17: =ROUND(M17/$AA$55,2) -> 0 | AB17: =ROUND(N17/$AB$55,2) -> 0 | AC17: =ROUND(O17/$AC$55,2) -> 0 | AD17: =ROUND(P17/$AD$55,2) -> 0 | AE17: =SUM(S17:AD17) -> 276.37066
A18: =+LEFT(D18,6) -> SITE23 | B18: Housing | C18: Construction | D18: SITE23 - Construction K8HH1 | E18: 4018874509 | F18: 78676711142 | G18: 40952922858 | H18: 82851641855 | I18: 123232335065 | J18: 79253367236 | Q18: =SUM(E18:P18) -> 408985852665 | R18: =+Q18+'Summary 2025'!Q18 -> 1285939405969 | S18: =E18/$S$55 -> 154.61372 | T18: =F18/$T$55 -> 3015.5888 | U18: =G18/$U$55 -> 1553.2475 | V18: =H18/$V$55 -> 3143.2013 | W18: =I18/$W$55 -> 4681.1903 | X18: =ROUND(J18/$X$55,2) -> 3012.86 | Y18: =K18/$Y$55 -> 0 | Z18: =ROUND(L18/$Z$55,2) -> 0 | AA18: =ROUND(M18/$AA$55,2) -> 0 | AB18: =ROUND(N18/$AB$55,2) -> 0 | AC18: =ROUND(O18/$AC$55,2) -> 0 | AD18: =ROUND(P18/$AD$55,2) -> 0 | AE18: =SUM(S18:AD18) -> 15560.702
A19: =+LEFT(D19,6) -> SITE27 | B19: Housing | C19: Construction | D19: SITE27 - Mockup house of THT-Phase 2 | G19: 0 | H19: 3152813293 | I19: 0 | Q19: =SUM(E19:P19) -> 3152813293 | R19: =+Q19+'Summary 2025'!Q19 -> 45888984025 | S19: =E19/$S$55 -> 0 | T19: =F19/$T$55 -> 0 | U19: =G19/$U$55 -> 0 | V19: =H19/$V$55 -> 119.6105 | W19: =I19/$W$55 -> 0 | X19: =ROUND(J19/$X$55,2) -> 0 | Y19: =K19/$Y$55 -> 0 | Z19: =ROUND(L19/$Z$55,2) -> 0 | AA19: =ROUND(M19/$AA$55,2) -> 0 | AB19: =ROUND(N19/$AB$55,2) -> 0 | AC19: =ROUND(O19/$AC$55,2) -> 0 | AD19: =ROUND(P19/$AD$55,2) -> 0 | AE19: =SUM(S19:AD19) -> 119.6105
A20: =+LEFT(D20,6) -> SITE28 | B20: Infra | C20: Construction | D20: SITE28 - Nhon Trach Infra | G20: 0 | I20: -1814718058 | Q20: =SUM(E20:P20) -> -1814718058 | R20: =+Q20+'Summary 2025'!Q20 -> 213814433247 | S20: =E20/$S$55 -> 0 | T20: =F20/$T$55 -> 0 | U20: =G20/$U$55 -> 0 | V20: =H20/$V$55 -> 0 | W20: =I20/$W$55 -> -68.935159 | X20: =ROUND(J20/$X$55,2) -> 0 | Y20: =K20/$Y$55 -> 0 | Z20: =ROUND(L20/$Z$55,2) -> 0 | AA20: =ROUND(M20/$AA$55,2) -> 0 | AB20: =ROUND(N20/$AB$55,2) -> 0 | AC20: =ROUND(O20/$AC$55,2) -> 0 | AD20: =ROUND(P20/$AD$55,2) -> 0 | AE20: =SUM(S20:AD20) -> -68.935159
A21: =+LEFT(D21,6) -> SITE30 | C21: Consulting | D21: SITE30 - Brokerage for K8HH1 Building distribution | E21: 26161676872 | F21: 18559516555 | G21: 4611506400 | I21: 2553696661 | Q21: =SUM(E21:P21) -> 51886396488 | R21: =+Q21+'Summary 2025'!Q22 -> 237856652925 | S21: =E21/$S$55 -> 1006.4893 | T21: =F21/$T$55 -> 711.36514 | U21: =G21/$U$55 -> 174.90353 | V21: =H21/$V$55 -> 0 | W21: =I21/$W$55 -> 97.006521 | X21: =ROUND(J21/$X$55,2) -> 0 | Y21: =K21/$Y$55 -> 0 | Z21: =ROUND(L21/$Z$55,2) -> 0 | AA21: =ROUND(M21/$AA$55,2) -> 0 | AB21: =ROUND(N21/$AB$55,2) -> 0 | AC21: =ROUND(O21/$AC$55,2) -> 0 | AD21: =ROUND(P21/$AD$55,2) -> 0 | AE21: =SUM(S21:AD21) -> 1989.7645
A22: =+LEFT(D22,6) -> SITE31 | C22: Consulting | D22: SITE31 - Brokerage for H9CT1 & K8HH1 Shophouse distribution | G22: 0 | I22: 0 | Q22: =SUM(E22:P22) -> 0 | R22: =+Q22+'Summary 2025'!Q23 -> 0 | S22: =E22/$S$55 -> 0 | T22: =F22/$T$55 -> 0 | U22: =G22/$U$55 -> 0 | V22: =H22/$V$55 -> 0 | W22: =I22/$W$55 -> 0 | X22: =ROUND(J22/$X$55,2) -> 0 | Y22: =K22/$Y$55 -> 0 | Z22: =ROUND(L22/$Z$55,2) -> 0 | AA22: =ROUND(M22/$AA$55,2) -> 0 | AB22: =ROUND(N22/$AB$55,2) -> 0 | AC22: =ROUND(O22/$AC$55,2) -> 0 | AD22: =ROUND(P22/$AD$55,2) -> 0 | AE22: =SUM(S22:AD22) -> 0
A23: =+LEFT(D23,6) -> SITE34 | B23: Housing | C23: Construction | D23: SITE34 - Defect repairing for H9CT1 | E23: 175405177 | F23: 211832004 | G23: 1390742757 | H23: 2077469588 | I23: 76396453 | J23: -609878672 | Q23: =SUM(E23:P23) -> 3321967307 | R23: =+Q23+'Summary 2025'!Q26 -> 20334632038 | S23: =E23/$S$55 -> 6.7481698 | T23: =F23/$T$55 -> 8.1192796 | U23: =G23/$U$55 -> 52.747582 | V23: =H23/$V$55 -> 78.814431 | W23: =I23/$W$55 -> 2.9020495 | X23: =ROUND(J23/$X$55,2) -> -23.18 | Y23: =K23/$Y$55 -> 0 | Z23: =ROUND(L23/$Z$55,2) -> 0 | AA23: =ROUND(M23/$AA$55,2) -> 0 | AB23: =ROUND(N23/$AB$55,2) -> 0 | AC23: =ROUND(O23/$AC$55,2) -> 0 | AD23: =ROUND(P23/$AD$55,2) -> 0 | AE23: =SUM(S23:AD23) -> 126.15151
A24: =+LEFT(D24,6) -> SITE35 | C24: Consulting | D24: SITE35 - Precons K2HH1 | G24: 0 | I24: 0 | Q24: =SUM(E24:P24) -> 0 | R24: =+Q24+'Summary 2025'!Q27 -> 10120000000 | S24: =E24/$S$55 -> 0 | T24: =F24/$T$55 -> 0 | U24: =G24/$U$55 -> 0 | V24: =H24/$V$55 -> 0 | W24: =I24/$W$55 -> 0 | X24: =ROUND(J24/$X$55,2) -> 0 | Y24: =K24/$Y$55 -> 0 | Z24: =ROUND(L24/$Z$55,2) -> 0 | AA24: =ROUND(M24/$AA$55,2) -> 0 | AB24: =ROUND(N24/$AB$55,2) -> 0 | AC24: =ROUND(O24/$AC$55,2) -> 0 | AD24: =ROUND(P24/$AD$55,2) -> 0 | AE24: =SUM(S24:AD24) -> 0
A25: =+LEFT(D25,6) -> SITE36 | C25: Consulting | D25: SITE36 - Pile testing B1CC4 | F25: 1877595000 | G25: 0 | I25: 0 | Q25: =SUM(E25:P25) -> 1877595000 | R25: =+Q25+'Summary 2025'!Q28 -> 9387975000 | S25: =E25/$S$55 -> 0 | T25: =F25/$T$55 -> 71.966079 | U25: =G25/$U$55 -> 0 | V25: =H25/$V$55 -> 0 | W25: =I25/$W$55 -> 0 | X25: =ROUND(J25/$X$55,2) -> 0 | Y25: =K25/$Y$55 -> 0 | Z25: =ROUND(L25/$Z$55,2) -> 0 | AA25: =ROUND(M25/$AA$55,2) -> 0 | AB25: =ROUND(N25/$AB$55,2) -> 0 | AC25: =ROUND(O25/$AC$55,2) -> 0 | AD25: =ROUND(P25/$AD$55,2) -> 0 | AE25: =SUM(S25:AD25) -> 71.966079
A26: =+LEFT(D26,6) -> SITE37 | C26: Consulting | D26: SITE37 - Pile testing H1HH1 | G26: 6434036000 | H26: 1608509000 | I26: 0 | Q26: =SUM(E26:P26) -> 8042545000 | R26: =+Q26 -> 8042545000 | S26: =E26/$S$55 -> 0 | T26: =F26/$T$55 -> 0 | U26: =G26/$U$55 -> 244.02776 | V26: =H26/$V$55 -> 61.023142 | W26: =I26/$W$55 -> 0 | X26: =ROUND(J26/$X$55,2) -> 0 | Y26: =K26/$Y$55 -> 0 | Z26: =ROUND(L26/$Z$55,2) -> 0 | AA26: =ROUND(M26/$AA$55,2) -> 0 | AB26: =ROUND(N26/$AB$55,2) -> 0 | AC26: =ROUND(O26/$AC$55,2) -> 0 | AD26: =ROUND(P26/$AD$55,2) -> 0 | AE26: =SUM(S26:AD26) -> 305.05091
A27: =+LEFT(D27,6) -> SITE38 | C27: Construction | D27: SITE38 - Temporary gate & Fence for H1HH1 | G27: 0 | I27: 0 | Q27: =SUM(E27:P27) -> 0 | R27: =+Q27 -> 0 | S27: =E27/$S$55 -> 0 | T27: =F27/$T$55 -> 0 | U27: =G27/$U$55 -> 0 | V27: =H27/$V$55 -> 0 | W27: =I27/$W$55 -> 0 | X27: =ROUND(J27/$X$55,2) -> 0 | Y27: =K27/$Y$55 -> 0 | Z27: =ROUND(L27/$Z$55,2) -> 0 | AA27: =ROUND(M27/$AA$55,2) -> 0 | AB27: =ROUND(N27/$AB$55,2) -> 0 | AC27: =ROUND(O27/$AC$55,2) -> 0 | AD27: =ROUND(P27/$AD$55,2) -> 0 | AE27: =SUM(S27:AD27) -> 0
A28: =+LEFT(D28,6) -> SITE39 | B28: Housing | C28: Construction | D28: SITE39 - Mockup house of THT-Phase 3 | I28: 1459132306 | J28: 1764255943 | Q28: =SUM(E28:P28) -> 3223388249 | R28: =+I28 -> 1459132306 | W28: =I28/$W$55 -> 55.427628 | X28: =ROUND(J28/$X$55,2) -> 67.07 | AE28: =SUM(S28:AD28) -> 122.49763
D29: COGS | E29: =SUM(E30:E48) -> 31316855202 | F29: =SUM(F30:F48) -> 111444592305 | G29: =SUM(G30:G48) -> 64158202207 | H29: =SUM(H30:H48) -> 118648038573 | I29: =SUM(I30:I49) -> 178507512364 | J29: =SUM(J30:J49) -> 166274476911 | K29: =SUM(K30:K49) -> 0 | L29: =SUM(L30:L49) -> 0 | M29: =SUM(M30:M49) -> 0 | N29: =SUM(N30:N49) -> 0 | O29: =SUM(O30:O49) -> 0 | P29: =SUM(P30:P49) -> 0 | ... AE29: =SUM(AE30:AE49) -> 25512.899 | AF29: =+X29-'[1]IS (01)'!$F$14 -> 0 | AG29: =+AE29-'[1]IS (01)'!$G$14 -> 0.0085688926
A30: =+LEFT(D30,6) -> SITE05 | C30: O&M | D30: SITE05 - Infra Management | E30: 765010240 | F30: 1068076592 | G30: 1700502515 | H30: 330291789 | I30: 0 | Q30: =SUM(E30:P30) -> 3863881136 | R30: =+Q30+'Summary 2025'!Q30 -> 109203185029 | S30: =E30/$S$55 -> 29.431395 | T30: =F30/$T$55 -> 40.93816 | U30: =G30/$U$55 -> 64.496037 | V30: =H30/$V$55 -> 12.530513 | W30: =I30/$W$55 -> 0 | X30: =ROUND(J30/$X$55,2) -> 0 | Y30: =K30/$Y$55 -> 0 | Z30: =ROUND(L30/$Z$55,2) -> 0 | AA30: =ROUND(M30/$AA$55,2) -> 0 | AB30: =ROUND(N30/$AB$55,2) -> 0 | AC30: =ROUND(O30/$AC$55,2) -> 0 | AD30: =ROUND(P30/$AD$55,2) -> 0 | AE30: =SUM(S30:AD30) -> 147.3961
A31: =+LEFT(D31,6) -> SITE06 | B31: Infra | C31: Construction | D31: SITE06 - Infra Phase II | E31: 1342485295 | F31: 8497633341 | G31: 6973293052 | H31: 8527707820 | I31: 8197018670 | J31: 7941783435 | Q31: =SUM(E31:P31) -> 41479921613 | R31: =+Q31+'Summary 2025'!Q31 -> 989631883657 | S31: =E31/$S$55 -> 51.647955 | T31: =F31/$T$55 -> 325.70461 | U31: =G31/$U$55 -> 264.48051 | V31: =H31/$V$55 -> 323.52167 | W31: =I31/$W$55 -> 311.37773 | X31: =ROUND(J31/$X$55,2) -> 301.91 | Y31: =K31/$Y$55 -> 0 | Z31: =ROUND(L31/$Z$55,2) -> 0 | AA31: =ROUND(M31/$AA$55,2) -> 0 | AB31: =ROUND(N31/$AB$55,2) -> 0 | AC31: =ROUND(O31/$AC$55,2) -> 0 | AD31: =ROUND(P31/$AD$55,2) -> 0 | AE31: =SUM(S31:AD31) -> 1578.6425
A32: =+LEFT(D32,6) -> SITE08 | C32: Consulting | D32: SITE08 - B3CC1 | G32: 0 | I32: 0 | Q32: =SUM(E32:P32) -> 0 | R32: =+Q32+'Summary 2025'!Q32 -> 20208965609 | S32: =E32/$S$55 -> 0 | T32: =F32/$T$55 -> 0 | U32: =G32/$U$55 -> 0 | V32: =H32/$V$55 -> 0 | W32: =I32/$W$55 -> 0 | X32: =ROUND(J32/$X$55,2) -> 0 | Y32: =K32/$Y$55 -> 0 | Z32: =ROUND(L32/$Z$55,2) -> 0 | AA32: =ROUND(M32/$AA$55,2) -> 0 | AB32: =ROUND(N32/$AB$55,2) -> 0 | AC32: =ROUND(O32/$AC$55,2) -> 0 | AD32: =ROUND(P32/$AD$55,2) -> 0 | AE32: =SUM(S32:AD32) -> 0
A33: =+LEFT(D33,6) -> SITE14 | C33: Consulting | D33: SITE14 - B1CC4 | E33: 1762265417 | G33: 0 | I33: 0 | Q33: =SUM(E33:P33) -> 1762265417 | R33: =+Q33+'Summary 2025'!Q33 -> 15048974984 | S33: =E33/$S$55 -> 67.797692 | T33: =F33/$T$55 -> 0 | U33: =G33/$U$55 -> 0 | V33: =H33/$V$55 -> 0 | W33: =I33/$W$55 -> 0 | X33: =ROUND(J33/$X$55,2) -> 0 | Y33: =K33/$Y$55 -> 0 | Z33: =ROUND(L33/$Z$55,2) -> 0 | AA33: =ROUND(M33/$AA$55,2) -> 0 | AB33: =ROUND(N33/$AB$55,2) -> 0 | AC33: =ROUND(O33/$AC$55,2) -> 0 | AD33: =ROUND(P33/$AD$55,2) -> 0 | AE33: =SUM(S33:AD33) -> 67.797692
A34: =+LEFT(D34,6) -> SITE16 | C34: Consulting | D34: SITE16 - Precons K8CT1 | G34: 0 | I34: 0 | Q34: =SUM(E34:P34) -> 0 | R34: =+Q34+'Summary 2025'!Q34 -> 21060715417 | S34: =E34/$S$55 -> 0 | T34: =F34/$T$55 -> 0 | U34: =G34/$U$55 -> 0 | V34: =H34/$V$55 -> 0 | W34: =I34/$W$55 -> 0 | X34: =ROUND(J34/$X$55,2) -> 0 | Y34: =K34/$Y$55 -> 0 | Z34: =ROUND(L34/$Z$55,2) -> 0 | AA34: =ROUND(M34/$AA$55,2) -> 0 | AB34: =ROUND(N34/$AB$55,2) -> 0 | AC34: =ROUND(O34/$AC$55,2) -> 0 | AD34: =ROUND(P34/$AD$55,2) -> 0 | AE34: =SUM(S34:AD34) -> 0
A35: =+LEFT(D35,6) -> SITE17 | C35: Consulting | D35: SITE17 - H1HH1 | E35: 14612106035 | G35: 338665881 | I35: 0 | Q35: =SUM(E35:P35) -> 14950771916 | R35: =+Q35+'Summary 2025'!Q35 -> 14950771916 | S35: =E35/$S$55 -> 562.15543 | T35: =F35/$T$55 -> 0 | U35: =G35/$U$55 -> 12.844796 | V35: =H35/$V$55 -> 0 | W35: =I35/$W$55 -> 0 | X35: =ROUND(J35/$X$55,2) -> 0 | Y35: =K35/$Y$55 -> 0 | Z35: =ROUND(L35/$Z$55,2) -> 0 | AA35: =ROUND(M35/$AA$55,2) -> 0 | AB35: =ROUND(N35/$AB$55,2) -> 0 | AC35: =ROUND(O35/$AC$55,2) -> 0 | AD35: =ROUND(P35/$AD$55,2) -> 0 | AE35: =SUM(S35:AD35) -> 575.00022
A36: =+LEFT(D36,6) -> SITE18 | B36: Housing | C36: Construction | D36: SITE18 - Construction K8CT1 | E36: 1737731332 | F36: 28083148140 | G36: 13048232027 | H36: 32294812328 | I36: 63990294049 | J36: 89885386831 | Q36: =SUM(E36:P36) -> 229039604707 | R36: =+Q36+'Summary 2025'!Q36 -> 346957110066 | S36: =E36/$S$55 -> 66.85382 | T36: =F36/$T$55 -> 1076.3951 | U36: =G36/$U$55 -> 494.88857 | V36: =H36/$V$55 -> 1225.1911 | W36: =I36/$W$55 -> 2430.7804 | X36: =ROUND(J36/$X$55,2) -> 3417.05 | Y36: =K36/$Y$55 -> 0 | Z36: =ROUND(L36/$Z$55,2) -> 0 | AA36: =ROUND(M36/$AA$55,2) -> 0 | AB36: =ROUND(N36/$AB$55,2) -> 0 | AC36: =ROUND(O36/$AC$55,2) -> 0 | AD36: =ROUND(P36/$AD$55,2) -> 0 | AE36: =SUM(S36:AD36) -> 8711.159
A37: =+LEFT(D37,6) -> SITE20 | C37: Consulting | D37: SITE20 - Precons K2CT1 | G37: 0 | I37: 0 | Q37: =SUM(E37:P37) -> 0 | R37: =+Q37+'Summary 2025'!Q37 -> 10046168062 | S37: =E37/$S$55 -> 0 | T37: =F37/$T$55 -> 0 | U37: =G37/$U$55 -> 0 | V37: =H37/$V$55 -> 0 | W37: =I37/$W$55 -> 0 | X37: =ROUND(J37/$X$55,2) -> 0 | Y37: =K37/$Y$55 -> 0 | Z37: =ROUND(L37/$Z$55,2) -> 0 | AA37: =ROUND(M37/$AA$55,2) -> 0 | AB37: =ROUND(N37/$AB$55,2) -> 0 | AC37: =ROUND(O37/$AC$55,2) -> 0 | AD37: =ROUND(P37/$AD$55,2) -> 0 | AE37: =SUM(S37:AD37) -> 0
A38: =+LEFT(D38,6) -> SITE22 | C38: O&M | D38: SITE22 - Villa H&K Management | E38: 1590816166 | F38: 2035919803 | G38: 2541362899 | H38: 119246040 | I38: 0 | Q38: =SUM(E38:P38) -> 6287344908 | R38: =+Q38+'Summary 2025'!Q38 -> 70215035698 | S38: =E38/$S$55 -> 61.201715 | T38: =F38/$T$55 -> 78.034488 | U38: =G38/$U$55 -> 96.387882 | V38: =H38/$V$55 -> 4.5239212 | W38: =I38/$W$55 -> 0 | X38: =ROUND(J38/$X$55,2) -> 0 | Y38: =K38/$Y$55 -> 0 | Z38: =ROUND(L38/$Z$55,2) -> 0 | AA38: =ROUND(M38/$AA$55,2) -> 0 | AB38: =ROUND(N38/$AB$55,2) -> 0 | AC38: =ROUND(O38/$AC$55,2) -> 0 | AD38: =ROUND(P38/$AD$55,2) -> 0 | AE38: =SUM(S38:AD38) -> 240.14801
A39: =+LEFT(D39,6) -> SITE23 | B39: Housing | C39: Construction | D39: SITE23 - Construction K8HH1 | E39: 3375050813 | F39: 66072702017 | G39: 34392264616 | H39: 69578808830 | I39: 103490514988 | J39: 66556977805 | Q39: =SUM(E39:P39) -> 343466319069 | R39: =+Q39+'Summary 2025'!Q39 -> 1086158283362 | S39: =E39/$S$55 -> 129.8446 | T39: =F39/$T$55 -> 2532.4915 | U39: =G39/$U$55 -> 1304.4172 | V39: =H39/$V$55 -> 2639.6604 | W39: =I39/$W$55 -> 3931.2636 | X39: =ROUND(J39/$X$55,2) -> 2530.2 | Y39: =K39/$Y$55 -> 0 | Z39: =ROUND(L39/$Z$55,2) -> 0 | AA39: =ROUND(M39/$AA$55,2) -> 0 | AB39: =ROUND(N39/$AB$55,2) -> 0 | AC39: =ROUND(O39/$AC$55,2) -> 0 | AD39: =ROUND(P39/$AD$55,2) -> 0 | AE39: =SUM(S39:AD39) -> 13067.877
A40: =+LEFT(D40,6) -> SITE27 | B40: Housing | C40: Construction | D40: SITE27 - Mockup house of THT-Phase 2 | G40: 0 | H40: 2697122223 | I40: 0 | Q40: =SUM(E40:P40) -> 2697122223 | R40: =+Q40+'Summary 2025'!Q40 -> 39710919693 | S40: =E40/$S$55 -> 0 | T40: =F40/$T$55 -> 0 | U40: =G40/$U$55 -> 0 | V40: =H40/$V$55 -> 102.32263 | W40: =I40/$W$55 -> 0 | X40: =ROUND(J40/$X$55,2) -> 0 | Y40: =K40/$Y$55 -> 0 | Z40: =ROUND(L40/$Z$55,2) -> 0 | AA40: =ROUND(M40/$AA$55,2) -> 0 | AB40: =ROUND(N40/$AB$55,2) -> 0 | AC40: =ROUND(O40/$AC$55,2) -> 0 | AD40: =ROUND(P40/$AD$55,2) -> 0 | AE40: =SUM(S40:AD40) -> 102.32263
A41: =+LEFT(D41,6) -> SITE28 | B41: Infra | C41: Construction | D41: SITE28 - Nhon Trach Infra | G41: 0 | I41: -355380474 | J41: 289945999 | Q41: =SUM(E41:P41) -> -65434475 | R41: =+Q41+'Summary 2025'!Q41 -> 200492241396 | S41: =E41/$S$55 -> 0 | T41: =F41/$T$55 -> 0 | U41: =G41/$U$55 -> 0 | V41: =H41/$V$55 -> 0 | W41: =I41/$W$55 -> -13.499733 | X41: =ROUND(J41/$X$55,2) -> 11.02 | Y41: =K41/$Y$55 -> 0 | Z41: =ROUND(L41/$Z$55,2) -> 0 | AA41: =ROUND(M41/$AA$55,2) -> 0 | AB41: =ROUND(N41/$AB$55,2) -> 0 | AC41: =ROUND(O41/$AC$55,2) -> 0 | AD41: =ROUND(P41/$AD$55,2) -> 0 | AE41: =SUM(S41:AD41) -> -2.4797331
A42: =+LEFT(D42,6) -> SITE30 | C42: Consulting | D42: SITE30 - Brokerage for K8HH1 Building distribution | E42: 5986119336 | F42: 1991739724 | G42: 1613393836 | I42: 1913340213 | Q42: =SUM(E42:P42) -> 11504593109 | R42: =+Q42+'Summary 2025'!Q43 -> 1.2706409e+11 | S42: =E42/$S$55 -> 230.29736 | T42: =F42/$T$55 -> 76.341116 | U42: =G42/$U$55 -> 61.192211 | V42: =H42/$V$55 -> 0 | W42: =I42/$W$55 -> 72.68149 | X42: =ROUND(J42/$X$55,2) -> 0 | Y42: =K42/$Y$55 -> 0 | Z42: =ROUND(L42/$Z$55,2) -> 0 | AA42: =ROUND(M42/$AA$55,2) -> 0 | AB42: =ROUND(N42/$AB$55,2) -> 0 | AC42: =ROUND(O42/$AC$55,2) -> 0 | AD42: =ROUND(P42/$AD$55,2) -> 0 | AE42: =SUM(S42:AD42) -> 440.51218
A43: =+LEFT(D43,6) -> SITE31 | C43: Consulting | D43: SITE31 - Brokerage for H9CT1 & K8HH1 Shophouse distribution | G43: 0 | I43: 0 | Q43: =SUM(E43:P43) -> 0 | R43: =+Q43+'Summary 2025'!Q44 -> 0 | S43: =E43/$S$55 -> 0 | T43: =F43/$T$55 -> 0 | U43: =G43/$U$55 -> 0 | V43: =H43/$V$55 -> 0 | W43: =I43/$W$55 -> 0 | X43: =ROUND(J43/$X$55,2) -> 0 | Y43: =K43/$Y$55 -> 0 | Z43: =ROUND(L43/$Z$55,2) -> 0 | AA43: =ROUND(M43/$AA$55,2) -> 0 | AB43: =ROUND(N43/$AB$55,2) -> 0 | AC43: =ROUND(O43/$AC$55,2) -> 0 | AD43: =ROUND(P43/$AD$55,2) -> 0 | AE43: =SUM(S43:AD43) -> 0
A44: =+LEFT(D44,6) -> SITE34 | B44: Housing | C44: Construction | D44: SITE34 - Defect repairing for H9CT1 | E44: 145270568 | F44: 175439266 | G44: 1151813151 | H44: 1720560313 | I44: 63271542 | J44: 139226069 | Q44: =SUM(E44:P44) -> 3395580909 | R44: =+Q44+'Summary 2025'!Q47 -> 17485469838 | S44: =E44/$S$55 -> 5.5888342 | T44: =F44/$T$55 -> 6.7243874 | U44: =G44/$U$55 -> 43.685548 | V44: =H44/$V$55 -> 65.274112 | W44: =I44/$W$55 -> 2.4034774 | X44: =ROUND(J44/$X$55,2) -> 5.29 | Y44: =K44/$Y$55 -> 0 | Z44: =ROUND(L44/$Z$55,2) -> 0 | AA44: =ROUND(M44/$AA$55,2) -> 0 | AB44: =ROUND(N44/$AB$55,2) -> 0 | AC44: =ROUND(O44/$AC$55,2) -> 0 | AD44: =ROUND(P44/$AD$55,2) -> 0 | AE44: =SUM(S44:AD44) -> 128.96636
A45: =+LEFT(D45,6) -> SITE35 | C45: Consulting | D45: SITE35 - Precons K2HH1 | G45: 0 | I45: 0 | Q45: =SUM(E45:P45) -> 0 | R45: =+Q45+'Summary 2025'!Q48 -> 574142861 | S45: =E45/$S$55 -> 0 | T45: =F45/$T$55 -> 0 | U45: =G45/$U$55 -> 0 | V45: =H45/$V$55 -> 0 | W45: =I45/$W$55 -> 0 | X45: =ROUND(J45/$X$55,2) -> 0 | Y45: =K45/$Y$55 -> 0 | Z45: =ROUND(L45/$Z$55,2) -> 0 | AA45: =ROUND(M45/$AA$55,2) -> 0 | AB45: =ROUND(N45/$AB$55,2) -> 0 | AC45: =ROUND(O45/$AC$55,2) -> 0 | AD45: =ROUND(P45/$AD$55,2) -> 0 | AE45: =SUM(S45:AD45) -> 0
A46: =+LEFT(D46,6) -> SITE36 | C46: Consulting | D46: SITE36 - Pile testing B1CC4 | F46: 3519933422 | G46: 0 | I46: 0 | Q46: =SUM(E46:P46) -> 3519933422 | R46: =+Q46+'Summary 2025'!Q49 -> 5934872067 | S46: =E46/$S$55 -> 0 | T46: =F46/$T$55 -> 134.91504 | U46: =G46/$U$55 -> 0 | V46: =H46/$V$55 -> 0 | W46: =I46/$W$55 -> 0 | X46: =ROUND(J46/$X$55,2) -> 0 | Y46: =K46/$Y$55 -> 0 | Z46: =ROUND(L46/$Z$55,2) -> 0 | AA46: =ROUND(M46/$AA$55,2) -> 0 | AB46: =ROUND(N46/$AB$55,2) -> 0 | AC46: =ROUND(O46/$AC$55,2) -> 0 | AD46: =ROUND(P46/$AD$55,2) -> 0 | AE46: =SUM(S46:AD46) -> 134.91504
A47: =+LEFT(D47,6) -> SITE37 | C47: Consulting | D47: SITE37 - Pile testing H1HH1 | G47: 2398674230 | H47: 3379489230 | I47: 0 | Q47: =SUM(E47:P47) -> 5778163460 | R47: =+Q47 -> 5778163460 | S47: =E47/$S$55 -> 0 | T47: =F47/$T$55 -> 0 | U47: =G47/$U$55 -> 90.976038 | V47: =H47/$V$55 -> 128.21007 | W47: =I47/$W$55 -> 0 | X47: =ROUND(J47/$X$55,2) -> 0 | Y47: =K47/$Y$55 -> 0 | Z47: =ROUND(L47/$Z$55,2) -> 0 | AA47: =ROUND(M47/$AA$55,2) -> 0 | AB47: =ROUND(N47/$AB$55,2) -> 0 | AC47: =ROUND(O47/$AC$55,2) -> 0 | AD47: =ROUND(P47/$AD$55,2) -> 0 | AE47: =SUM(S47:AD47) -> 219.18611
A48: =+LEFT(D48,6) -> SITE38 | C48: Construction | D48: SITE38 - Temporary gate & Fence for H1HH1 | G48: 0 | I48: 0 | Q48: =SUM(E48:P48) -> 0 | R48: =+Q48 -> 0 | S48: =E48/$S$55 -> 0 | T48: =F48/$T$55 -> 0 | U48: =G48/$U$55 -> 0 | V48: =H48/$V$55 -> 0 | W48: =I48/$W$55 -> 0 | X48: =ROUND(J48/$X$55,2) -> 0 | Y48: =K48/$Y$55 -> 0 | Z48: =ROUND(L48/$Z$55,2) -> 0 | AA48: =ROUND(M48/$AA$55,2) -> 0 | AB48: =ROUND(N48/$AB$55,2) -> 0 | AC48: =ROUND(O48/$AC$55,2) -> 0 | AD48: =ROUND(P48/$AD$55,2) -> 0 | AE48: =SUM(S48:AD48) -> 0
A49: =+LEFT(D49,6) -> SITE39 | B49: Housing | C49: Construction | D49: SITE39 - Mockup house of THT-Phase 3 | I49: 1208453376 | J49: 1461156772 | Q49: =SUM(E49:P49) -> 2669610148 | R49: =+I49 -> 1208453376 | W49: =I49/$W$55 -> 45.905161 | X49: =ROUND(J49/$X$55,2) -> 55.55 | AE49: =SUM(S49:AD49) -> 101.45516
D50: REPAIRING COST ALLOWANCE | E50: =+SUM(E51:E54) -> 52577047 | F50: =+SUM(F51:F54) -> 947159657 | G50: =+SUM(G51:G54) -> 471299497 | H50: =+SUM(H51:H54) -> 1045162739 | I50: =+SUM(I51:I54) -> 1760311472 | J50: =+SUM(J51:J54) -> 1806342141 | K50: =+SUM(K51:K54) -> 0 | L50: =+SUM(L51:L54) -> 0 | ... AE50: =+SUM(AE51:AE54) -> 232.21448 | AF50: =+J50-'[1]IS (01)'!$K$29 -> 0 | AG50: =+Q50-'[1]IS (01)'!$L$31 -> 0
A51: =+LEFT(D51,6) -> SITE18 | C51: Construction | D51: SITE18 - Construction K8CT1 | E51: 24043038 | F51: =+'Reparing Cost'!J15 -> 388555008 | G51: 180533745 | H51: 446827079 | I51: 885361893 | J51: 1243643234 | Q51: =SUM(E51:P51) -> 3168963997 | R51: =+Q51 -> 3168963997 | S51: =E51/$S$55 -> 0.92498126 | T51: =F51/$T$55 -> 14.892871 | U51: =G51/$U$55 -> 6.8472178 | V51: =H51/$V$55 -> 16.951594 | W51: =I51/$W$55 -> 33.631981 | X51: =J51/$S$55 -> 47.845314 | Y51: =K51/$S$55 -> 0 | Z51: =L51/$S$55 -> 0 | AA51: =M51/$S$55 -> 0 | AB51: =N51/$S$55 -> 0 | AC51: =O51/$S$55 -> 0 | AD51: =P51/$S$55 -> 0 | AE51: =SUM(S51:AD51) -> 121.09396
A52: =+LEFT(D52,6) -> SITE23 | C52: Construction | D52: SITE23 - Construction K8HH1 | E52: 28534009 | F52: =+'Reparing Cost'!J16 -> 558604649 | G52: 290765752 | H52: 588246657 | I52: 874949579 | J52: 562698907 | Q52: =SUM(E52:P52) -> 2903799553 | R52: =+Q52 -> 2903799553 | S52: =E52/$S$55 -> 1.0977574 | T52: =F52/$T$55 -> 21.41068 | U52: =G52/$U$55 -> 11.028057 | V52: =H52/$V$55 -> 22.316729 | W52: =I52/$W$55 -> 33.236451 | X52: =J52/$S$55 -> 21.648094 | Y52: =K52/$S$55 -> 0 | Z52: =L52/$S$55 -> 0 | AA52: =M52/$S$55 -> 0 | AB52: =N52/$S$55 -> 0 | AC52: =O52/$S$55 -> 0 | AD52: =P52/$S$55 -> 0 | AE52: =SUM(S52:AD52) -> 110.73777
A53: =+LEFT(D53,6) -> SITE27 | C53: Construction | D53: SITE27 - Mockup house of THT-Phase 2 | H53: 10089003 | Q53: =SUM(E53:P53) -> 10089003 | R53: =+Q53 -> 10089003 | S53: =E53/$S$55 -> 0 | T53: =F53/$T$55 -> 0 | U53: =G53/$U$55 -> 0 | V53: =H53/$V$55 -> 0.38275363 | W53: =I53/$W$55 -> 0 | X53: =J53/$S$55 -> 0 | Y53: =K53/$S$55 -> 0 | Z53: =L53/$S$55 -> 0 | AA53: =M53/$S$55 -> 0 | AB53: =N53/$S$55 -> 0 | AC53: =O53/$S$55 -> 0 | AD53: =P53/$S$55 -> 0 | AE53: =SUM(S53:AD53) -> 0.38275363
A54: =+LEFT(D54,6) -> SITE28 | C54: Construction | D54: SITE28 - Nhon Trach Infra | Q54: =SUM(E54:P54) -> 0 | R54: =+Q54 -> 0 | S54: =E54/$S$55 -> 0 | T54: =F54/$T$55 -> 0 | U54: =G54/$U$55 -> 0 | V54: =H54/$V$55 -> 0 | W54: =I54/$W$55 -> 0 | X54: =J54/$S$55 -> 0 | Y54: =K54/$S$55 -> 0 | Z54: =L54/$S$55 -> 0 | AA54: =M54/$S$55 -> 0 | AB54: =N54/$S$55 -> 0 | AC54: =O54/$S$55 -> 0 | AD54: =P54/$S$55 -> 0 | AE54: =SUM(S54:AD54) -> 0
D55: ER | S55: 25993000 | T55: 26090000 | U55: 26366000 | V55: 26359000 | W55: =26325*1000 -> 26325000 | X55: 26305000 | Y55: 26191000 | Z55: 26399000 | AA55: 26407000 | AB55: 26307000 | AC55: 26393000 | AD55: 26280000
D57: SITE06 | E57: =IFERROR(E31/E10,0) -> 0.8705 | F57: =IFERROR(F31/F10,0) -> 0.8705 | G57: =IFERROR(G31/G10,0) -> 0.8705 | H57: =IFERROR(H31/H10,0) -> 0.8705 | I57: =IFERROR(I31/I10,0) -> 0.8705 | J57: =IFERROR(J31/J10,0) -> 0.8705 | K57: =IFERROR(K31/K10,0) -> 0 | L57: =IFERROR(L31/L10,0) -> 0 | ... AE57: =IFERROR(AE31/AE10,0) -> 0.87049696
D59: SITE18 | E59: =IFERROR((E36+E51)/E15,0) -> 0.85 | F59: =IFERROR((F36+F51)/F15,0) -> 0.85 | G59: =IFERROR((G36+G51)/G15,0) -> 0.85 | H59: =IFERROR((H36+H51)/H15,0) -> 0.85 | I59: =IFERROR((I36+I51)/I15,0) -> 0.85 | J59: =IFERROR((J36+J51)/J15,0) -> 0.85 | K59: =IFERROR((K36+K51)/K15,0) -> 0 | L59: =IFERROR((L36+L51)/L15,0) -> 0 | ... AE59: =IFERROR((AE36+AE51)/AE15,0) -> 0.85005542
D61: SITE23 | E61: =IFERROR((E39+E52)/E18,0) -> 0.8469 | F61: =IFERROR((F39+F52)/F18,0) -> 0.8469 | G61: =IFERROR((G39+G52)/G18,0) -> 0.8469 | H61: =IFERROR((H39+H52)/H18,0) -> 0.8469 | I61: =IFERROR((I39+I52)/I18,0) -> 0.8469 | J61: =IFERROR((J39+J52)/J18,0) -> 0.8469 | K61: =IFERROR((K39+K52)/K18,0) -> 0 | L61: =IFERROR((L39+L52)/L18,0) -> 0 | ... AE61: =IFERROR((AE39+AE52)/AE18,0) -> 0.84691651
D63: SITE27 | E63: =IFERROR((E40+E53)/E19,0) -> 0 | F63: =IFERROR((F40+F53)/F19,0) -> 0 | G63: =IFERROR((G40+G53)/G19,0) -> 0 | H63: =IFERROR((H40+H53)/H19,0) -> 0.85866525 | I63: =IFERROR((I40+I53)/I19,0) -> 0 | J63: =IFERROR((J40+J53)/J19,0) -> 0 | K63: =IFERROR((K40+K53)/K19,0) -> 0 | L63: =IFERROR((L40+L53)/L19,0) -> 0 | ... AE63: =IFERROR((AE40+AE53)/AE19,0) -> 0.85866525
D65: SITE28 | E65: =IFERROR((E41+E54)/E20,0) -> 0 | F65: =IFERROR((F41+F54)/F20,0) -> 0 | G65: =IFERROR((G41+G54)/G20,0) -> 0 | H65: =IFERROR((H41+H54)/H20,0) -> 0 | I65: =IFERROR((I41+I54)/I20,0) -> 0.19583233 | J65: =IFERROR((J41+J54)/J20,0) -> 0 | K65: =IFERROR((K41+K54)/K20,0) -> 0 | L65: =IFERROR((L41+L54)/L20,0) -> 0 | ... AE65: =IFERROR((AE41+AE54)/AE20,0) -> 0.035971965
D66: SITE28 cost rate is fluctuations because HQ transfer cost could not be claimed and estimated to Revenue
D67: SITE34 | E67: =IFERROR(E44/E23,0) -> 0.8282 | F67: =IFERROR(F44/F23,0) -> 0.8282 | G67: =IFERROR(G44/G23,0) -> 0.8282 | H67: =IFERROR(H44/H23,0) -> 0.8282 | I67: =IFERROR(I44/I23,0) -> 0.8282 | J67: =IFERROR(J44/J23,0) -> -0.22828486 | K67: =IFERROR(K44/K23,0) -> 0 | L67: =IFERROR(L44/L23,0) -> 0 | ... AE67: =IFERROR(AE44/AE23,0) -> 1.0223132
D69: SITE39 | I69: =IFERROR(I49/I28,0) -> 0.8282 | J69: =IFERROR(J49/J28,0) -> 0.8282 | K69: =IFERROR(K49/K28,0) -> 0 | L69: =IFERROR(L49/L28,0) -> 0 | M69: =IFERROR(M49/M28,0) -> 0 | N69: =IFERROR(N49/N28,0) -> 0 | O69: =IFERROR(O49/O28,0) -> 0 | P69: =IFERROR(P49/P28,0) -> 0 | ... R69: =IFERROR(R49/R28,0) -> 0.8282 | W69: =IFERROR(W49/W28,0) -> 0.8282 | AE69: =IFERROR(AE49/AE28,0) -> 0.82822144

Sheet Summary 2025
C1: DAEWOO VINA
C2: SUMMARY SALES + COGS 2025
D3: =+SUBTOTAL(9,D9:D26) -> 13237143700 | E3: =+SUBTOTAL(9,E9:E26) -> 40366653995 | F3: =+SUBTOTAL(9,F9:F26) -> 29904196188 | G3: =+SUBTOTAL(9,G9:G26) -> 78247883913 | H3: =+SUBTOTAL(9,H9:H26) -> 99841667840 | I3: =+SUBTOTAL(9,I9:I26) -> 115393148483 | J3: =+SUBTOTAL(9,J9:J26) -> 65082588410 | K3: =+SUBTOTAL(9,K9:K26) -> 65619552198 | L3: =+SUBTOTAL(9,L9:L27) -> 66816260917 | M3: =+SUBTOTAL(9,M9:M27) -> 49804552226 | N3: =+SUBTOTAL(9,N9:N27) -> 102517004504 | O3: =+SUBTOTAL(9,O9:O27) -> 645735136331 | P3: =+SUBTOTAL(9,P9:P27) -> 1372565788705
D4: =+SUBTOTAL(9,D30:D51) -> 10191759312 | E4: =+SUBTOTAL(9,E30:E51) -> 36414796814 | F4: =+SUBTOTAL(9,F30:F51) -> 25894418238 | G4: =+SUBTOTAL(9,G30:G51) -> 67446139929 | H4: =+SUBTOTAL(9,H30:H51) -> 85638316411 | I4: =+SUBTOTAL(9,I30:I51) -> 96138186949 | J4: =+SUBTOTAL(9,J30:J51) -> 56280575729 | K4: =+SUBTOTAL(9,K30:K51) -> 56293851323 | ... P4: =+SUBTOTAL(9,P30:P51) -> 1.1223832e+12
C5: Month | D5: 2025
D6: VND | Q6: TOTAL up to 2025 | R6: 1000 USD
D7: 45658 | E7: 45689 | F7: 45717 | G7: 45748 | H7: 45778 | I7: 45809 | J7: 45839 | K7: 45870 | L7: 45901 | M7: 45931 | N7: 45962 | O7: 45992 | P7: Total VND | R7: 45658 | S7: 45689 | T7: 45717 | U7: 45748 | V7: 45778 | W7: 45809 | X7: 45839 | Y7: 45870 | Z7: 45901 | AA7: 45931 | AB7: 45962 | AC7: 45992 | AD7: Total 1000 USD
C8: Revenue | D8: =SUM(D9:D28) -> 13237143700 | E8: =SUM(E9:E28) -> 40366653995 | F8: =SUM(F9:F28) -> 29904196188 | G8: =SUM(G9:G28) -> 78247883913 | H8: =SUM(H9:H28) -> 99841667840 | I8: =SUM(I9:I28) -> 115393148483 | J8: =SUM(J9:J28) -> 65082588410 | K8: =SUM(K9:K28) -> 65619552198 | ... AG8: =SUM(AG9:AG28) -> 0 | AH8: =+P8-'[2]IS (01)'!$L$6 -> 0 | AI8: =+AD8-'[2]IS (01)'!$G$6 -> -0.006176885
B9: O&M | C9: SITE05 - Infra Management | D9: 1547890964 | E9: 1517740000 | F9: 1649245000 | G9: 1599512000 | H9: 1593627000 | I9: 1593627000 | J9: 1593627000 | K9: 1610017000 | L9: 1699447000 | M9: 1890079545 | N9: 1593627000 | O9: 1593627000 | P9: =SUM(D9:O9) -> 19482066509 | Q9: =+P9+'Summary 2024'!Q9 -> 118639029417 | R9: =D9/$R$50 -> 61.664049 | S9: =E9/$S$50 -> 59.460921 | T9: =F9/$T$50 -> 64.441253 | U9: =G9/$U$50 -> 61.488948 | V9: =H9/$V$50 -> 61.258005 | W9: =ROUND(I9/$W$50,2) -> 61.09 | X9: =J9/$X$50 -> 60.846359 | Y9: =ROUND(K9/$Y$50,2) -> 60.99 | Z9: =ROUND(L9/$Z$50,2) -> 64.36 | AA9: =ROUND(M9/$AA$50,2) -> 71.85 | AB9: =ROUND(N9/$AB$50,2) -> 60.38 | AC9: =ROUND(O9/$AC$50,2) -> 60.64 | AD9: =SUM(R9:AC9) -> 748.46954 | AE9: =+E9+E17 -> 3926652500
A10: Infra | B10: Construction | C10: SITE06 - Infra Phase II | D10: 3093843795 | E10: 2238531317 | F10: 1893615964 | G10: 1820519462 | H10: 2499781977 | I10: 1723909886 | J10: 12671382160 | K10: 2470378345 | L10: 1863283803 | M10: 6734849528 | N10: 4011403299 | O10: 67784105752 | P10: =SUM(D10:O10) -> 108805605288 | Q10: =+P10+'Summary 2024'!Q10 -> 1.0892039e+12 | R10: =D10/$R$50 -> 123.25089 | S10: =E10/$S$50 -> 87.699562 | T10: =F10/$T$50 -> 73.989605 | U10: =G10/$U$50 -> 69.984987 | V10: =H10/$V$50 -> 96.090024 | W10: =ROUND(I10/$W$50,2) -> 66.09 | X10: =J10/$X$50 -> 483.80673 | Y10: =ROUND(K10/$Y$50,2) -> 93.58 | Z10: =ROUND(L10/$Z$50,2) -> 70.56 | AA10: =ROUND(M10/$AA$50,2) -> 256.01 | AB10: =ROUND(N10/$AB$50,2) -> 151.99 | AC10: =ROUND(O10/$AC$50,2) -> 2579.3 | AD10: =SUM(R10:AC10) -> 4152.3518 | AE10: =+E10+E18+E19+E20 -> 36440001495
B11: Consulting | C11: SITE08 - B3CC1 | P11: =SUM(D11:O11) -> 0 | Q11: =+P11+'Summary 2024'!Q11 -> 104618100000 | R11: =D11/$R$50 -> 0 | S11: =E11/$S$50 -> 0 | T11: =F11/$T$50 -> 0 | U11: =G11/$U$50 -> 0 | V11: =H11/$V$50 -> 0 | W11: =ROUND(I11/$W$50,2) -> 0 | X11: =J11/$X$50 -> 0 | Y11: =ROUND(K11/$Y$50,2) -> 0 | Z11: =ROUND(L11/$Z$50,2) -> 0 | AA11: =ROUND(M11/$AA$50,2) -> 0 | AB11: =ROUND(N11/$AB$50,2) -> 0 | AC11: =ROUND(O11/$AC$50,2) -> 0 | AD11: =SUM(R11:AC11) -> 0
B12: Consulting | C12: SITE14 - B1CC4 | I12: 9548000000 | L12: 4774000000 | P12: =SUM(D12:O12) -> 14322000000 | Q12: =+P12+'Summary 2024'!Q12 -> 33418000000 | R12: =D12/$R$50 -> 0 | S12: =E12/$S$50 -> 0 | T12: =F12/$T$50 -> 0 | U12: =G12/$U$50 -> 0 | V12: =H12/$V$50 -> 0 | W12: =ROUND(I12/$W$50,2) -> 366.03 | X12: =J12/$X$50 -> 0 | Y12: =ROUND(K12/$Y$50,2) -> 0 | Z12: =ROUND(L12/$Z$50,2) -> 180.79 | AA12: =ROUND(M12/$AA$50,2) -> 0 | AB12: =ROUND(N12/$AB$50,2) -> 0 | AC12: =ROUND(O12/$AC$50,2) -> 0 | AD12: =SUM(R12:AC12) -> 546.82
B13: Consulting | C13: SITE16 - Precons K8CT1 | P13: =SUM(D13:O13) -> 0 | Q13: =+P13+'Summary 2024'!Q14 -> 39781808000 | R13: =D13/$R$50 -> 0 | S13: =E13/$S$50 -> 0 | T13: =F13/$T$50 -> 0 | U13: =G13/$U$50 -> 0 | V13: =H13/$V$50 -> 0 | W13: =ROUND(I13/$W$50,2) -> 0 | X13: =J13/$X$50 -> 0 | Y13: =ROUND(K13/$Y$50,2) -> 0 | Z13: =ROUND(L13/$Z$50,2) -> 0 | AA13: =ROUND(M13/$AA$50,2) -> 0 | AB13: =ROUND(N13/$AB$50,2) -> 0 | AC13: =ROUND(O13/$AC$50,2) -> 0 | AD13: =SUM(R13:AC13) -> 0
B14: Consulting | C14: SITE17 - H1HH1 | P14: =SUM(D14:O14) -> 0 | Q14: =+P14+'Summary 2024'!Q15 -> 0 | R14: =D14/$R$50 -> 0 | S14: =E14/$S$50 -> 0 | T14: =F14/$T$50 -> 0 | U14: =G14/$U$50 -> 0 | V14: =H14/$V$50 -> 0 | W14: =ROUND(I14/$W$50,2) -> 0 | X14: =J14/$X$50 -> 0 | Y14: =ROUND(K14/$Y$50,2) -> 0 | Z14: =ROUND(L14/$Z$50,2) -> 0 | AA14: =ROUND(M14/$AA$50,2) -> 0 | AB14: =ROUND(N14/$AB$50,2) -> 0 | AC14: =ROUND(O14/$AC$50,2) -> 0 | AD14: =SUM(R14:AC14) -> 0
A15: Housing | B15: Construction | C15: SITE 18 - Construction K8CT1 | M15: 737199552 | N15: 13015353428 | O15: 124973923913 | P15: =SUM(D15:O15) -> 138726476893 | Q15: =+P15+'Summary 2024'!Q16 -> 138726476893 | R15: =D15/$R$50 -> 0 | S15: =E15/$S$50 -> 0 | T15: =F15/$T$50 -> 0 | U15: =G15/$U$50 -> 0 | V15: =H15/$V$50 -> 0 | W15: =ROUND(I15/$W$50,2) -> 0 | X15: =J15/$X$50 -> 0 | Y15: =ROUND(K15/$Y$50,2) -> 0 | Z15: =ROUND(L15/$Z$50,2) -> 0 | AA15: =ROUND(M15/$AA$50,2) -> 28.02 | AB15: =ROUND(N15/$AB$50,2) -> 493.14 | AC15: =ROUND(O15/$AC$50,2) -> 4755.48 | AD15: =SUM(R15:AC15) -> 5276.64
B16: Consulting | C16: SITE 20 - Precons K2CT1 | P16: =SUM(D16:O16) -> 0 | Q16: =+P16+'Summary 2024'!Q17 -> 23822780000 | R16: =D16/$R$50 -> 0 | S16: =E16/$S$50 -> 0 | T16: =F16/$T$50 -> 0 | U16: =G16/$U$50 -> 0 | V16: =H16/$V$50 -> 0 | W16: =ROUND(I16/$W$50,2) -> 0 | X16: =J16/$X$50 -> 0 | Y16: =ROUND(K16/$Y$50,2) -> 0 | Z16: =ROUND(L16/$Z$50,2) -> 0 | AA16: =ROUND(M16/$AA$50,2) -> 0 | AB16: =ROUND(N16/$AB$50,2) -> 0 | AC16: =ROUND(O16/$AC$50,2) -> 0 | AD16: =SUM(R16:AC16) -> 0
B17: O&M | C17: SITE 22 - Villa H&K Management | D17: 2408912500 | E17: 2408912500 | F17: 2408912500 | G17: 2408912500 | H17: 2408912500 | I17: 2408912500 | J17: 2408912500 | K17: 2408912500 | L17: 2408912500 | M17: 2408912500 | N17: 2408912500 | O17: 2408912500 | P17: =SUM(D17:O17) -> 28906950000 | Q17: =+P17+'Summary 2024'!Q18 -> 71425425000 | R17: =D17/$R$50 -> 95.964963 | S17: =E17/$S$50 -> 94.374633 | T17: =F17/$T$50 -> 94.123882 | U17: =G17/$U$50 -> 92.604179 | V17: =H17/$V$50 -> 92.597059 | W17: =ROUND(I17/$W$50,2) -> 92.35 | X17: =J17/$X$50 -> 91.97482 | Y17: =ROUND(K17/$Y$50,2) -> 91.25 | Z17: =ROUND(L17/$Z$50,2) -> 91.22 | AA17: =ROUND(M17/$AA$50,2) -> 91.57 | AB17: =ROUND(N17/$AB$50,2) -> 91.27 | AC17: =ROUND(O17/$AC$50,2) -> 91.66 | AD17: =SUM(R17:AC17) -> 1110.9595
A18: Housing | B18: Construction | C18: SITE 23 - Construction K8HH1 | D18: 2858472803 | E18: 11024864381 | F18: 16812427160 | G18: 53248156281 | H18: 85300899534 | I18: 69940401341 | J18: 36645644861 | K18: 54645217029 | L18: 43546418269 | M18: 32003094724 | N18: 72176183860 | O18: 206353057391 | P18: =SUM(D18:O18) -> 684554837634 | Q18: =+P18+'Summary 2024'!Q19 -> 876953553304 | R18: =D18/$R$50 -> 113.8743 | S18: =E18/$S$50 -> 431.92417 | T18: =F18/$T$50 -> 656.91506 | U18: =G18/$U$50 -> 2046.9825 | V18: =H18/$V$50 -> 3278.9121 | W18: =ROUND(I18/$W$50,2) -> 2681.25 | X18: =J18/$X$50 -> 1399.1694 | Y18: =ROUND(K18/$Y$50,2) -> 2069.97 | Z18: =ROUND(L18/$Z$50,2) -> 1649.05 | AA18: =ROUND(M18/$AA$50,2) -> 1216.52 | AB18: =ROUND(N18/$AB$50,2) -> 2734.67 | AC18: =ROUND(O18/$AC$50,2) -> 7852.1 | AD18: =SUM(R18:AC18) -> 26131.338
A19: Housing | B19: Construction | C19: SITE 27 - Mockup house of THT-Phase 2 | D19: 1734109808 | E19: 1699714593 | F19: 189610078 | G19: 182340554 | H19: 26878710 | I19: 179146570 | J19: 1297341872 | K19: 131949087 | L19: 383420863 | M19: 53466518 | O19: 2613185055 | P19: =SUM(D19:O19) -> 8491163708 | Q19: =+P19+'Summary 2024'!Q23 -> 42736170732 | R19: =D19/$R$50 -> 69.082536 | S19: =E19/$S$50 -> 66.59019 | T19: =F19/$T$50 -> 7.4086695 | U19: =G19/$U$50 -> 7.0095934 | V19: =H19/$V$50 -> 1.0332005 | W19: =ROUND(I19/$W$50,2) -> 6.87 | X19: =J19/$X$50 -> 49.533881 | Y19: =ROUND(K19/$Y$50,2) -> 5 | Z19: =ROUND(L19/$Z$50,2) -> 14.52 | AA19: =ROUND(M19/$AA$50,2) -> 2.03 | AB19: =ROUND(N19/$AB$50,2) -> 0 | AC19: =ROUND(O19/$AC$50,2) -> 99.44 | AD19: =SUM(R19:AC19) -> 328.51807
A20: Infra | B20: Construction | C20: SITE 28 - Nhon Trach Infra | D20: 569213830 | E20: 21476891204 | F20: 6083722501 | G20: 16236898752 | H20: 7372590181 | I20: 27005426277 | J20: 10247736006 | K20: 3981600905 | L20: 1529045605 | M20: 4496869715 | N20: 5507805698 | O20: 47411666831 | P20: =SUM(D20:O20) -> 151919467505 | Q20: =+P20+'Summary 2024'!Q24 -> 215629151305 | R20: =D20/$R$50 -> 22.676035 | S20: =E20/$S$50 -> 841.40612 | T20: =F20/$T$50 -> 237.71041 | U20: =G20/$U$50 -> 624.18401 | V20: =H20/$V$50 -> 283.39766 | W20: =ROUND(I20/$W$50,2) -> 1035.29 | X20: =J20/$X$50 -> 391.26937 | Y20: =ROUND(K20/$Y$50,2) -> 150.82 | Z20: =ROUND(L20/$Z$50,2) -> 57.9 | AA20: =ROUND(M20/$AA$50,2) -> 170.94 | AB20: =ROUND(N20/$AB$50,2) -> 208.68 | AC20: =ROUND(O20/$AC$50,2) -> 1804.1 | AD20: =SUM(R20:AC20) -> 5828.3736
B21: Consulting | C21: SITE 29 - TCI managing for K8CT1 | D21: 1024700000 | P21: =SUM(D21:O21) -> 1024700000 | Q21: =+P21+'Summary 2024'!Q25 -> 2049400000 | R21: =D21/$R$50 -> 40.821448 | S21: =E21/$S$50 -> 0 | T21: =F21/$T$50 -> 0 | U21: =G21/$U$50 -> 0 | V21: =H21/$V$50 -> 0 | W21: =ROUND(I21/$W$50,2) -> 0 | X21: =J21/$X$50 -> 0 | Y21: =ROUND(K21/$Y$50,2) -> 0 | Z21: =ROUND(L21/$Z$50,2) -> 0 | AA21: =ROUND(M21/$AA$50,2) -> 0 | AB21: =ROUND(N21/$AB$50,2) -> 0 | AC21: =ROUND(O21/$AC$50,2) -> 0 | AD21: =SUM(R21:AC21) -> 40.821448
B22: Consulting | C22: SITE 30 - Brokerage for K8HH1 Building distribution | O22: 185970256437 | P22: =SUM(D22:O22) -> 185970256437 | Q22: =+P22+'Summary 2024'!Q26 -> 185970256437 | R22: =D22/$R$50 -> 0 | S22: =E22/$S$50 -> 0 | T22: =F22/$T$50 -> 0 | U22: =G22/$U$50 -> 0 | V22: =H22/$V$50 -> 0 | W22: =ROUND(I22/$W$50,2) -> 0 | X22: =J22/$X$50 -> 0 | Y22: =ROUND(K22/$Y$50,2) -> 0 | Z22: =ROUND(L22/$Z$50,2) -> 0 | AA22: =ROUND(M22/$AA$50,2) -> 0 | AB22: =ROUND(N22/$AB$50,2) -> 0 | AC22: =ROUND(O22/$AC$50,2) -> 7076.49 | AD22: =SUM(R22:AC22) -> 7076.49
B23: Consulting | C23: SITE 31 - Brokerage for H9CT1 & K8HH1 Shophouse distribution | P23: =SUM(D23:O23) -> 0 | Q23: =+P23 -> 0 | T23: =F23/$T$50 -> 0 | U23: =G23/$U$50 -> 0 | V23: =H23/$V$50 -> 0 | W23: =ROUND(I23/$W$50,2) -> 0 | X23: =J23/$X$50 -> 0 | Y23: =ROUND(K23/$Y$50,2) -> 0 | Z23: =ROUND(L23/$Z$50,2) -> 0 | AA23: =ROUND(M23/$AA$50,2) -> 0 | AB23: =ROUND(N23/$AB$50,2) -> 0 | AC23: =ROUND(O23/$AC$50,2) -> 0 | AD23: =SUM(R23:AC23) -> 0
B24: Consulting | C24: SITE 32 - Preparing Admendment CIP of THT project | F24: 223600000 | P24: =SUM(D24:O24) -> 223600000 | Q24: =+P24 -> 223600000 | T24: =F24/$T$50 -> 8.736764 | U24: =G24/$U$50 -> 0 | V24: =H24/$V$50 -> 0 | W24: =ROUND(I24/$W$50,2) -> 0 | X24: =J24/$X$50 -> 0 | Y24: =ROUND(K24/$Y$50,2) -> 0 | Z24: =ROUND(L24/$Z$50,2) -> 0 | AA24: =ROUND(M24/$AA$50,2) -> 0 | AB24: =ROUND(N24/$AB$50,2) -> 0 | AC24: =ROUND(O24/$AC$50,2) -> 0 | AD24: =SUM(R24:AC24) -> 8.736764
B25: Consulting | C25: SITE 33 - Preparing TCI for K2CT1 & K2HH1 | G25: 1503000000 | I25: 901800000 | N25: 601200000 | P25: =SUM(D25:O25) -> 3006000000 | Q25: =+P25 -> 3006000000 | T25: =F25/$T$50 -> 0 | U25: =G25/$U$50 -> 57.778803 | V25: =H25/$V$50 -> 0 | W25: =ROUND(I25/$W$50,2) -> 34.57 | X25: =J25/$X$50 -> 0 | Y25: =ROUND(K25/$Y$50,2) -> 0 | Z25: =ROUND(L25/$Z$50,2) -> 0 | AA25: =ROUND(M25/$AA$50,2) -> 0 | AB25: =ROUND(N25/$AB$50,2) -> 22.78 | AC25: =ROUND(O25/$AC$50,2) -> 0 | AD25: =SUM(R25:AC25) -> 115.1288
A26: Housing | B26: Construction | C26: SITE 34 - Defect repairing for H9CT1 | F26: 643062985 | G26: 1248544364 | H26: 638977938 | I26: 2091924909 | J26: 217944011 | K26: 371477332 | L26: 491732877 | M26: 1480080144 | N26: 3202518719 | O26: 6626401452 | P26: =SUM(D26:O26) -> 17012664731 | Q26: =+P26 -> 17012664731 | T26: =F26/$T$50 -> 25.126518 | U26: =G26/$U$50 -> 47.996939 | V26: =H26/$V$50 -> 24.561904 | W26: =ROUND(I26/$W$50,2) -> 80.2 | X26: =J26/$X$50 -> 8.3213322 | Y26: =ROUND(K26/$Y$50,2) -> 14.07 | Z26: =ROUND(L26/$Z$50,2) -> 18.62 | AA26: =ROUND(M26/$AA$50,2) -> 56.26 | AB26: =ROUND(N26/$AB$50,2) -> 121.34 | AC26: =ROUND(O26/$AC$50,2) -> 252.15 | AD26: =SUM(R26:AC26) -> 648.64669
B27: Consulting | C27: SITE 35 - Precons K2HH1 | L27: 10120000000 | P27: =SUM(D27:O27) -> 10120000000 | Q27: =+P27 -> 10120000000 | W27: =ROUND(I27/$W$50,2) -> 0 | X27: =J27/$X$50 -> 0 | Y27: =ROUND(K27/$Y$50,2) -> 0 | Z27: =ROUND(L27/$Z$50,2) -> 383.23 | AA27: =ROUND(M27/$AA$50,2) -> 0 | AB27: =ROUND(N27/$AB$50,2) -> 0 | AC27: =ROUND(O27/$AC$50,2) -> 0 | AD27: =SUM(R27:AC27) -> 383.23
B28: Consulting | C28: SITE 36 - Pile testing B1CC4 | O28: 7510380000 | P28: =SUM(D28:O28) -> 7510380000 | Q28: =+P28 -> 7510380000 | AA28: =ROUND(M28/$AA$50,2) -> 0 | AB28: =ROUND(N28/$AB$50,2) -> 0 | AC28: =ROUND(O28/$AC$50,2) -> 285.78 | AD28: =SUM(R28:AC28) -> 285.78
C29: COGS | D29: =SUM(D30:D49) -> 10191759312 | E29: =SUM(E30:E49) -> 36414796814 | F29: =SUM(F30:F49) -> 25894418238 | G29: =SUM(G30:G49) -> 67446139929 | H29: =SUM(H30:H49) -> 85638316411 | I29: =SUM(I30:I49) -> 96138186949 | J29: =SUM(J30:J49) -> 56280575729 | K29: =SUM(K30:K49) -> 56293851323 | ... AD29: =SUM(AD30:AD49) -> 42854.834 | AE29: =SUM(AE30:AE48) -> 0 | AF29: =SUM(AF30:AF48) -> 0 | AG29: =SUM(AG30:AG48) -> 0 | AH29: =+O29-'[2]IS (01)'!$K$14 -> 0.46868896 | AI29: =+AD29-'[2]IS (01)'!$G$14 -> 0.013676751
B30: O&M | C30: SITE05 - Infra Management | D30: 903565667 | E30: 1137445101 | F30: 1260883853 | G30: 1118198380 | H30: 1335815812 | I30: 1147017815 | J30: 1156968062 | K30: 1363679353 | L30: 1217997739 | M30: 1546468056 | N30: 1071999684 | O30: 1759922764 | P30: =SUM(D30:O30) -> 15019962286 | Q30: =+P30+'Summary 2024'!Q28 -> 105339303893 | R30: =D30/$R$50 -> 35.995764 | S30: =E30/$S$50 -> 44.562002 | T30: =F30/$T$50 -> 49.266747 | U30: =G30/$U$50 -> 42.986137 | V30: =H30/$V$50 -> 51.347907 | W30: =ROUND(I30/$W$50,2) -> 43.97 | X30: =J30/$X$50 -> 44.174261 | Y30: =ROUND(K30/$Y$50,2) -> 51.66 | Z30: =ROUND(L30/$Z$50,2) -> 46.12 | AA30: =ROUND(M30/$AA$50,2) -> 58.79 | AB30: =ROUND(N30/$AB$50,2) -> 40.62 | AC30: =ROUND(O30/$AC$50,2) -> 66.97 | AD30: =SUM(R30:AC30) -> 576.46282
A31: Infra | B31: Construction | C31: SITE06 - Infra Phase II | D31: 2690406564 | E31: 1946626833 | F31: 1646688442 | G31: 1583123724 | H31: 2173810407 | I31: 1499112037 | J31: 11019033926 | K31: 2148241009 | L31: 2529917749 | M31: 5862686514 | N31: 3491926572 | O31: 59006064057 | P31: =SUM(D31:O31) -> 95597637834 | Q31: =+P31+'Summary 2024'!Q29 -> 948151962044 | R31: =D31/$R$50 -> 107.17897 | S31: =E31/$S$50 -> 76.263539 | T31: =F31/$T$50 -> 64.341361 | U31: =G31/$U$50 -> 60.858945 | V31: =H31/$V$50 -> 83.559885 | W31: =ROUND(I31/$W$50,2) -> 57.47 | X31: =J31/$X$50 -> 420.71834 | Y31: =ROUND(K31/$Y$50,2) -> 81.38 | Z31: =ROUND(L31/$Z$50,2) -> 95.8 | AA31: =ROUND(M31/$AA$50,2) -> 222.86 | AB31: =ROUND(N31/$AB$50,2) -> 132.31 | AC31: =ROUND(O31/$AC$50,2) -> 2245.28 | AD31: =SUM(R31:AC31) -> 3648.021
B32: Consulting | C32: SITE08 - B3CC1 | P32: =SUM(D32:O32) -> 0 | Q32: =+P32+'Summary 2024'!Q30 -> 20208965609 | R32: =D32/$R$50 -> 0 | S32: =E32/$S$50 -> 0 | T32: =F32/$T$50 -> 0 | U32: =G32/$U$50 -> 0 | V32: =H32/$V$50 -> 0 | W32: =ROUND(I32/$W$50,2) -> 0 | X32: =J32/$X$50 -> 0 | Y32: =ROUND(K32/$Y$50,2) -> 0 | Z32: =ROUND(L32/$Z$50,2) -> 0 | AA32: =ROUND(M32/$AA$50,2) -> 0 | AB32: =ROUND(N32/$AB$50,2) -> 0 | AC32: =ROUND(O32/$AC$50,2) -> 0 | AD32: =SUM(R32:AC32) -> 0
B33: Consulting | C33: SITE14 - B1CC4 | I33: 4135012251 | L33: 715906760 | M33: 27392494 | P33: =SUM(D33:O33) -> 4878311505 | Q33: =+P33+'Summary 2024'!Q31 -> 13286709567 | R33: =D33/$R$50 -> 0 | S33: =E33/$S$50 -> 0 | T33: =F33/$T$50 -> 0 | U33: =G33/$U$50 -> 0 | V33: =H33/$V$50 -> 0 | W33: =ROUND(I33/$W$50,2) -> 158.52 | X33: =J33/$X$50 -> 0 | Y33: =ROUND(K33/$Y$50,2) -> 0 | Z33: =ROUND(L33/$Z$50,2) -> 27.11 | AA33: =ROUND(M33/$AA$50,2) -> 1.04 | AB33: =ROUND(N33/$AB$50,2) -> 0 | AC33: =ROUND(O33/$AC$50,2) -> 0 | AD33: =SUM(R33:AC33) -> 186.67
B34: Consulting | C34: SITE16 - Precons K8CT1 | P34: =SUM(D34:O34) -> 0 | Q34: =+P34+'Summary 2024'!Q33 -> 21060715417 | R34: =D34/$R$50 -> 0 | S34: =E34/$S$50 -> 0 | T34: =F34/$T$50 -> 0 | U34: =G34/$U$50 -> 0 | V34: =H34/$V$50 -> 0 | W34: =ROUND(I34/$W$50,2) -> 0 | X34: =J34/$X$50 -> 0 | Y34: =ROUND(K34/$Y$50,2) -> 0 | Z34: =ROUND(L34/$Z$50,2) -> 0 | AA34: =ROUND(M34/$AA$50,2) -> 0 | AB34: =ROUND(N34/$AB$50,2) -> 0 | AC34: =ROUND(O34/$AC$50,2) -> 0 | AD34: =SUM(R34:AC34) -> 0
B35: Consulting | C35: SITE17 - H1HH1 | P35: =SUM(D35:O35) -> 0 | Q35: =+P35+'Summary 2024'!Q34 -> 0 | R35: =D35/$R$50 -> 0 | S35: =E35/$S$50 -> 0 | T35: =F35/$T$50 -> 0 | U35: =G35/$U$50 -> 0 | V35: =H35/$V$50 -> 0 | W35: =ROUND(I35/$W$50,2) -> 0 | X35: =J35/$X$50 -> 0 | Y35: =ROUND(K35/$Y$50,2) -> 0 | Z35: =ROUND(L35/$Z$50,2) -> 0 | AA35: =ROUND(M35/$AA$50,2) -> 0 | AB35: =ROUND(N35/$AB$50,2) -> 0 | AC35: =ROUND(O35/$AC$50,2) -> 0 | AD35: =SUM(R35:AC35) -> 0
A36: Housing | B36: Construction | C36: SITE 18 - Construction K8CT1 | M36: 626619619 | N36: 11063050414 | O36: 106227835326 | P36: =SUM(D36:O36) -> 117917505359 | Q36: =+P36+'Summary 2024'!Q35 -> 117917505359 | R36: =D36/$R$50 -> 0 | S36: =E36/$S$50 -> 0 | T36: =F36/$T$50 -> 0 | U36: =G36/$U$50 -> 0 | V36: =H36/$V$50 -> 0 | W36: =ROUND(I36/$W$50,2) -> 0 | X36: =J36/$X$50 -> 0 | Y36: =ROUND(K36/$Y$50,2) -> 0 | Z36: =ROUND(L36/$Z$50,2) -> 0 | AA36: =ROUND(M36/$AA$50,2) -> 23.82 | AB36: =ROUND(N36/$AB$50,2) -> 419.17 | AC36: =ROUND(O36/$AC$50,2) -> 4042.16 | AD36: =SUM(R36:AC36) -> 4485.15
B37: Consulting | C37: SITE 20 - Precons K2CT1 | P37: =SUM(D37:O37) -> 0 | Q37: =+P37+'Summary 2024'!Q36 -> 10046168062 | R37: =D37/$R$50 -> 0 | S37: =E37/$S$50 -> 0 | T37: =F37/$T$50 -> 0 | U37: =G37/$U$50 -> 0 | V37: =H37/$V$50 -> 0 | W37: =ROUND(I37/$W$50,2) -> 0 | X37: =J37/$X$50 -> 0 | Y37: =ROUND(K37/$Y$50,2) -> 0 | Z37: =ROUND(L37/$Z$50,2) -> 0 | AA37: =ROUND(M37/$AA$50,2) -> 0 | AB37: =ROUND(N37/$AB$50,2) -> 0 | AC37: =ROUND(O37/$AC$50,2) -> 0 | AD37: =SUM(R37:AC37) -> 0
B38: O&M | C38: SITE 22 - Villa H&K Management | D38: 1673828718 | E38: 2311159808 | F38: 1976302835 | G38: 2152165579 | H38: 2220394521 | I38: 2176632026 | J38: 2086044206 | K38: 2143762787 | L38: 2068567908 | M38: 2172529825 | N38: 2037000572 | O38: 2598277574 | P38: =SUM(D38:O38) -> 25616666359 | Q38: =+P38+'Summary 2024'!Q37 -> 63927690790 | R38: =D38/$R$50 -> 66.68109 | S38: =E38/$S$50 -> 90.544948 | T38: =F38/$T$50 -> 77.220444 | U38: =G38/$U$50 -> 82.734232 | V38: =H38/$V$50 -> 85.350549 | W38: =ROUND(I38/$W$50,2) -> 83.44 | X38: =J38/$X$50 -> 79.647368 | Y38: =ROUND(K38/$Y$50,2) -> 81.21 | Z38: =ROUND(L38/$Z$50,2) -> 78.33 | AA38: =ROUND(M38/$AA$50,2) -> 82.58 | AB38: =ROUND(N38/$AB$50,2) -> 77.18 | AC38: =ROUND(O38/$AC$50,2) -> 98.87 | AD38: =SUM(R38:AC38) -> 983.78863
A39: Housing | B39: Construction | C39: SITE 23 - Construction K8HH1 | D39: 2429701883 | E39: 9371134724 | F39: 14290563086 | G39: 45260932839 | H39: 72505764604 | I39: 59449341139 | J39: 31148798132 | K39: 46448434474 | L39: 35258549755 | M39: 27103420922 | N39: 61126010111 | O39: 174760404304 | P39: =SUM(D39:O39) -> 579153055973 | Q39: =+P39+'Summary 2024'!Q38 -> 742691964293 | R39: =D39/$R$50 -> 96.793159 | S39: =E39/$S$50 -> 367.13554 | T39: =F39/$T$50 -> 558.3778 | U39: =G39/$U$50 -> 1739.9351 | V39: =H39/$V$50 -> 2787.0753 | W39: =ROUND(I39/$W$50,2) -> 2279.06 | X39: =J39/$X$50 -> 1189.294 | Y39: =ROUND(K39/$Y$50,2) -> 1759.48 | Z39: =ROUND(L39/$Z$50,2) -> 1335.2 | AA39: =ROUND(M39/$AA$50,2) -> 1030.27 | AB39: =ROUND(N39/$AB$50,2) -> 2315.99 | AC39: =ROUND(O39/$AC$50,2) -> 6649.94 | AD39: =SUM(R39:AC39) -> 22108.551
A40: Housing | B40: Construction | C40: SITE 27 - Mockup house of THT-Phase 2 | D40: 1513531040 | E40: 1483510897 | F40: 165491676 | G40: 159146836 | H40: 23459738 | I40: 156359126 | J40: 1132319986 | K40: 115165163 | L40: 66183951 | M40: 46307351 | O40: 2263279576 | P40: =SUM(D40:O40) -> 7124755340 | Q40: =+P40+'Summary 2024'!Q42 -> 37013797470 | R40: =D40/$R$50 -> 60.295237 | S40: =E40/$S$50 -> 58.119918 | T40: =F40/$T$50 -> 6.4662867 | U40: =G40/$U$50 -> 6.1179732 | V40: =H40/$V$50 -> 0.90177736 | W40: =ROUND(I40/$W$50,2) -> 5.99 | X40: =J40/$X$50 -> 43.233171 | Y40: =ROUND(K40/$Y$50,2) -> 4.36 | Z40: =ROUND(L40/$Z$50,2) -> 2.51 | AA40: =ROUND(M40/$AA$50,2) -> 1.76 | AB40: =ROUND(N40/$AB$50,2) -> 0 | AC40: =ROUND(O40/$AC$50,2) -> 86.12 | AD40: =SUM(R40:AC40) -> 275.87436
A41: Infra | B41: Construction | C41: SITE 28 - Nhon Trach Infra | D41: 570370718 | E41: 20164919451 | F41: 5820211023 | G41: 15064838392 | H41: 6817478526 | I41: 24937974654 | J41: 9547887305 | K41: 3751531849 | L41: 1879751425 | M41: 4518956882 | N41: 5083585312 | O41: 43643974393 | P41: =SUM(D41:O41) -> 141801479930 | Q41: =+P41+'Summary 2024'!Q43 -> 200557675871 | R41: =D41/$R$50 -> 22.722122 | S41: =E41/$S$50 -> 790.00664 | T41: =F41/$T$50 -> 227.41418 | U41: =G41/$U$50 -> 579.1273 | V41: =H41/$V$50 -> 262.05952 | W41: =ROUND(I41/$W$50,2) -> 956.03 | X41: =J41/$X$50 -> 364.54841 | Y41: =ROUND(K41/$Y$50,2) -> 142.11 | Z41: =ROUND(L41/$Z$50,2) -> 71.18 | AA41: =ROUND(M41/$AA$50,2) -> 171.78 | AB41: =ROUND(N41/$AB$50,2) -> 192.61 | AC41: =ROUND(O41/$AC$50,2) -> 1660.73 | AD41: =SUM(R41:AC41) -> 5440.3182
B42: Consulting | C42: SITE 29 - TCI managing for K8CT1 | D42: 410354722 | P42: =SUM(D42:O42) -> 410354722 | Q42: =+P42+'Summary 2024'!Q44 -> 1367849074 | R42: =D42/$R$50 -> 16.347491 | S42: =E42/$S$50 -> 0 | T42: =F42/$T$50 -> 0 | U42: =G42/$U$50 -> 0 | V42: =H42/$V$50 -> 0 | W42: =ROUND(I42/$W$50,2) -> 0 | X42: =J42/$X$50 -> 0 | Y42: =ROUND(K42/$Y$50,2) -> 0 | Z42: =ROUND(L42/$Z$50,2) -> 0 | AA42: =ROUND(M42/$AA$50,2) -> 0 | AB42: =ROUND(N42/$AB$50,2) -> 0 | AC42: =ROUND(O42/$AC$50,2) -> 0 | AD42: =SUM(R42:AC42) -> 16.347491
B43: Consulting | C43: SITE 30 - Brokerage for K8HH1 Building distribution | O43: 1.155595e+11 | P43: =SUM(D43:O43) -> 1.155595e+11 | Q43: =+P43+'Summary 2024'!Q45 -> 1.155595e+11 | R43: =D43/$R$50 -> 0 | S43: =E43/$S$50 -> 0 | T43: =F43/$T$50 -> 0 | U43: =G43/$U$50 -> 0 | V43: =H43/$V$50 -> 0 | W43: =ROUND(I43/$W$50,2) -> 0 | X43: =J43/$X$50 -> 0 | Y43: =ROUND(K43/$Y$50,2) -> 0 | Z43: =ROUND(L43/$Z$50,2) -> 0 | AA43: =ROUND(M43/$AA$50,2) -> 0 | AB43: =ROUND(N43/$AB$50,2) -> 0 | AC43: =ROUND(O43/$AC$50,2) -> 4397.24 | AD43: =SUM(R43:AC43) -> 4397.24
B44: Consulting | C44: SITE 31 - Brokerage for H9CT1 & K8HH1 Shophouse distribution | P44: =SUM(D44:O44) -> 0 | Q44: =+P44 -> 0 | T44: =F44/$T$50 -> 0 | U44: =G44/$U$50 -> 0 | V44: =H44/$V$50 -> 0 | W44: =ROUND(I44/$W$50,2) -> 0 | X44: =J44/$X$50 -> 0 | Y44: =ROUND(K44/$Y$50,2) -> 0 | Z44: =ROUND(L44/$Z$50,2) -> 0 | AA44: =ROUND(M44/$AA$50,2) -> 0 | AB44: =ROUND(N44/$AB$50,2) -> 0 | AC44: =ROUND(O44/$AC$50,2) -> 0 | AD44: =SUM(R44:AC44) -> 0
B45: Consulting | C45: SITE 32 - Preparing Amendment CIP of THT project | F45: 175069751 | H45: 5937588 | P45: =SUM(D45:O45) -> 181007339 | Q45: =+P45 -> 181007339 | T45: =F45/$T$50 -> 6.8405326 | U45: =G45/$U$50 -> 0 | V45: =H45/$V$50 -> 0.22823709 | W45: =ROUND(I45/$W$50,2) -> 0 | X45: =J45/$X$50 -> 0 | Y45: =ROUND(K45/$Y$50,2) -> 0 | Z45: =ROUND(L45/$Z$50,2) -> 0 | AA45: =ROUND(M45/$AA$50,2) -> 0 | AB45: =ROUND(N45/$AB$50,2) -> 0 | AC45: =ROUND(O45/$AC$50,2) -> 0 | AD45: =SUM(R45:AC45) -> 7.0687697
B46: Consulting | C46: SITE 33 - Preparing TCI for K2CT1 & K2HH1 | G46: 1022000000 | I46: 817600000 | N46: 204400000 | P46: =SUM(D46:O46) -> 2044000000 | Q46: =+P46 -> 2044000000 | T46: =F46/$T$50 -> 0 | U46: =G46/$U$50 -> 39.288048 | V46: =H46/$V$50 -> 0 | W46: =ROUND(I46/$W$50,2) -> 31.34 | X46: =J46/$X$50 -> 0 | Y46: =ROUND(K46/$Y$50,2) -> 0 | Z46: =ROUND(L46/$Z$50,2) -> 0 | AA46: =ROUND(M46/$AA$50,2) -> 0 | AB46: =ROUND(N46/$AB$50,2) -> 7.74 | AC46: =ROUND(O46/$AC$50,2) -> 0 | AD46: =SUM(R46:AC46) -> 78.368048
A47: Housing | B47: Construction | C47: SITE 34 - Defect repairing for H9CT1 | F47: 559207572 | G47: 1085734179 | H47: 555655215 | I47: 1819137901 | J47: 189524112 | K47: 323036688 | L47: 191479202 | M47: 1225802375 | N47: 2652326003 | O47: 5487985682 | P47: =SUM(D47:O47) -> 14089888929 | Q47: =+P47 -> 14089888929 | T47: =F47/$T$50 -> 21.85002 | U47: =G47/$U$50 -> 41.738138 | V47: =H47/$V$50 -> 21.359032 | W47: =ROUND(I47/$W$50,2) -> 69.74 | X47: =J47/$X$50 -> 7.2362305 | Y47: =ROUND(K47/$Y$50,2) -> 12.24 | Z47: =ROUND(L47/$Z$50,2) -> 7.25 | AA47: =ROUND(M47/$AA$50,2) -> 46.6 | AB47: =ROUND(N47/$AB$50,2) -> 100.49 | AC47: =ROUND(O47/$AC$50,2) -> 208.83 | AD47: =SUM(R47:AC47) -> 537.33342
B48: Consulting | C48: SITE 35 - Precons K2HH1 | L48: 513381329 | M48: 60761532 | P48: =SUM(D48:O48) -> 574142861 | Q48: =+P48 -> 574142861 | W48: =ROUND(I48/$W$50,2) -> 0 | X48: =J48/$X$50 -> 0 | Y48: =ROUND(K48/$Y$50,2) -> 0 | Z48: =ROUND(L48/$Z$50,2) -> 19.44 | AA48: =ROUND(M48/$AA$50,2) -> 2.31 | AB48: =ROUND(N48/$AB$50,2) -> 0 | AC48: =ROUND(O48/$AC$50,2) -> 0 | AD48: =SUM(R48:AC48) -> 21.75
B49: Consulting | C49: SITE 36 - Pile testing B1CC4 | O49: 2414938645 | P49: =SUM(D49:O49) -> 2414938645 | Q49: =+P49 -> 2414938645 | W49: =ROUND(I49/$W$50,2) -> 0 | X49: =J49/$X$50 -> 0 | Y49: =ROUND(K49/$Y$50,2) -> 0 | Z49: =ROUND(L49/$Z$50,2) -> 0 | AA49: =ROUND(M49/$AA$50,2) -> 0 | AB49: =ROUND(N49/$AB$50,2) -> 0 | AC49: =ROUND(O49/$AC$50,2) -> 91.89 | AD49: =SUM(R49:AC49) -> 91.89
C50: ER | R50: 25102000 | S50: 25525000 | T50: 25593000 | U50: 26013000 | V50: =26015*1000 -> 26015000 | W50: 26085000 | X50: 26191000 | Y50: 26399000 | Z50: 26407000 | AA50: 26307000 | AB50: 26393000 | AC50: 26280000
C52: SITE06 | D52: =IFERROR(D31/D10,0) -> 0.8696 | E52: =IFERROR(E31/E10,0) -> 0.8696 | F52: =IFERROR(F31/F10,0) -> 0.8696 | G52: =IFERROR(G31/G10,0) -> 0.8696 | H52: =IFERROR(H31/H10,0) -> 0.8696 | I52: =IFERROR(I31/I10,0) -> 0.8696 | J52: =IFERROR(J31/J10,0) -> 0.8696 | K52: =IFERROR(K31/K10,0) -> 0.8696 | L52: 210 | M52: =IFERROR(M31/M10,0) -> 0.8705 | N52: =IFERROR(N31/N10,0) -> 0.8705 | O52: =IFERROR(O31/O10,0) -> 0.8705 | P52: =IFERROR(P31/P10,0) -> 0.87860949 | Q52: =IFERROR(Q31/Q10,0) -> 0.8705 | R52: =IFERROR(R31/R10,0) -> 0.8696 | S52: =IFERROR(S31/S10,0) -> 0.8696 | T52: =IFERROR(T31/T10,0) -> 0.8696 | ... AD52: =IFERROR(AD31/AD10,0) -> 0.87854334
C54: SITE18 | M54: =+M36/M15 -> 0.85 | N54: =+N36/N15 -> 0.85 | O54: =+O36/O15 -> 0.85 | P54: =+P36/P15 -> 0.85 | Q54: =+Q36/Q15 -> 0.85 | AA54: =+AA36/AA15 -> 0.85010707 | AB54: =+AB36/AB15 -> 0.85000203 | AC54: =+AC36/AC15 -> 0.85000042 | AD54: =+AD36/AD15 -> 0.85000114
C56: SITE23 | D56: =IFERROR(D39/D18,0) -> 0.85 | E56: =IFERROR(E39/E18,0) -> 0.85 | F56: =IFERROR(F39/F18,0) -> 0.85 | G56: =IFERROR(G39/G18,0) -> 0.85 | H56: =IFERROR(H39/H18,0) -> 0.85 | I56: =IFERROR(I39/I18,0) -> 0.85 | J56: =IFERROR(J39/J18,0) -> 0.85 | K56: =IFERROR(K39/K18,0) -> 0.85 | ... AD56: =IFERROR(AD39/AD18,0) -> 0.84605508
C58: SITE27 | D58: =IFERROR(D40/D19,0) -> 0.8728 | E58: =IFERROR(E40/E19,0) -> 0.8728 | F58: =IFERROR(F40/F19,0) -> 0.8728 | G58: =IFERROR(G40/G19,0) -> 0.8728 | H58: =IFERROR(H40/H19,0) -> 0.8728 | I58: =IFERROR(I40/I19,0) -> 0.8728 | J58: =IFERROR(J40/J19,0) -> 0.8728 | K58: =IFERROR(K40/K19,0) -> 0.8728 | ... AD58: =IFERROR(AD40/AD19,0) -> 0.839754
C60: SITE28 | D60: =IFERROR(D41/D20,0) -> 1.0020324 | E60: =IFERROR(E41/E20,0) -> 0.9389124 | F60: =IFERROR(F41/F20,0) -> 0.95668582 | G60: =IFERROR(G41/G20,0) -> 0.92781501 | H60: =IFERROR(H41/H20,0) -> 0.92470602 | I60: =IFERROR(I41/I20,0) -> 0.9234431 | J60: =IFERROR(J41/J20,0) -> 0.93170699 | K60: =IFERROR(K41/K20,0) -> 0.94221695 | ... AD60: =IFERROR(AD41/AD20,0) -> 0.9334196
D61: SITE28 cost rate is fluctuations because HQ transfer cost could not be claimed and estimated to Revenue
C62: SITE34 | F62: =IFERROR(F47/F26,0) -> 0.8696 | G62: =IFERROR(G47/G26,0) -> 0.8696 | H62: =IFERROR(H47/H26,0) -> 0.8696 | I62: =IFERROR(I47/I26,0) -> 0.8696 | J62: =IFERROR(J47/J26,0) -> 0.8696 | K62: =IFERROR(K47/K26,0) -> 0.8696 | L62: =IFERROR(L47/L26,0) -> 0.38939679 | M62: =IFERROR(M47/M26,0) -> 0.8282 | ... Q62: =IFERROR(Q47/Q26,0) -> 0.8282 | T62: =IFERROR(T47/T26,0) -> 0.8696 | U62: =IFERROR(U47/U26,0) -> 0.8696 | V62: =IFERROR(V47/V26,0) -> 0.8696 | W62: =IFERROR(W47/W26,0) -> 0.86957606 | X62: =IFERROR(X47/X26,0) -> 0.8696 | Y62: =IFERROR(Y47/Y26,0) -> 0.86993603 | Z62: =IFERROR(Z47/Z26,0) -> 0.38936627 | AA62: =IFERROR(AA47/AA26,0) -> 0.82829719 | ... AD62: =IFERROR(AD47/AD26,0) -> 0.82839152

Sheet Summary 2024
C1: DAEWOO VINA
C2: SUMMARY SALES + COGS 2024
C5: Month | D5: 2024
D6: VND | Q6: TOTAL up to 2024 | R6: 1000 USD
D7: 45292 | E7: 45323 | F7: 45352 | G7: 45383 | H7: 45413 | I7: 45444 | J7: 45474 | K7: 45505 | L7: 45536 | M7: 45566 | N7: 45597 | O7: 45627 | P7: Total VND | R7: 45292 | S7: 45323 | T7: 45352 | U7: 45383 | V7: 45413 | W7: 45444 | X7: 45474 | Y7: 45505 | Z7: 45536 | AA7: 45566 | AB7: 45597 | AC7: 45627 | AD7: Total 1000 USD
C8: Revenue | D8: =SUM(D9:D26) -> 6056574782 | E8: =SUM(E9:E26) -> 22067528551 | F8: =SUM(F9:F26) -> 14722755781 | G8: =SUM(G9:G26) -> 21143085485 | H8: =SUM(H9:H26) -> 17873986574 | I8: =SUM(I9:I26) -> 21223686233 | J8: =SUM(J9:J26) -> 27760288256 | K8: =SUM(K9:K26) -> 31910890250 | ... AD8: =SUM(AD9:AD26) -> 24262.796 | AE8: =+AD8-'[3]IS (01)'!$G$6 -> -0.014440797 | AF8: =+P8-'[3]IS (01)'!$L$6 -> 0
B9: O&M | C9: SITE05 - Infra Management | D9: 0 | E9: 1650376351 | F9: 1190812992 | G9: 2972960688 | H9: 1517740000 | I9: 1671190000 | J9: 1517740000 | K9: 1532425000 | L9: 1620788000 | M9: 1983764900 | N9: 1557348800 | O9: 1729492200 | P9: =SUM(D9:O9) -> 18944638931 | Q9: =+P9+'Summary 2023'!O10 -> 99156962908 | R9: =D9/$R$46 -> 0 | S9: =E9/$S$46 -> 67.472459 | T9: =F9/$T$46 -> 48.367709 | U9: =G9/$U$46 -> 118.22327 | V9: =H9/$V$46 -> 60.146628 | W9: =ROUND(I9/$W$46,2) -> 66.23 | X9: =J9/$X$46 -> 60.479777 | Y9: =ROUND(K9/$Y$46,2) -> 61.63 | Z9: =ROUND(L9/$Z$46,2) -> 65.83 | AA9: =ROUND(M9/$AA$46,2) -> 78.44 | AB9: =ROUND(N9/$AB$46,2) -> 61.41 | AC9: =ROUND(O9/$AC$46,2) -> 67.88 | AD9: =SUM(R9:AC9) -> 756.10985
A10: Infra | B10: Construction | C10: SITE06 - Infra Phase II | D10: 2253040205 | E10: 9853198521 | F10: 4579486858 | G10: 12811710314 | H10: 9023094388 | I10: 13840270491 | J10: 18903171211 | K10: 15517259378 | L10: 10149403000 | M10: 12973837559 | N10: 36151593693 | O10: 82434670268 | P10: =SUM(D10:O10) -> 228490735886 | Q10: =P10+'Summary 2023'!O11 -> 9.8039826e+11 | R10: =D10/$R$46 -> 92.966379 | S10: =E10/$S$46 -> 402.82905 | T10: =F10/$T$46 -> 186.00678 | U10: =G10/$U$46 -> 509.47271 | V10: =H10/$V$46 -> 357.57686 | W10: =ROUND(I10/$W$46,2) -> 548.5 | X10: =J10/$X$46 -> 753.26444 | Y10: =ROUND(K10/$Y$46,2) -> 624.04 | Z10: =ROUND(L10/$Z$46,2) -> 412.26 | AA10: =ROUND(M10/$AA$46,2) -> 513.02 | AB10: =ROUND(N10/$AB$46,2) -> 1425.65 | AC10: =ROUND(O10/$AC$46,2) -> 3235.65 | AD10: =SUM(R10:AC10) -> 9061.2362
B11: Consulting | C11: SITE08 - B3CC1 | K11: 4883800000 | P11: =SUM(D11:O11) -> 4883800000 | Q11: =P11+'Summary 2023'!O12 -> 104618100000 | R11: =D11/$R$46 -> 0 | S11: =E11/$S$46 -> 0 | T11: =F11/$T$46 -> 0 | U11: =G11/$U$46 -> 0 | V11: =H11/$V$46 -> 0 | W11: =ROUND(I11/$W$46,2) -> 0 | X11: =J11/$X$46 -> 0 | Y11: =ROUND(K11/$Y$46,2) -> 196.4 | Z11: =ROUND(L11/$Z$46,2) -> 0 | AA11: =ROUND(M11/$AA$46,2) -> 0 | AB11: =ROUND(N11/$AB$46,2) -> 0 | AC11: =ROUND(O11/$AC$46,2) -> 0 | AD11: =SUM(R11:AC11) -> 196.4
B12: Consulting | C12: SITE14 - B1CC4 | P12: =SUM(D12:O12) -> 0 | Q12: =+P12+'Summary 2023'!O16 -> 19096000000 | R12: =D12/$R$46 -> 0 | S12: =E12/$S$46 -> 0 | T12: =F12/$T$46 -> 0 | U12: =G12/$U$46 -> 0 | V12: =H12/$V$46 -> 0 | W12: =ROUND(I12/$W$46,2) -> 0 | X12: =J12/$X$46 -> 0 | Y12: =ROUND(K12/$Y$46,2) -> 0 | Z12: =ROUND(L12/$Z$46,2) -> 0 | AA12: =ROUND(M12/$AA$46,2) -> 0 | AB12: =ROUND(N12/$AB$46,2) -> 0 | AC12: =ROUND(O12/$AC$46,2) -> 0 | AD12: =SUM(R12:AC12) -> 0
B13: Consulting | C13: SITE15 - Precons K8HH1 | O13: 9945452000 | P13: =SUM(D13:O13) -> 9945452000 | Q13: =P13+'Summary 2023'!O17 -> 49727260000 | R13: =D13/$R$46 -> 0 | S13: =E13/$S$46 -> 0 | T13: =F13/$T$46 -> 0 | U13: =G13/$U$46 -> 0 | V13: =H13/$V$46 -> 0 | W13: =ROUND(I13/$W$46,2) -> 0 | X13: =J13/$X$46 -> 0 | Y13: =ROUND(K13/$Y$46,2) -> 0 | Z13: =ROUND(L13/$Z$46,2) -> 0 | AA13: =ROUND(M13/$AA$46,2) -> 0 | AB13: =ROUND(N13/$AB$46,2) -> 0 | AC13: =ROUND(O13/$AC$46,2) -> 390.37 | AD13: =SUM(R13:AC13) -> 390.37
B14: Consulting | C14: SITE16 - Precons K8CT1 | O14: 14918178000 | P14: =SUM(D14:O14) -> 14918178000 | Q14: =P14+'Summary 2023'!O18 -> 39781808000 | R14: =D14/$R$46 -> 0 | S14: =E14/$S$46 -> 0 | T14: =F14/$T$46 -> 0 | U14: =G14/$U$46 -> 0 | V14: =H14/$V$46 -> 0 | W14: =ROUND(I14/$W$46,2) -> 0 | X14: =J14/$X$46 -> 0 | Y14: =ROUND(K14/$Y$46,2) -> 0 | Z14: =ROUND(L14/$Z$46,2) -> 0 | AA14: =ROUND(M14/$AA$46,2) -> 0 | AB14: =ROUND(N14/$AB$46,2) -> 0 | AC14: =ROUND(O14/$AC$46,2) -> 585.55 | AD14: =SUM(R14:AC14) -> 585.55
B15: Consulting | C15: SITE17 - H1HH1 | P15: =SUM(D15:O15) -> 0 | Q15: =+P15+'Summary 2023'!O19 -> 0 | R15: =D15/$R$46 -> 0 | S15: =E15/$S$46 -> 0 | T15: =F15/$T$46 -> 0 | U15: =G15/$U$46 -> 0 | V15: =H15/$V$46 -> 0 | W15: =ROUND(I15/$W$46,2) -> 0 | X15: =J15/$X$46 -> 0 | Y15: =ROUND(K15/$Y$46,2) -> 0 | Z15: =ROUND(L15/$Z$46,2) -> 0 | AA15: =ROUND(M15/$AA$46,2) -> 0 | AB15: =ROUND(N15/$AB$46,2) -> 0 | AC15: =ROUND(O15/$AC$46,2) -> 0 | AD15: =SUM(R15:AC15) -> 0
A16: Housing | B16: Construction | C16: SITE 18 - Construction K8CT1 | P16: =SUM(D16:O16) -> 0 | Q16: =+P16+'Summary 2023'!O20 -> 0 | R16: =D16/$R$46 -> 0 | S16: =E16/$S$46 -> 0 | T16: =F16/$T$46 -> 0 | U16: =G16/$U$46 -> 0 | V16: =H16/$V$46 -> 0 | W16: =ROUND(I16/$W$46,2) -> 0 | X16: =J16/$X$46 -> 0 | Y16: =ROUND(K16/$Y$46,2) -> 0 | Z16: =ROUND(L16/$Z$46,2) -> 0 | AA16: =ROUND(M16/$AA$46,2) -> 0 | AB16: =ROUND(N16/$AB$46,2) -> 0 | AC16: =ROUND(O16/$AC$46,2) -> 0 | AD16: =SUM(R16:AC16) -> 0
B17: Consulting | C17: SITE 20 - Precons K2CT1 | M17: 14293668000 | P17: =SUM(D17:O17) -> 14293668000 | Q17: =+P17+'Summary 2023'!O21 -> 23822780000 | R17: =D17/$R$46 -> 0 | S17: =E17/$S$46 -> 0 | T17: =F17/$T$46 -> 0 | U17: =G17/$U$46 -> 0 | V17: =H17/$V$46 -> 0 | W17: =ROUND(I17/$W$46,2) -> 0 | X17: =J17/$X$46 -> 0 | Y17: =ROUND(K17/$Y$46,2) -> 0 | Z17: =ROUND(L17/$Z$46,2) -> 0 | AA17: =ROUND(M17/$AA$46,2) -> 565.21 | AB17: =ROUND(N17/$AB$46,2) -> 0 | AC17: =ROUND(O17/$AC$46,2) -> 0 | AD17: =SUM(R17:AC17) -> 565.21
B18: O&M | C18: SITE 22 - Villa H&K Management | D18: 2338750000 | E18: 2338750000 | F18: 2338750000 | G18: 2338750000 | H18: 2338750000 | I18: 2338750000 | J18: 2408912500 | K18: 2408912500 | L18: 2408912500 | M18: 2408912500 | N18: 2408912500 | O18: 2408912500 | P18: =SUM(D18:O18) -> 28485975000 | Q18: =+P18+'Summary 2023'!O23 -> 42518475000 | R18: =D18/$R$46 -> 96.502992 | S18: =E18/$S$46 -> 95.61529 | T18: =F18/$T$46 -> 94.993907 | U18: =G18/$U$46 -> 93.003142 | V18: =H18/$V$46 -> 92.682492 | W18: =ROUND(I18/$W$46,2) -> 92.69 | X18: =J18/$X$46 -> 95.991731 | Y18: =ROUND(K18/$Y$46,2) -> 96.88 | Z18: =ROUND(L18/$Z$46,2) -> 97.85 | AA18: =ROUND(M18/$AA$46,2) -> 95.26 | AB18: =ROUND(N18/$AB$46,2) -> 95 | AC18: =ROUND(O18/$AC$46,2) -> 94.55 | AD18: =SUM(R18:AC18) -> 1141.0196
A19: Housing | B19: Construction | C19: SITE 23 - Construction K8HH1 | D19: 1320627668 | E19: 5702696779 | F19: 2940874136 | G19: 3243726429 | H19: 2918417114 | K19: 7568493372 | L19: 4871315219 | M19: 1942766068 | N19: 44410893014 | O19: 92388332546 | P19: =SUM(D19:O19) -> 167308142345 | Q19: =+P19+'Summary 2023'!O24 -> 192398715670 | R19: =D19/$R$46 -> 54.49258 | S19: =E19/$S$46 -> 233.14378 | T19: =F19/$T$46 -> 119.45061 | U19: =G19/$U$46 -> 128.99059 | V19: =H19/$V$46 -> 115.65416 | W19: =ROUND(I19/$W$46,2) -> 0 | X19: =J19/$X$46 -> 0 | Y19: =ROUND(K19/$Y$46,2) -> 304.37 | Z19: =ROUND(L19/$Z$46,2) -> 197.87 | AA19: =ROUND(M19/$AA$46,2) -> 76.82 | AB19: =ROUND(N19/$AB$46,2) -> 1751.36 | AC19: =ROUND(O19/$AC$46,2) -> 3626.34 | AD19: =SUM(R19:AC19) -> 6608.4917
A20: Mockup house | B20: Construction | C20: SITE 24 - Mockup house of THT-Phase 1 | D20: 144156909 | E20: 2522506900 | F20: 3672831795 | G20: -224061946 | P20: =SUM(D20:O20) -> 6115433658 | Q20: =+P20+'Summary 2023'!O25 -> 8804407658 | R20: =D20/$R$46 -> 5.9482942 | S20: =E20/$S$46 -> 103.12784 | T20: =F20/$T$46 -> 149.18082 | U20: =G20/$U$46 -> -8.9100865 | V20: =H20/$V$46 -> 0 | W20: =ROUND(I20/$W$46,2) -> 0 | X20: =J20/$X$46 -> 0 | Y20: =ROUND(K20/$Y$46,2) -> 0 | Z20: =ROUND(L20/$Z$46,2) -> 0 | AA20: =ROUND(M20/$AA$46,2) -> 0 | AB20: =ROUND(N20/$AB$46,2) -> 0 | AC20: =ROUND(O20/$AC$46,2) -> 0 | AD20: =SUM(R20:AC20) -> 249.34687
B21: Construction | C21: SITE 25 - Testing Pile K2CT1 | H21: 2075985072 | I21: 3373475742 | J21: 4930464545 | P21: =SUM(D21:O21) -> 10379925359 | Q21: =+P21 -> 10379925359 | U21: =G21/$U$46 -> 0 | V21: =H21/$V$46 -> 82.269362 | W21: =ROUND(I21/$W$46,2) -> 133.69 | X21: =J21/$X$46 -> 196.47199 | Y21: =ROUND(K21/$Y$46,2) -> 0 | Z21: =ROUND(L21/$Z$46,2) -> 0 | AA21: =ROUND(M21/$AA$46,2) -> 0 | AB21: =ROUND(N21/$AB$46,2) -> 0 | AC21: =ROUND(O21/$AC$46,2) -> 0 | AD21: =SUM(R21:AC21) -> 412.43135
B22: Construction | C22: SITE 26 - Testing Pile K8CT1 | L22: 2375375979 | M22: 3563063968 | N22: 3958959964 | P22: =SUM(D22:O22) -> 9897399911 | Q22: =+P22 -> 9897399911 | X22: =J22/$X$46 -> 0 | Y22: =ROUND(K22/$Y$46,2) -> 0 | Z22: =ROUND(L22/$Z$46,2) -> 96.49 | AA22: =ROUND(M22/$AA$46,2) -> 140.89 | AB22: =ROUND(N22/$AB$46,2) -> 156.12 | AC22: =ROUND(O22/$AC$46,2) -> 0 | AD22: =SUM(R22:AC22) -> 393.5
A23: Mockup house | B23: Construction | C23: SITE 27 - Mockup house of THT-Phase 2 | L23: 7048306733 | M23: 2104374512 | N23: 11421554786 | O23: =13272382415+398388578 -> 13670770993 | P23: =SUM(D23:O23) -> 34245007024 | Q23: =+P23 -> 34245007024 | X23: =J23/$X$46 -> 0 | Y23: =ROUND(K23/$Y$46,2) -> 0 | Z23: =ROUND(L23/$Z$46,2) -> 286.3 | AA23: =ROUND(M23/$AA$46,2) -> 83.21 | AB23: =ROUND(N23/$AB$46,2) -> 450.41 | AC23: =ROUND(O23/$AC$46,2) -> 536.59 | AD23: =SUM(R23:AC23) -> 1356.51
A24: Infra | B24: Construction | C24: SITE 28 - Nhon Trach Infra | L24: 1281806942 | M24: 1015379985 | N24: 18297795802 | O24: 43114701071 | P24: =SUM(D24:O24) -> 63709683800 | Q24: =+P24 -> 63709683800 | Y24: =ROUND(K24/$Y$46,2) -> 0 | Z24: =ROUND(L24/$Z$46,2) -> 52.07 | AA24: =ROUND(M24/$AA$46,2) -> 40.15 | AB24: =ROUND(N24/$AB$46,2) -> 721.58 | AC24: =ROUND(O24/$AC$46,2) -> 1692.3 | AD24: =SUM(R24:AC24) -> 2506.1
B25: Consulting | C25: SITE 29 - TCI managing for K8CT1 | M25: 1024700000 | P25: =SUM(D25:O25) -> 1024700000 | Q25: =+P25 -> 1024700000 | Y25: =ROUND(K25/$Y$46,2) -> 0 | Z25: =ROUND(L25/$Z$46,2) -> 0 | AA25: =ROUND(M25/$AA$46,2) -> 40.52 | AB25: =ROUND(N25/$AB$46,2) -> 0 | AC25: =ROUND(O25/$AC$46,2) -> 0 | AD25: =SUM(R25:AC25) -> 40.52
B26: Consulting | C26: SITE 30 - Brokerage for K8HH1 distribution | P26: =SUM(D26:O26) -> 0 | Q26: =+P26 -> 0 | Y26: =ROUND(K26/$Y$46,2) -> 0 | Z26: =ROUND(L26/$Z$46,2) -> 0 | AA26: =ROUND(M26/$AA$46,2) -> 0 | AB26: =ROUND(N26/$AB$46,2) -> 0 | AC26: =ROUND(O26/$AC$46,2) -> 0 | AD26: =SUM(R26:AC26) -> 0
C27: COGS | D27: =SUM(D28:D45) -> 5507422882 | E27: =SUM(E28:E45) -> 19311198614 | F27: =SUM(F28:F45) -> 12838443246 | G27: =SUM(G28:G45) -> 18199766102 | H27: =SUM(H28:H45) -> 14917924280 | I27: =SUM(I28:I45) -> 18787522340 | J27: =SUM(J28:J45) -> 23087886550 | K27: =SUM(K28:K45) -> 27376683428 | ... AD27: =SUM(AD28:AD45) -> 21020.774 | AE27: =+AD27-'[3]IS (01)'!$G$14 -> -0.016094541 | AF27: =+P27-'[3]IS (01)'!$L$14 -> 0
B28: O&M | C28: SITE05 - Infra Management | D28: 217956220 | E28: 1507855094 | F28: 1101561185 | G28: 2164366902 | H28: 1206989809 | I28: 1335281302 | J28: 1234728343 | K28: 1227173067 | L28: 1433595686 | M28: 1879623438 | N28: 1176971299 | O28: 2181718958 | P28: =SUM(D28:O28) -> 16667821303 | Q28: =+P28+'Summary 2023'!O28 -> 90319341607 | R28: =D28/$R$46 -> 8.9934483 | S28: =E28/$S$46 -> 61.645752 | T28: =F28/$T$46 -> 44.742534 | U28: =G28/$U$46 -> 86.068593 | V28: =H28/$V$46 -> 47.831886 | W28: =ROUND(I28/$W$46,2) -> 52.92 | X28: =J28/$X$46 -> 49.202165 | Y28: =ROUND(K28/$Y$46,2) -> 49.35 | Z28: =ROUND(L28/$Z$46,2) -> 58.23 | AA28: =ROUND(M28/$AA$46,2) -> 74.33 | AB28: =ROUND(N28/$AB$46,2) -> 46.41 | AC28: =ROUND(O28/$AC$46,2) -> 85.63 | AD28: =SUM(R28:AC28) -> 665.35438
A29: Infra | B29: Construction | C29: SITE06 - Infra Phase II | D29: 1959243762 | E29: 8568341434 | F29: 3982321772 | G29: 11141063289 | H29: 7846482880 | I29: 12035499219 | J29: 16438197685 | K29: 13493808755 | L29: 8825920849 | M29: 11282049141 | N29: 31437425875 | O29: 71685189265 | P29: =SUM(D29:O29) -> 198695543926 | Q29: =+P29+'Summary 2023'!O29 -> 852554324210 | R29: =D29/$R$46 -> 80.843564 | S29: =E29/$S$46 -> 350.30014 | T29: =F29/$T$46 -> 161.75149 | U29: =G29/$U$46 -> 443.03747 | V29: =H29/$V$46 -> 310.94883 | W29: =ROUND(I29/$W$46,2) -> 476.97 | X29: =J29/$X$46 -> 655.03876 | Y29: =ROUND(K29/$Y$46,2) -> 542.66 | Z29: =ROUND(L29/$Z$46,2) -> 358.5 | AA29: =ROUND(M29/$AA$46,2) -> 446.12 | AB29: =ROUND(N29/$AB$46,2) -> 1239.74 | AC29: =ROUND(O29/$AC$46,2) -> 2813.72 | AD29: =SUM(R29:AC29) -> 7879.6303
B30: Consulting | C30: SITE08 - B3CC1 | K30: 3830695221 | L30: 22666285 | P30: =SUM(D30:O30) -> 3853361506 | Q30: =+P30+'Summary 2023'!O30 -> 20208965609 | R30: =D30/$R$46 -> 0 | S30: =E30/$S$46 -> 0 | T30: =F30/$T$46 -> 0 | U30: =G30/$U$46 -> 0 | V30: =H30/$V$46 -> 0 | W30: =ROUND(I30/$W$46,2) -> 0 | X30: =J30/$X$46 -> 0 | Y30: =ROUND(K30/$Y$46,2) -> 154.05 | Z30: =ROUND(L30/$Z$46,2) -> 0.92 | AA30: =ROUND(M30/$AA$46,2) -> 0 | AB30: =ROUND(N30/$AB$46,2) -> 0 | AC30: =ROUND(O30/$AC$46,2) -> 0 | AD30: =SUM(R30:AC30) -> 154.97
B31: Consulting | C31: SITE14 - B1CC4 | P31: =SUM(D31:O31) -> 0 | Q31: =+P31+'Summary 2023'!O34 -> 8408398062 | R31: =D31/$R$46 -> 0 | S31: =E31/$S$46 -> 0 | T31: =F31/$T$46 -> 0 | U31: =G31/$U$46 -> 0 | V31: =H31/$V$46 -> 0 | W31: =ROUND(I31/$W$46,2) -> 0 | X31: =J31/$X$46 -> 0 | Y31: =ROUND(K31/$Y$46,2) -> 0 | Z31: =ROUND(L31/$Z$46,2) -> 0 | AA31: =ROUND(M31/$AA$46,2) -> 0 | AB31: =ROUND(N31/$AB$46,2) -> 0 | AC31: =ROUND(O31/$AC$46,2) -> 0 | AD31: =SUM(R31:AC31) -> 0
B32: Consulting | C32: SITE15 - Precons K8HH1 | O32: 10429951362 | P32: =SUM(D32:O32) -> 10429951362 | Q32: =+P32+'Summary 2023'!O35 -> 33848579989 | R32: =D32/$R$46 -> 0 | S32: =E32/$S$46 -> 0 | T32: =F32/$T$46 -> 0 | U32: =G32/$U$46 -> 0 | V32: =H32/$V$46 -> 0 | W32: =ROUND(I32/$W$46,2) -> 0 | X32: =J32/$X$46 -> 0 | Y32: =ROUND(K32/$Y$46,2) -> 0 | Z32: =ROUND(L32/$Z$46,2) -> 0 | AA32: =ROUND(M32/$AA$46,2) -> 0 | AB32: =ROUND(N32/$AB$46,2) -> 0 | AC32: =ROUND(O32/$AC$46,2) -> 409.39 | AD32: =SUM(R32:AC32) -> 409.39
B33: Consulting | C33: SITE16 - Precons K8CT1 | O33: 13162288877 | P33: =SUM(D33:O33) -> 13162288877 | Q33: =+P33+'Summary 2023'!O36 -> 21060715417 | R33: =D33/$R$46 -> 0 | S33: =E33/$S$46 -> 0 | T33: =F33/$T$46 -> 0 | U33: =G33/$U$46 -> 0 | V33: =H33/$V$46 -> 0 | W33: =ROUND(I33/$W$46,2) -> 0 | X33: =J33/$X$46 -> 0 | Y33: =ROUND(K33/$Y$46,2) -> 0 | Z33: =ROUND(L33/$Z$46,2) -> 0 | AA33: =ROUND(M33/$AA$46,2) -> 0 | AB33: =ROUND(N33/$AB$46,2) -> 0 | AC33: =ROUND(O33/$AC$46,2) -> 516.63 | AD33: =SUM(R33:AC33) -> 516.63
B34: Consulting | C34: SITE17 - H1HH1 | P34: =SUM(D34:O34) -> 0 | Q34: =+P34+'Summary 2023'!O37 -> 0 | R34: =D34/$R$46 -> 0 | S34: =E34/$S$46 -> 0 | T34: =F34/$T$46 -> 0 | U34: =G34/$U$46 -> 0 | V34: =H34/$V$46 -> 0 | W34: =ROUND(I34/$W$46,2) -> 0 | X34: =J34/$X$46 -> 0 | Y34: =ROUND(K34/$Y$46,2) -> 0 | Z34: =ROUND(L34/$Z$46,2) -> 0 | AA34: =ROUND(M34/$AA$46,2) -> 0 | AB34: =ROUND(N34/$AB$46,2) -> 0 | AC34: =ROUND(O34/$AC$46,2) -> 0 | AD34: =SUM(R34:AC34) -> 0
A35: Housing | B35: Construction | C35: SITE 18 - Construction K8CT1 | P35: =SUM(D35:O35) -> 0 | Q35: =+P35+'Summary 2023'!O38 -> 0 | R35: =D35/$R$46 -> 0 | S35: =E35/$S$46 -> 0 | T35: =F35/$T$46 -> 0 | U35: =G35/$U$46 -> 0 | V35: =H35/$V$46 -> 0 | W35: =ROUND(I35/$W$46,2) -> 0 | X35: =J35/$X$46 -> 0 | Y35: =ROUND(K35/$Y$46,2) -> 0 | Z35: =ROUND(L35/$Z$46,2) -> 0 | AA35: =ROUND(M35/$AA$46,2) -> 0 | AB35: =ROUND(N35/$AB$46,2) -> 0 | AC35: =ROUND(O35/$AC$46,2) -> 0 | AD35: =SUM(R35:AC35) -> 0
B36: Consulting | C36: SITE 20 - Precons K2CT1 | M36: 9363421544 | P36: =SUM(D36:O36) -> 9363421544 | Q36: =+P36+'Summary 2023'!O39 -> 10046168062 | R36: =D36/$R$46 -> 0 | S36: =E36/$S$46 -> 0 | T36: =F36/$T$46 -> 0 | U36: =G36/$U$46 -> 0 | V36: =H36/$V$46 -> 0 | W36: =ROUND(I36/$W$46,2) -> 0 | X36: =J36/$X$46 -> 0 | Y36: =ROUND(K36/$Y$46,2) -> 0 | Z36: =ROUND(L36/$Z$46,2) -> 0 | AA36: =ROUND(M36/$AA$46,2) -> 370.26 | AB36: =ROUND(N36/$AB$46,2) -> 0 | AC36: =ROUND(O36/$AC$46,2) -> 0 | AD36: =SUM(R36:AC36) -> 370.26
B37: O&M | C37: SITE 22 - Villa H&K Management | D37: 2057634797 | E37: 2087497394 | F37: 2005928398 | G37: 2076510762 | H37: 2120217782 | I37: 2165845432 | J37: 2179296258 | K37: 2250256193 | L37: 2286321493 | M37: 2146812763 | N37: 2064610964 | O37: 2630686465 | P37: =SUM(D37:O37) -> 26071618701 | Q37: =+P37+'Summary 2023'!O41 -> 38311024431 | R37: =D37/$R$46 -> 84.903437 | S37: =E37/$S$46 -> 85.343311 | T37: =F37/$T$46 -> 81.475565 | U37: =G37/$U$46 -> 82.57489 | V37: =H37/$V$46 -> 84.022263 | W37: =ROUND(I37/$W$46,2) -> 85.83 | X37: =J37/$X$46 -> 86.841851 | Y37: =ROUND(K37/$Y$46,2) -> 90.5 | Z37: =ROUND(L37/$Z$46,2) -> 92.87 | AA37: =ROUND(M37/$AA$46,2) -> 84.89 | AB37: =ROUND(N37/$AB$46,2) -> 81.42 | AC37: =ROUND(O37/$AC$46,2) -> 103.26 | AD37: =SUM(R37:AC37) -> 1043.9313
A38: Housing | B38: Construction | C38: SITE 23 - Construction K8HH1 | D38: 1147229255 | E38: 4953932692 | F38: 2554737362 | G38: 2817825149 | H38: 2535228947 | K38: 6574750192 | L38: 4231711531 | M38: 1687680883 | N38: 38579742761 | O38: 76659888501 | P38: =SUM(D38:O38) -> 141742727273 | Q38: =+P38+'Summary 2023'!O42 -> 163538908320 | R38: =D38/$R$46 -> 47.337704 | S38: =E38/$S$46 -> 202.532 | T38: =F38/$T$46 -> 103.76675 | U38: =G38/$U$46 -> 112.05413 | V38: =H38/$V$46 -> 100.46877 | W38: =ROUND(I38/$W$46,2) -> 0 | X38: =J38/$X$46 -> 0 | Y38: =ROUND(K38/$Y$46,2) -> 264.41 | Z38: =ROUND(L38/$Z$46,2) -> 171.89 | AA38: =ROUND(M38/$AA$46,2) -> 66.74 | AB38: =ROUND(N38/$AB$46,2) -> 1521.4 | AC38: =ROUND(O38/$AC$46,2) -> 3008.98 | AD38: =SUM(R38:AC38) -> 5599.5793 | AE38: =+G38-'[4]회계원가 SITE23'!$I$86 -> 0
A39: Mockup house | B39: Construction | C39: SITE 24 - Mockup house of THT-Phase 1 | D39: 125358848 | E39: 2193572000 | F39: 3193894529 | H39: 28174105 | L39: 63519434 | P39: =SUM(D39:O39) -> 5604518916 | Q39: =+P39+'Summary 2023'!O43 -> 7942850707 | R39: =D39/$R$46 -> 5.1726366 | S39: =E39/$S$46 -> 89.679967 | T39: =F39/$T$46 -> 129.72764 | U39: =G39/$U$46 -> 0 | V39: =H39/$V$46 -> 1.1165136 | W39: =ROUND(I39/$W$46,2) -> 0 | X39: =J39/$X$46 -> 0 | Y39: =ROUND(K39/$Y$46,2) -> 0 | Z39: =ROUND(L39/$Z$46,2) -> 2.58 | AA39: =ROUND(M39/$AA$46,2) -> 0 | AB39: =ROUND(N39/$AB$46,2) -> 0 | AC39: =ROUND(O39/$AC$46,2) -> 0 | AD39: =SUM(R39:AC39) -> 228.27676
B40: Construction | C40: SITE 25 - Testing Pile K2CT1 | H40: 1180830757 | I40: 3250896387 | J40: 3235664264 | L40: 283703438 | O40: -7947388 | P40: =SUM(D40:O40) -> 7943147458 | Q40: =+P40 -> 7943147458 | U40: =G40/$U$46 -> 0 | V40: =H40/$V$46 -> 46.795227 | W40: =ROUND(I40/$W$46,2) -> 128.84 | X40: =J40/$X$46 -> 128.93661 | Y40: =ROUND(K40/$Y$46,2) -> 0 | Z40: =ROUND(L40/$Z$46,2) -> 11.52 | AA40: =ROUND(M40/$AA$46,2) -> 0 | AB40: =ROUND(N40/$AB$46,2) -> 0 | AC40: =ROUND(O40/$AC$46,2) -> -0.31 | AD40: =SUM(R40:AC40) -> 315.78184
B41: Construction | C41: SITE 26 - Testing Pile K8CT1 | L41: 1360696110 | M41: 2550954113 | N41: 3415210161 | O41: 333936413 | P41: =SUM(D41:O41) -> 7660796797 | Q41: =+P41 -> 7660796797 | X41: =J41/$X$46 -> 0 | Y41: =ROUND(K41/$Y$46,2) -> 0 | Z41: =ROUND(L41/$Z$46,2) -> 55.27 | AA41: =ROUND(M41/$AA$46,2) -> 100.87 | AB41: =ROUND(N41/$AB$46,2) -> 134.68 | AC41: =ROUND(O41/$AC$46,2) -> 13.11 | AD41: =SUM(R41:AC41) -> 303.93
A42: Mockup house | B42: Construction | C42: SITE 27 - Mockup house of THT-Phase 2 | L42: 6129207535 | M42: 1829964076 | N42: 9932184042 | O42: 11997686477 | P42: =SUM(D42:O42) -> 29889042130 | Q42: =+P42 -> 29889042130 | X42: =J42/$X$46 -> 0 | Y42: =ROUND(K42/$Y$46,2) -> 0 | Z42: =ROUND(L42/$Z$46,2) -> 248.96 | AA42: =ROUND(M42/$AA$46,2) -> 72.36 | AB42: =ROUND(N42/$AB$46,2) -> 391.68 | AC42: =ROUND(O42/$AC$46,2) -> 470.92 | AD42: =SUM(R42:AC42) -> 1183.92
A43: Infra | B43: Construction | C43: SITE 28 - Nhon Trach Infra | L43: 1200576030 | M43: 965858798 | N43: 16787067031 | O43: 39802694082 | P43: =SUM(D43:O43) -> 58756195941 | Q43: =+P43 -> 58756195941 | Y43: =ROUND(K43/$Y$46,2) -> 0 | Z43: =ROUND(L43/$Z$46,2) -> 48.77 | AA43: =ROUND(M43/$AA$46,2) -> 38.19 | AB43: =ROUND(N43/$AB$46,2) -> 662 | AC43: =ROUND(O43/$AC$46,2) -> 1562.3 | AD43: =SUM(R43:AC43) -> 2311.26
B44: Consulting | C44: SITE 29 - TCI managing for K8CT1 | M44: 957494352 | P44: =SUM(D44:O44) -> 957494352 | Q44: =+P44 -> 957494352 | Y44: =ROUND(K44/$Y$46,2) -> 0 | Z44: =ROUND(L44/$Z$46,2) -> 0 | AA44: =ROUND(M44/$AA$46,2) -> 37.86 | AB44: =ROUND(N44/$AB$46,2) -> 0 | AC44: =ROUND(O44/$AC$46,2) -> 0 | AD44: =SUM(R44:AC44) -> 37.86
B45: Consulting | C45: SITE 30 - Brokerage for K8HH1 distribution | P45: =SUM(D45:O45) -> 0 | Q45: =+P45 -> 0 | AB45: =ROUND(N45/$AB$46,2) -> 0 | AC45: =ROUND(O45/$AC$46,2) -> 0 | AD45: =SUM(R45:AC45) -> 0
C46: ER | Q46: =+P46 -> 0 | R46: 24235000 | S46: =24460*1000 -> 24460000 | T46: 24620000 | U46: 25147000 | V46: =25234*1000 -> 25234000 | W46: =25233*1000 -> 25233000 | X46: 25095000 | Y46: 24866000 | Z46: 24619000 | AA46: 25289000 | AB46: 25358000 | AC46: 25477000
Q47: =+P47 -> 0
C50: SITE06 | D50: =IFERROR(D29/D10,0) -> 0.8696 | E50: =IFERROR(E29/E10,0) -> 0.8696 | F50: =IFERROR(F29/F10,0) -> 0.8696 | G50: =IFERROR(G29/G10,0) -> 0.8696 | H50: =IFERROR(H29/H10,0) -> 0.8696 | I50: =IFERROR(I29/I10,0) -> 0.8696 | J50: =IFERROR(J29/J10,0) -> 0.8696 | K50: =IFERROR(K29/K10,0) -> 0.8696 | ... AD50: =IFERROR(AD29/AD10,0) -> 0.86959771
C52: SITE23 | D52: =IFERROR(D38/D19,0) -> 0.8687 | E52: =IFERROR(E38/E19,0) -> 0.8687 | F52: =IFERROR(F38/F19,0) -> 0.8687 | G52: =IFERROR(G38/G19,0) -> 0.8687 | H52: =IFERROR(H38/H19,0) -> 0.8687 | I52: =IFERROR(I38/I19,0) -> 0 | J52: =IFERROR(J38/J19,0) -> 0 | K52: =IFERROR(K38/K19,0) -> 0.8687 | ... AD52: =IFERROR(AD38/AD19,0) -> 0.84733092
C54: SITE24 | D54: =IFERROR(D39/D20,0) -> 0.8696 | E54: =IFERROR(E39/E20,0) -> 0.8696 | F54: =IFERROR(F39/F20,0) -> 0.8696 | G54: =IFERROR(G39/G20,0) -> 0 | H54: =IFERROR(H39/H20,0) -> 0 | I54: =IFERROR(I39/I20,0) -> 0 | J54: =IFERROR(J39/J20,0) -> 0 | K54: =IFERROR(K39/K20,0) -> 0 | ... AD54: =IFERROR(AD39/AD20,0) -> 0.91549881
C56: SITE27 | L56: =IFERROR(L42/L23,0) -> 0.8696 | M56: =IFERROR(M42/M23,0) -> 0.8696 | N56: =IFERROR(N42/N23,0) -> 0.8696 | O56: =IFERROR(O42/O23,0) -> 0.87761594 | P56: =IFERROR(P42/P23,0) -> 0.8728 | Q56: =IFERROR(Q42/Q23,0) -> 0.8728 | R56: =IFERROR(R42/R23,0) -> 0 | S56: =IFERROR(S42/S23,0) -> 0 | ... AD56: =IFERROR(AD42/AD23,0) -> 0.87276909
C58: SITE28 | L58: =IFERROR(L43/L24,0) -> 0.93662781 | M58: =IFERROR(M43/M24,0) -> 0.95122891 | N58: =IFERROR(N43/N24,0) -> 0.91743657 | O58: =IFERROR(O43/O24,0) -> 0.92318149 | P58: =IFERROR(P43/P24,0) -> 0.92224906 | Q58: =IFERROR(Q43/Q24,0) -> 0.92224906 | R58: =IFERROR(R43/R24,0) -> 0 | S58: =IFERROR(S43/S24,0) -> 0 | ... AD58: =IFERROR(AD43/AD24,0) -> 0.9222537

Sheet Summary 2023
A1: DAEWOO VINA | AB1: =+N12+N16 -> 22351800000 | AC1: =+N9+N10+N13+N15+N17+N18+N21+N23 -> 103317341378 | AD1: =+N11+N14+N24+N22+N25 -> 2.4757502e+11 | AE1: =+AC1-N9-N10-N15-N23-N13 -> 54283646000 | AF1: =+AE1-AC1 -> -49033695378
A2: SUMMARY SALES + COGS 2023 | AB2: =+N30+N34 -> 10255746877 | AC2: =+N27+N28+N31+N33+N41+N39+N35+N36 -> 74390748272 | AD2: =+N29+N32+N42+N43+N40 -> 210666702959
A5: Month | B5: 2023
B6: VND | O6: TOTAL up to 2023 | P6: 1000 USD
B7: 44927 | C7: 44958 | D7: 44986 | E7: 45017 | F7: 45047 | G7: 45078 | H7: 45108 | I7: 45139 | J7: 45170 | K7: 45200 | L7: 45231 | M7: 45261 | N7: Total VND | P7: 44927 | Q7: 44958 | R7: 44986 | S7: 45017 | T7: 45047 | U7: 45078 | V7: 45108 | W7: 45139 | X7: 45170 | Y7: 45200 | Z7: 45231 | AA7: 45261 | AB7: Total 1000 USD
A8: Revenue | B8: =SUM(B9:B23) -> 2850861806 | C8: =SUM(C9:C23) -> 23560715020 | D8: =SUM(D9:D23) -> 35551684762 | E8: =SUM(E9:E23) -> 21509467395 | F8: =SUM(F9:F23) -> 55291797906 | G8: =SUM(G9:G23) -> 21565077850 | H8: =SUM(H9:H23) -> 25431099141 | I8: =SUM(I9:I23) -> 14476850915 | ... K8: =SUM(K9:K23) -> 28515172871 | L8: =SUM(L9:L25) -> 2.2412421e+10 | M8: =SUM(M9:M25) -> 103955627835 | N8: =SUM(N9:N25) -> 3.7324416e+11 | O8: =SUM(O9:O25) -> #REF! | P8: =SUM(P9:P23) -> 122.565 | Q8: =SUM(Q9:Q23) -> 999.18215 | R8: =SUM(R9:R23) -> 1527.1342 | S8: =SUM(S9:S23) -> 924.34325 | T8: =SUM(T9:T23) -> 2373.0385 | U8: =SUM(U9:U23) -> 921.79 | V8: =SUM(V9:V23) -> 1082.4047 | W8: =SUM(W9:W23) -> 606.24 | ... Y8: =SUM(Y9:Y23) -> 1170.1 | Z8: =SUM(Z9:Z25) -> 931.13 | AA8: =SUM(AA9:AA25) -> 4322.49 | AB8: =SUM(AB9:AB25) -> 15732.428 | AC8: =+M8-'[5]IS (01)'!$K$6 -> 0 | AD8: =+N8-'[5]IS (01)'!$L$6 -> -0.2925415 | AE8: =+AA8-'[5]IS (01)'!$F$6 -> 0.01 | AF8: =+AB8-'[5]IS (01)'!$G$6 -> 0.040733617
A9: SITE02 - Villa H Management | C9: 1760794668 | D9: 1692524720 | E9: 1787345480 | F9: 1745931702 | G9: 1875039019 | H9: 1799716415 | N9: =SUM(B9:M9) -> 10661352004 | O9: ='Summary 2020'!P11+'Summary 2019'!N11+'Summary 2018'!N11+'Summary 2017'!J11+N9+'Summary 2021'!O11+'Summary 2022'!N11 -> #REF! | P9: =B9/$P$44 -> 0 | Q9: =C9/$Q$44 -> 74.673226 | R9: =D9/$R$44 -> 72.702952 | S9: =E9/$S$44 -> 76.809002 | T9: =F9/$T$44 -> 74.932691 | U9: =ROUND(G9/$U$44,2) -> 80.15 | V9: =H9/$V$44 -> 76.599975 | W9: =ROUND(I9/$W$44,2) -> 0 | X9: =ROUND(J9/$X$44,2) -> 0 | Y9: =ROUND(K9/$Y$44,2) -> 0 | Z9: =ROUND(L9/$Z$44,2) -> 0 | AA9: =ROUND(M9/$AA$44,2) -> 0 | AB9: =SUM(P9:AA9) -> 455.86785
A10: SITE05 - Infra Management | C10: 1449625785 | D10: 1476031521 | E10: 1457181898 | F10: 1541141622 | G10: 1458177516 | H10: 1458865645 | I10: 1483665631 | J10: 1531018616 | K10: 1477350754 | L10: 1427171611 | M10: 3091164117 | N10: =SUM(B10:M10) -> 17851394716 | O10: =N10+'Summary 2021'!P14+'Summary 2022'!N13 -> 80212323977 | P10: =B10/$P$44 -> 0 | Q10: =C10/$Q$44 -> 61.47692 | R10: =D10/$R$44 -> 63.403416 | S10: =E10/$S$44 -> 62.620623 | T10: =F10/$T$44 -> 66.143417 | U10: =ROUND(G10/$U$44,2) -> 62.33 | V10: =H10/$V$44 -> 62.0926 | W10: =ROUND(I10/$W$44,2) -> 62.13 | X10: =ROUND(J10/$X$44,2) -> 63.53 | Y10: =ROUND(K10/$Y$44,2) -> 60.62 | Z10: =ROUND(L10/$Z$44,2) -> 59.29 | AA10: =ROUND(M10/$AA$44,2) -> 128.53 | AB10: =SUM(P10:AA10) -> 752.16698
A11: SITE06 - Infra Phase II | B11: 1756951098 | C11: 12211360681 | D11: 15134300270 | E11: 14213538242 | F11: 12958534727 | G11: 17203239354 | H11: 18768301397 | I11: 8970923781 | J11: 10926526922 | K11: 11832675844 | L11: 1.8588319e+10 | M11: 36620402527 | N11: =SUM(B11:M11) -> 1.7918507e+11 | O11: =N11+'Summary 2021'!P15+'Summary 2022'!N14 -> 7.5190752e+11 | P11: =B11/$P$44 -> 75.535301 | Q11: =C11/$Q$44 -> 517.86941 | R11: =D11/$R$44 -> 650.09881 | S11: =E11/$S$44 -> 610.80955 | T11: =F11/$T$44 -> 556.16029 | U11: =ROUND(G11/$U$44,2) -> 735.34 | V11: =H11/$V$44 -> 798.82109 | W11: =ROUND(I11/$W$44,2) -> 375.67 | X11: =ROUND(J11/$X$44,2) -> 453.38 | Y11: =ROUND(K11/$Y$44,2) -> 485.54 | Z11: =ROUND(L11/$Z$44,2) -> 772.26 | AA11: =ROUND(M11/$AA$44,2) -> 1522.68 | AB11: =SUM(P11:AA11) -> 7554.1644 | AC11: =+N14+N24 -> 57481252703 | AD11: =+N9+N10+N12+N13+N15+N16+N17+N18+N19+N20+N21+N22+N23+N25 -> 136577831187
A12: SITE08 - B3CC1 | F12: 3255800000 | N12: =SUM(B12:M12) -> 3255800000 | O12: =N12+'Summary 2021'!P17+'Summary 2022'!N15 -> 99734300000 | P12: =B12/$P$44 -> 0 | Q12: =C12/$Q$44 -> 0 | R12: =D12/$R$44 -> 0 | S12: =E12/$S$44 -> 0 | T12: =F12/$T$44 -> 139.73391 | U12: =ROUND(G12/$U$44,2) -> 0 | V12: =H12/$V$44 -> 0 | W12: =ROUND(I12/$W$44,2) -> 0 | X12: =ROUND(J12/$X$44,2) -> 0 | Y12: =ROUND(K12/$Y$44,2) -> 0 | Z12: =ROUND(L12/$Z$44,2) -> 0 | AA12: =ROUND(M12/$AA$44,2) -> 0 | AB12: =SUM(P12:AA12) -> 139.73391
A13: SITE09 - H9CT1 management | C13: 61880625 | D13: 56051417 | E13: 57151417 | F13: 45112899 | G13: 39198852 | H13: 42498852 | I13: 39568342 | J13: 39198852 | K13: 49397949 | L13: 58180907 | M13: 111585866 | N13: =SUM(B13:M13) -> 599825978 | O13: =N13+'Summary 2021'!P18+'Summary 2022'!N16 -> 2016729934 | P13: =B13/$P$44 -> 0 | Q13: =C13/$Q$44 -> 2.6242844 | R13: =D13/$R$44 -> 2.4077069 | S13: =E13/$S$44 -> 2.4560128 | T13: =F13/$T$44 -> 1.9361759 | U13: =ROUND(G13/$U$44,2) -> 1.68 | V13: =H13/$V$44 -> 1.8088466 | W13: =ROUND(I13/$W$44,2) -> 1.66 | X13: =ROUND(J13/$X$44,2) -> 1.63 | Y13: =ROUND(K13/$Y$44,2) -> 2.03 | Z13: =ROUND(L13/$Z$44,2) -> 2.42 | AA13: =ROUND(M13/$AA$44,2) -> 4.64 | AB13: =SUM(P13:AA13) -> 25.293027
A14: SITE10 - Villa K5&K7 | B14: 1093910708 | C14: 7131457520 | D14: 16245309292 | E14: 2988782129 | F14: 4931219729 | N14: =SUM(B14:M14) -> 32390679378 | O14: =N14+'Summary 2021'!P19+'Summary 2022'!N17 -> 609340091084 | P14: =B14/$P$44 -> 47.029695 | Q14: =C14/$Q$44 -> 302.43671 | R14: =D14/$R$44 -> 697.82256 | S14: =E14/$S$44 -> 128.43928 | T14: =F14/$T$44 -> 211.64033 | U14: =ROUND(G14/$U$44,2) -> 0 | V14: =H14/$V$44 -> 0 | W14: =ROUND(I14/$W$44,2) -> 0 | X14: =ROUND(J14/$X$44,2) -> 0 | Y14: =ROUND(K14/$Y$44,2) -> 0 | Z14: =ROUND(L14/$Z$44,2) -> 0 | AA14: =ROUND(M14/$AA$44,2) -> 0 | AB14: =SUM(P14:AA14) -> 1387.3686
A15: SITE11 - Villa K management | C15: 945595741 | D15: 947467542 | E15: 1005468229 | F15: 977701227 | G15: 989423109 | H15: 1022966832 | N15: =SUM(B15:M15) -> 5888622680 | O15: =N15+'Summary 2021'!P20+'Summary 2022'!N18 -> 17441999735 | P15: =B15/$P$44 -> 0 | Q15: =C15/$Q$44 -> 40.101601 | R15: =D15/$R$44 -> 40.698778 | S15: =E15/$S$44 -> 43.208776 | T15: =F15/$T$44 -> 41.961426 | U15: =ROUND(G15/$U$44,2) -> 42.29 | V15: =H15/$V$44 -> 43.539767 | W15: =ROUND(I15/$W$44,2) -> 0 | X15: =ROUND(J15/$X$44,2) -> 0 | Y15: =ROUND(K15/$Y$44,2) -> 0 | Z15: =ROUND(L15/$Z$44,2) -> 0 | AA15: =ROUND(M15/$AA$44,2) -> 0 | AB15: =SUM(P15:AA15) -> 251.80035
A16: SITE14 - B1CC4 | M16: 19096000000 | N16: =SUM(B16:M16) -> 19096000000 | O16: =+N16 -> 19096000000 | T16: =F16/$T$44 -> 0 | V16: =H16/$V$44 -> 0 | W16: =ROUND(I16/$W$44,2) -> 0 | X16: =ROUND(J16/$X$44,2) -> 0 | Y16: =ROUND(K16/$Y$44,2) -> 0 | Z16: =ROUND(L16/$Z$44,2) -> 0 | AA16: =ROUND(M16/$AA$44,2) -> 794.01 | AB16: =SUM(P16:AA16) -> 794.01
A17: SITE15 - Precons K8HH1 | F17: 14918178000 | M17: 14918178000 | N17: =SUM(B17:M17) -> 29836356000 | O17: =N17+'Summary 2022'!N20 -> 39781808000 | P17: =B17/$P$44 -> 0 | Q17: =C17/$P$44 -> 0 | R17: =D17/$P$44 -> 0 | S17: =E17/$P$44 -> 0 | T17: =F17/$T$44 -> 640.26515 | U17: =G17/$P$44 -> 0 | V17: =H17/$V$44 -> 0 | W17: =ROUND(I17/$W$44,2) -> 0 | X17: =ROUND(J17/$X$44,2) -> 0 | Y17: =ROUND(K17/$Y$44,2) -> 0 | Z17: =ROUND(L17/$Z$44,2) -> 0 | AA17: =ROUND(M17/$AA$44,2) -> 620.3 | AB17: =SUM(P17:AA17) -> 1260.5652
A18: SITE16 - Precons K8CT1 | F18: 14918178000 | N18: =SUM(B18:M18) -> 14918178000 | O18: =N18+'Summary 2022'!N21 -> 24863630000 | P18: =B18/$P$44 -> 0 | Q18: =C18/$P$44 -> 0 | R18: =D18/$P$44 -> 0 | S18: =E18/$P$44 -> 0 | T18: =F18/$T$44 -> 640.26515 | U18: =G18/$P$44 -> 0 | V18: =H18/$V$44 -> 0 | W18: =ROUND(I18/$W$44,2) -> 0 | X18: =ROUND(J18/$X$44,2) -> 0 | Y18: =ROUND(K18/$Y$44,2) -> 0 | Z18: =ROUND(L18/$Z$44,2) -> 0 | AA18: =ROUND(M18/$AA$44,2) -> 0 | AB18: =SUM(P18:AA18) -> 640.26515
A19: SITE17 - H1HH1 | N19: =SUM(B19:M19) -> 0 | O19: =+N19 -> 0 | P19: =B19/$P$44 -> 0 | T19: =F19/$T$44 -> 0 | V19: =H19/$V$44 -> 0 | W19: =ROUND(I19/$W$44,2) -> 0 | X19: =ROUND(J19/$X$44,2) -> 0 | Y19: =ROUND(K19/$Y$44,2) -> 0 | Z19: =ROUND(L19/$Z$44,2) -> 0 | AA19: =ROUND(M19/$AA$44,2) -> 0 | AB19: =SUM(P19:AA19) -> 0
A20: SITE 18 - Construction K8CT1 | N20: =SUM(B20:M20) -> 0 | V20: =H20/$V$44 -> 0 | W20: =ROUND(I20/$W$44,2) -> 0 | X20: =ROUND(J20/$X$44,2) -> 0 | Y20: =ROUND(K20/$Y$44,2) -> 0 | Z20: =ROUND(L20/$Z$44,2) -> 0 | AA20: =ROUND(M20/$AA$44,2) -> 0 | AB20: =SUM(P20:AA20) -> 0
A21: SITE 20 - Precons K2CT1 | K21: 9529112000 | N21: =SUM(B21:M21) -> 9529112000 | O21: =+N21 -> 9529112000 | V21: =H21/$V$44 -> 0 | W21: =ROUND(I21/$W$44,2) -> 0 | X21: =ROUND(J21/$X$44,2) -> 0 | Y21: =ROUND(K21/$Y$44,2) -> 391.02 | Z21: =ROUND(L21/$Z$44,2) -> 0 | AA21: =ROUND(M21/$AA$44,2) -> 0 | AB21: =SUM(P21:AA21) -> 391.02
A22: SITE 21 - Pile Testing K8HH1 | I22: 1643943161 | J22: 3287886324 | K22: 3287886324 | N22: =SUM(B22:M22) -> 8219715809 | O22: =+N22 -> 8219715809 | V22: =H22/$V$44 -> 0 | W22: =ROUND(I22/$W$44,2) -> 68.84 | X22: =ROUND(J22/$X$44,2) -> 136.43 | Y22: =ROUND(K22/$Y$44,2) -> 134.92 | Z22: =ROUND(L22/$Z$44,2) -> 0 | AA22: =ROUND(M22/$AA$44,2) -> 0 | AB22: =SUM(P22:AA22) -> 340.19
A23: SITE 22 - Villa H&K Management | H23: 2338750000 | I23: 2338750000 | J23: 2338750000 | K23: 2338750000 | L23: 2338750000 | M23: 2338750000 | N23: =SUM(B23:M23) -> 14032500000 | O23: =+N23 -> 14032500000 | V23: =H23/$V$44 -> 99.542456 | W23: =ROUND(I23/$W$44,2) -> 97.94 | X23: =ROUND(J23/$X$44,2) -> 97.04 | Y23: =ROUND(K23/$Y$44,2) -> 95.97 | Z23: =ROUND(L23/$Z$44,2) -> 97.16 | AA23: =ROUND(M23/$AA$44,2) -> 97.25 | AB23: =SUM(P23:AA23) -> 584.90246
A24: SITE 23 - Construction K8HH1 | M24: 25090573325 | N24: =SUM(B24:M24) -> 25090573325 | O24: =+N24 -> 25090573325 | Z24: =ROUND(L24/$Z$44,2) -> 0 | AA24: =ROUND(M24/$AA$44,2) -> 1043.27 | AB24: =SUM(P24:AA24) -> 1043.27
A25: SITE 24 - Operation Office of THT | M25: 2688974000 | N25: =SUM(B25:M25) -> 2688974000 | O25: =+N25 -> 2688974000 | AA25: =ROUND(M25/$AA$44,2) -> 111.81 | AB25: =SUM(P25:AA25) -> 111.81
A26: COGS | B26: =SUM(B27:B41) -> 2944206360 | C26: =SUM(C27:C41) -> 20667136528 | D26: =SUM(D27:D41) -> 31088136200 | E26: =SUM(E27:E41) -> 18858121426 | F26: =SUM(F27:F41) -> 31798215294 | G26: =SUM(G27:G41) -> 18913102631 | H26: =SUM(H27:H41) -> 22231130910 | I26: =SUM(I27:I41) -> 12316138222 | ... K26: =SUM(K27:K41) -> 21605813970 | L26: =SUM(L27:L43) -> 15654690835 | M26: =SUM(M27:M43) -> 83980823508 | N26: =SUM(N27:N43) -> 295313198108 | O26: =SUM(O27:O43) -> #REF! | P26: =SUM(P27:P41) -> 126.57809 | Q26: =SUM(Q27:Q41) -> 876.46889 | R26: =SUM(R27:R41) -> 1335.401 | S26: =SUM(S27:S41) -> 810.40487 | T26: =SUM(T27:T41) -> 1364.7303 | U26: =SUM(U27:U41) -> 808.42 | V26: =SUM(V27:V41) -> 946.20689 | W26: =SUM(W27:W41) -> 515.75 | ... Y26: =SUM(Y27:Y41) -> 886.58 | Z26: =SUM(Z27:Z43) -> 650.39 | AA26: =SUM(AA27:AA43) -> 3491.93 | AB26: =SUM(AB27:AB43) -> 12445.88 | AC26: =+M26-'[5]IS (01)'!$K$14 -> 0 | AD26: =+'[5]IS (01)'!$F$14-AA26 -> 0 | AE26: =+N26-'[5]IS (01)'!$L$14 -> 0 | AF26: =+AB26-'[5]IS (01)'!$G$14 -> 0.023078987
A27: SITE02 - Villa H Management | B27: 201744845 | C27: 1614244060 | D27: 1558132762 | E27: 1607701430 | F27: 1586210075 | G27: 1693938517 | H27: 1432660821 | N27: =SUM(B27:M27) -> 9694632510 | O27: ='Summary 2021'!P25+N27+'Summary 2022'!N23 -> #REF! | P27: =B27/$P$44 -> 8.6734671 | Q27: =C27/$Q$44 -> 68.458187 | R27: =D27/$R$44 -> 66.930101 | S27: =E27/$S$44 -> 69.089017 | T27: =F27/$T$44 -> 68.077686 | U27: =ROUND(G27/$U$44,2) -> 72.41 | V27: =H27/$V$44 -> 60.977264 | W27: =ROUND(I27/$W$44,2) -> 0 | X27: =ROUND(J27/$X$44,2) -> 0 | Y27: =ROUND(K27/$Y$44,2) -> 0 | Z27: =ROUND(L27/$Z$44,2) -> 0 | AA27: =ROUND(M27/$AA$44,2) -> 0 | AB27: =SUM(P27:AA27) -> 414.61572
A28: SITE05 - Infra Management | B28: 189794629 | C28: 1322501077 | D28: 1329311454 | E28: 1333939357 | F28: 1393729029 | G28: 1319796871 | H28: 1351573831 | I28: 1369105106 | J28: 1401545936 | K28: 1367299614 | L28: 1270847881 | M28: 2586604992 | N28: =SUM(B28:M28) -> 16236049777 | O28: =+N28+'Summary 2022'!O25 -> 73651520304 | P28: =B28/$P$44 -> 8.1597003 | Q28: =C28/$Q$44 -> 56.085711 | R28: =D28/$R$44 -> 57.101007 | S28: =E28/$S$44 -> 57.324424 | T28: =F28/$T$44 -> 59.816697 | U28: =ROUND(G28/$U$44,2) -> 56.41 | V28: =H28/$V$44 -> 57.52602 | W28: =ROUND(I28/$W$44,2) -> 57.33 | X28: =ROUND(J28/$X$44,2) -> 58.16 | Y28: =ROUND(K28/$Y$44,2) -> 56.11 | Z28: =ROUND(L28/$Z$44,2) -> 52.8 | AA28: =ROUND(M28/$AA$44,2) -> 107.55 | AB28: =SUM(P28:AA28) -> 684.37356
A29: SITE06 - Infra Phase II | B29: 1527844675 | C29: 10618999248 | D29: 13160787515 | E29: 12360092855 | F29: 11268741799 | G29: 14959936942 | H29: 16320914895 | I29: 7801115320 | J29: 9501707811 | K29: 10289694914 | L29: 16164401823 | M29: 31845102037 | N29: =SUM(B29:M29) -> 155819339834 | O29: ='Summary 2021'!P29+N29+'Summary 2022'!N26 -> 653858780284 | P29: =B29/$P$44 -> 65.685498 | Q29: =C29/$Q$44 -> 450.33924 | R29: =D29/$R$44 -> 565.32592 | S29: =E29/$S$44 -> 531.15999 | T29: =F29/$T$44 -> 483.63699 | U29: =ROUND(G29/$U$44,2) -> 639.45 | V29: =H29/$V$44 -> 694.65482 | W29: =ROUND(I29/$W$44,2) -> 326.68 | X29: =ROUND(J29/$X$44,2) -> 394.26 | Y29: =ROUND(K29/$Y$44,2) -> 422.23 | Z29: =ROUND(L29/$Z$44,2) -> 671.56 | AA29: =ROUND(M29/$AA$44,2) -> 1324.12 | AB29: =SUM(P29:AA29) -> 6569.1024 | AC29: =+N32+N42 -> 45674927157 | AD29: =+N27+N28+N30+N31+N33+N34+N35+N36+N37+N38+N39+N40+N41+N43 -> 93818931117
A30: SITE08 - B3CC1 | F30: 1847348815 | N30: =SUM(B30:M30) -> 1847348815 | O30: ='Summary 2021'!P31+N30+'Summary 2022'!N27 -> 16355604103 | P30: =B30/$P$44 -> 0 | Q30: =C30/$Q$44 -> 0 | R30: =D30/$R$44 -> 0 | S30: =E30/$S$44 -> 0 | T30: =F30/$T$44 -> 79.285357 | U30: =ROUND(G30/$U$44,2) -> 0 | V30: =H30/$V$44 -> 0 | W30: =ROUND(I30/$W$44,2) -> 0 | X30: =ROUND(J30/$X$44,2) -> 0 | Y30: =ROUND(K30/$Y$44,2) -> 0 | Z30: =ROUND(L30/$Z$44,2) -> 0 | AA30: =ROUND(M30/$AA$44,2) -> 0 | AB30: =SUM(P30:AA30) -> 79.285357
A31: SITE09 - H9CT1 management | B31: 57855113 | C31: 50955834 | D31: 51955834 | E31: 41011726 | F31: 35635320 | G31: 35635320 | H31: 35971220 | I31: 35635320 | J31: 46507226 | K31: 56028234 | L31: 50955834 | M31: 45749363 | N31: =SUM(B31:M31) -> 543896344 | O31: =+N31+'Summary 2022'!O28 -> 1761015435 | P31: =B31/$P$44 -> 2.4873221 | Q31: =C31/$Q$44 -> 2.1609768 | R31: =D31/$R$44 -> 2.2317798 | S31: =E31/$S$44 -> 1.7624291 | T31: =F31/$T$44 -> 1.5294129 | U31: =ROUND(G31/$U$44,2) -> 1.52 | V31: =H31/$V$44 -> 1.531016 | W31: =ROUND(I31/$W$44,2) -> 1.49 | X31: =ROUND(J31/$X$44,2) -> 1.93 | Y31: =ROUND(K31/$Y$44,2) -> 2.3 | Z31: =ROUND(L31/$Z$44,2) -> 2.12 | AA31: =ROUND(M31/$AA$44,2) -> 1.9 | AB31: =SUM(P31:AA31) -> 22.962937
A32: SITE10 - Villa K5&K7 | B32: 951264752 | C32: 6201515459 | D32: =14119206674+7714286 -> 14126920960 | E32: 2599044939 | N32: =SUM(B32:M32) -> 23878746110 | O32: ='Summary 2021'!P33+N32+'Summary 2022'!N29 -> 531703579600 | P32: =B32/$P$44 -> 40.897023 | Q32: =C32/$Q$44 -> 262.99896 | R32: =D32/$R$44 -> 606.8265 | S32: =E32/$S$44 -> 111.6908 | T32: =F32/$T$44 -> 0 | U32: =ROUND(G32/$U$44,2) -> 0 | V32: =H32/$V$44 -> 0 | W32: =ROUND(I32/$W$44,2) -> 0 | X32: =ROUND(J32/$X$44,2) -> 0 | Y32: =ROUND(K32/$Y$44,2) -> 0 | Z32: =ROUND(L32/$Z$44,2) -> 0 | AA32: =ROUND(M32/$AA$44,2) -> 0 | AB32: =SUM(P32:AA32) -> 1022.4133
A33: SITE11 - Villa K management | B33: 15702346 | C33: 858920850 | D33: 861027675 | E33: 916331119 | F33: 886550205 | G33: 903794981 | H33: 926198562 | N33: =SUM(B33:M33) -> 5368525738 | O33: ='Summary 2021'!P34+N33+'Summary 2022'!N30 -> 15827833051 | P33: =B33/$P$44 -> 0.67507936 | Q33: =C33/$Q$44 -> 36.425821 | R33: =D33/$R$44 -> 36.985725 | S33: =E33/$S$44 -> 39.378217 | T33: =F33/$T$44 -> 38.049365 | U33: =ROUND(G33/$U$44,2) -> 38.63 | V33: =H33/$V$44 -> 39.421092 | W33: =ROUND(I33/$W$44,2) -> 0 | X33: =ROUND(J33/$X$44,2) -> 0 | Y33: =ROUND(K33/$Y$44,2) -> 0 | Z33: =ROUND(L33/$Z$44,2) -> 0 | AA33: =ROUND(M33/$AA$44,2) -> 0 | AB33: =SUM(P33:AA33) -> 229.5653
A34: SITE14 - B1CC4 | M34: 8408398062 | N34: =SUM(B34:M34) -> 8408398062 | O34: =+N34 -> 8408398062 | P34: =B34/$P$44 -> 0 | Q34: =C34/$Q$44 -> 0 | R34: =D34/$R$44 -> 0 | S34: =E34/$S$44 -> 0 | T34: =F34/$T$44 -> 0 | U34: =ROUND(G34/$U$44,2) -> 0 | V34: =H34/$V$44 -> 0 | W34: =ROUND(I34/$W$44,2) -> 0 | X34: =ROUND(J34/$X$44,2) -> 0 | Y34: =ROUND(K34/$Y$44,2) -> 0 | Z34: =ROUND(L34/$Z$44,2) -> 0 | AA34: =ROUND(M34/$AA$44,2) -> 349.62 | AB34: =SUM(P34:AA34) -> 349.62
A35: SITE15 - Precons K8HH1 | F35: 7613799252 | M35: 14845491604 | N35: =SUM(B35:M35) -> 22459290856 | O35: =+'Summary 2022'!O32+N35 -> 23418628627 | P35: 0 | Q35: 0 | R35: 0 | S35: 0 | T35: =F35/$T$44 -> 326.7725 | U35: 0 | V35: =H35/$V$44 -> 0 | W35: =ROUND(I35/$W$44,2) -> 0 | X35: =ROUND(J35/$X$44,2) -> 0 | Y35: =ROUND(K35/$Y$44,2) -> 0 | Z35: =ROUND(L35/$Z$44,2) -> 0 | AA35: =ROUND(M35/$AA$44,2) -> 617.28 | AB35: =SUM(P35:AA35) -> 944.0525
A36: SITE16 - Precons K8CT1 | F36: 7166200799 | N36: =SUM(B36:M36) -> 7166200799 | O36: =+'Summary 2022'!O33+N36 -> 7898426540 | P36: 0 | Q36: 0 | R36: 0 | S36: 0 | T36: =F36/$T$44 -> 307.56227 | U36: 0 | V36: =H36/$V$44 -> 0 | W36: =ROUND(I36/$W$44,2) -> 0 | X36: =ROUND(J36/$X$44,2) -> 0 | Y36: =ROUND(K36/$Y$44,2) -> 0 | Z36: =ROUND(L36/$Z$44,2) -> 0 | AA36: =ROUND(M36/$AA$44,2) -> 0 | AB36: =SUM(P36:AA36) -> 307.56227
A37: SITE17 - H1HH1 | N37: =SUM(B37:M37) -> 0 | O37: =+'Summary 2022'!O34+N37 -> 0 | P37: 0 | Q37: 0 | R37: 0 | S37: 0 | T37: =F37/$T$44 -> 0 | U37: 0 | V37: =H37/$V$44 -> 0 | W37: =ROUND(I37/$W$44,2) -> 0 | X37: =ROUND(J37/$X$44,2) -> 0 | Y37: =ROUND(K37/$Y$44,2) -> 0 | Z37: =ROUND(L37/$Z$44,2) -> 0 | AA37: =ROUND(M37/$AA$44,2) -> 0 | AB37: =SUM(P37:AA37) -> 0
A38: SITE 18 - Construction K8CT1 | N38: =SUM(B38:M38) -> 0 | O38: =+'Summary 2022'!O35+N38 -> 0 | V38: =H38/$V$44 -> 0 | W38: =ROUND(I38/$W$44,2) -> 0 | X38: =ROUND(J38/$X$44,2) -> 0 | Y38: =ROUND(K38/$Y$44,2) -> 0 | Z38: =ROUND(L38/$Z$44,2) -> 0 | AA38: =ROUND(M38/$AA$44,2) -> 0 | AB38: =SUM(P38:AA38) -> 0
A39: SITE 20 - Precons K2CT1 | K39: 4596545242 | L39: -3913798724 | N39: =SUM(B39:M39) -> 682746518 | O39: =+N39 -> 682746518 | V39: =H39/$V$44 -> 0 | W39: =ROUND(I39/$W$44,2) -> 0 | X39: =ROUND(J39/$X$44,2) -> 0 | Y39: =ROUND(K39/$Y$44,2) -> 188.61 | Z39: =ROUND(L39/$Z$44,2) -> -162.6 | AA39: =ROUND(M39/$AA$44,2) -> 0 | AB39: =SUM(P39:AA39) -> 26.01
A40: SITE 21 - Pile Testing K8HH1 | I40: 1427939449 | J40: 2190539670 | K40: 3215625058 | N40: =SUM(B40:M40) -> 6834104177 | O40: =+N40 -> 6834104177 | V40: =H40/$V$44 -> 0 | W40: =ROUND(I40/$W$44,2) -> 59.8 | X40: =ROUND(J40/$X$44,2) -> 90.89 | Y40: =ROUND(K40/$Y$44,2) -> 131.95 | Z40: =ROUND(L40/$Z$44,2) -> 0 | AA40: =ROUND(M40/$AA$44,2) -> 0 | AB40: =SUM(P40:AA40) -> 282.64
A41: SITE 22 - Villa H&K Management | H41: 2163811581 | I41: 1682343027 | J41: 2115381581 | K41: 2080620908 | L41: 2082284021 | M41: 2114964612 | N41: =SUM(B41:M41) -> 12239405730 | O41: =+N41 -> 12239405730 | V41: =H41/$V$44 -> 92.096684 | W41: =ROUND(I41/$W$44,2) -> 70.45 | X41: =ROUND(J41/$X$44,2) -> 87.78 | Y41: =ROUND(K41/$Y$44,2) -> 85.38 | Z41: =ROUND(L41/$Z$44,2) -> 86.51 | AA41: =ROUND(M41/$AA$44,2) -> 87.94 | AB41: =SUM(P41:AA41) -> 510.15668
A42: SITE 23 - Construction K8HH1 | M42: 21796181047 | N42: =SUM(B42:M42) -> 21796181047 | O42: =+N42 -> 21796181047 | Z42: =ROUND(L42/$Z$44,2) -> 0 | AA42: =ROUND(M42/$AA$44,2) -> 906.29 | AB42: =SUM(P42:AA42) -> 906.29
A43: SITE 24 - Operation Office of THT | M43: 2338331791 | N43: =SUM(B43:M43) -> 2338331791 | O43: =+N43 -> 2338331791 | AA43: =ROUND(M43/$AA$44,2) -> 97.23 | AB43: =SUM(P43:AA43) -> 97.23
A44: ER | P44: =23260*1000 -> 23260000 | Q44: =23580*1000 -> 23580000 | R44: =23280*1000 -> 23280000 | S44: =23270*1000 -> 23270000 | T44: =23300*1000 -> 23300000 | U44: =23395*1000 -> 23395000 | V44: =23495*1000 -> 23495000 | W44: 23880000 | X44: =24100*1000 -> 24100000 | Y44: =24370*1000 -> 24370000 | Z44: 24070000 | AA44: 24050000
A48: SITE06 | B48: =IFERROR(B29/B11,0) -> 0.8696 | C48: =IFERROR(C29/C11,0) -> 0.8696 | D48: =IFERROR(D29/D11,0) -> 0.8696 | E48: =IFERROR(E29/E11,0) -> 0.8696 | F48: =IFERROR(F29/F11,0) -> 0.8696 | G48: =IFERROR(G29/G11,0) -> 0.8696 | H48: =IFERROR(H29/H11,0) -> 0.8696 | I48: =IFERROR(I29/I11,0) -> 0.8696 | ... AB48: =IFERROR(AB29/AB11,0) -> 0.86960014
A50: SITE10 | B50: =IFERROR(B32/B14,0) -> 0.8696 | C50: =IFERROR(C32/C14,0) -> 0.8696 | D50: =IFERROR(D32/D14,0) -> 0.8696 | E50: =IFERROR(E32/E14,0) -> 0.8696 | F50: =IFERROR(F32/F14,0) -> 0 | G50: =IFERROR(G32/G14,0) -> 0 | H50: =IFERROR(H32/H14,0) -> 0 | I50: =IFERROR(I32/I14,0) -> 0 | ... K50: =IFERROR(K32/K14,0) -> 0 | N50: =IFERROR(N32/N14,0) -> 0.73721041 | O50: =IFERROR(O32/O14,0) -> 0.8725892 | P50: =IFERROR(P32/P14,0) -> 0.8696 | Q50: =IFERROR(Q32/Q14,0) -> 0.8696 | R50: =IFERROR(R32/R14,0) -> 0.8696 | S50: =IFERROR(S32/S14,0) -> 0.8696 | T50: =IFERROR(T32/T14,0) -> 0 | U50: =IFERROR(U32/U14,0) -> 0 | ... Y50: =IFERROR(Y32/Y14,0) -> 0 | AB50: =IFERROR(AB32/AB14,0) -> 0.73694424
A53: SITE23 | M53: =+M42/M24 -> 0.8687 | N53: =+N42/N24 -> 0.8687 | O53: =+O42/O24 -> 0.8687 | AA53: =+AA42/AA24 -> 0.86870129 | AB53: =+AB42/AB24 -> 0.86870129
A55: SITE24 | M55: =+M43/M25 -> 0.8696 | N55: =+N43/N25 -> 0.8696 | O55: =+O43/O25 -> 0.8696 | AA55: =+AA43/AA25 -> 0.86960021 | AB55: =+AB43/AB25 -> 0.86960021

Sheet Summary 2022
A1: DAEWOO VINA
A2: SUMMARY SALES + COGS 2022
H4: =+H11+H18 -> 2424932362 | I4: =+I11+I18 -> 2475811328 | J4: =+J11+J18 -> 2439149808 | K4: =+K11+K18 -> 2394357115 | L4: =+L11+L18 -> 2491333992 | M4: =+M11+M18 -> 5294617612
H5: =+H23+H30 -> 2232735906 | I5: =+I23+I30 -> 2269408402 | J5: =+J23+J30 -> 2217967021 | K5: =+K23+K30 -> 2175811793 | L5: =+L23+L30 -> 2264849083 | M5: =+M23+M30 -> 4798603963
A7: Month | B7: 2022
B8: VND | O8: TOTAL up to 2022 | P8: USD
B9: 44562 | C9: 44593 | D9: 44621 | E9: 44652 | F9: 44682 | G9: 44713 | H9: 44743 | I9: 44774 | J9: 44805 | K9: 44835 | L9: 44866 | M9: 44896 | N9: Total VND | P9: 44562 | Q9: 44593 | R9: 44621 | S9: 44652 | T9: 44682 | U9: 44713 | V9: 44743 | W9: 44774 | X9: 44805 | Y9: 44835 | Z9: 44866 | AA9: 44896 | AB9: Total USD
A10: Revenue | B10: =SUM(B11:B21) -> 5172306803 | C10: =SUM(C11:C21) -> 37459576633 | D10: =SUM(D11:D21) -> 28508777931 | E10: =SUM(E11:E21) -> 46487765939 | F10: =SUM(F11:F21) -> 52281962905 | G10: =SUM(G11:G21) -> 60505491636 | H10: =SUM(H11:H21) -> 52578296787 | I10: =SUM(I11:I21) -> 66055656899 | ... AB10: =SUM(AB11:AB21) -> 29782003 | AC10: =+AB10-'[6]IS (01)'!$G$6 -> 3227640.9
A11: Site02 | B11: 1 | C11: ='[7]Estimate Revenue'!$E$9 -> 1519330085 | D11: 1414677449 | E11: 1563398594 | F11: 1496930933 | G11: 1577025965 | H11: 1820596196 | I11: 1831581974 | J11: 1854248867 | K11: 1820030645 | L11: 1897915839 | M11: 3644139205 | N11: =SUM(B11:M11) -> 20439875753 | O11: ='Summary 2020'!P11+'Summary 2019'!N11+'Summary 2018'!N11+'Summary 2017'!J11+N11+'Summary 2021'!O11 -> #REF! | P11: =B11/$P$34 -> 4.4483986e-05 | Q11: =C11/$Q$34 -> 67078.591 | R11: =D11/$R$34 -> 62375.549 | S11: =E11/$S$34 -> 68585.154 | T11: =F11/$T$34 -> 64999.172 | U11: =ROUND(G11/$U$34,2) -> 68225.22 | V11: =H11/$V$34 -> 78473.974 | W11: =ROUND(I11/$W$34,2) -> 78608.67 | X11: =ROUND(J11/$X$34,2) -> 78205.35 | Y11: =ROUND(K11/$Y$34,2) -> 73984.99 | Z11: =ROUND(L11/$Z$34,2) -> 77465.95 | AA11: =ROUND(M11/$AA$34,2) -> 155799.03 | AB11: =SUM(P11:AA11) -> 873801.65
A12: Site03 | B12: 0 | C12: ='[7]Estimate Revenue'!$E$10 -> 0 | D12: 0 | N12: =SUM(B12:M12) -> 0 | O12: =N12+'Summary 2021'!P12 -> 2.1958201e+12 | P12: =B12/$P$34 -> 0 | Q12: =C12/$Q$34 -> 0 | R12: =D12/$R$34 -> 0 | S12: =E12/$S$34 -> 0 | T12: =F12/$T$34 -> 0 | U12: =ROUND(G12/$U$34,2) -> 0 | V12: =H12/$V$34 -> 0 | W12: =ROUND(I12/$W$34,2) -> 0 | X12: =ROUND(J12/$X$34,2) -> 0 | Y12: =ROUND(K12/$Y$34,2) -> 0 | Z12: =ROUND(L12/$Z$34,2) -> 0 | AA12: =ROUND(M12/$AA$34,2) -> 0 | AB12: =SUM(P12:AA12) -> 0
A13: Site05 | B13: 0 | C13: ='[7]Estimate Revenue'!$E$11 -> 1457433647 | D13: 1441396109 | E13: 1529910617 | F13: 1461686915 | G13: 1524037928 | H13: 1494605642 | I13: 2672438439 | J13: 1576975365 | K13: 1466421120 | L13: 1618889219 | M13: 3222272343 | N13: =SUM(B13:M13) -> 19466067344 | O13: =N13+'Summary 2021'!P14 -> 62360929261 | P13: =B13/$P$34 -> 0 | Q13: =C13/$Q$34 -> 64345.856 | R13: =D13/$R$34 -> 63553.62 | S13: =E13/$S$34 -> 67116.061 | T13: =F13/$T$34 -> 63468.82 | U13: =ROUND(G13/$U$34,2) -> 65932.85 | V13: =H13/$V$34 -> 64422.657 | W13: =ROUND(I13/$W$34,2) -> 114696.93 | X13: =ROUND(J13/$X$34,2) -> 66510.98 | Y13: =ROUND(K13/$Y$34,2) -> 59610.61 | Z13: =ROUND(L13/$Z$34,2) -> 66077.11 | AA13: =ROUND(M13/$AA$34,2) -> 137762.82 | AB13: =SUM(P13:AA13) -> 833498.31
A14: Site06 | B14: ='[8]Estimate Revenue'!$E$12 -> 3409421347 | C14: ='[7]Estimate Revenue'!$E$12 -> 18159011020 | D14: 10018005467 | E14: 13184269489 | F14: 10970551698 | G14: 12966014772 | H14: 12458103505 | I14: 8321972181 | J14: 9786425844 | K14: 8382220030 | L14: 11617357377 | M14: 28924713095 | N14: =SUM(B14:M14) -> 148198065825 | O14: =N14+'Summary 2021'!P15 -> 5.7272245e+11 | P14: =B14/$P$34 -> 151664.65 | Q14: =C14/$Q$34 -> 801722.34 | R14: =D14/$R$34 -> 441711 | S14: =E14/$S$34 -> 578384.27 | T14: =F14/$T$34 -> 476359.17 | U14: =ROUND(G14/$U$34,2) -> 560935.1 | V14: =H14/$V$34 -> 536987.22 | W14: =ROUND(I14/$W$34,2) -> 357166.19 | X14: =ROUND(J14/$X$34,2) -> 412755.2 | Y14: =ROUND(K14/$Y$34,2) -> 340740.65 | Z14: =ROUND(L14/$Z$34,2) -> 474177.85 | AA14: =ROUND(M14/$AA$34,2) -> 1236627.3 | AB14: =SUM(P14:AA14) -> 6369231
A15: Site08 | B15: 0 | C15: ='[7]Estimate Revenue'!$E$13 -> 0 | D15: 0 | F15: 3255800000 | I15: 12209400000 | L15: 6511700000 | M15: 29733800000 | N15: =SUM(B15:M15) -> 51710700000 | O15: =N15+'Summary 2021'!P17 -> 96478500000 | P15: =B15/$P$34 -> 0 | Q15: =C15/$Q$34 -> 0 | R15: =D15/$R$34 -> 0 | S15: =E15/$S$34 -> 0 | T15: =F15/$T$34 -> 141372.12 | U15: =ROUND(G15/$U$34,2) -> 0 | V15: =H15/$V$34 -> 0 | W15: =ROUND(I15/$W$34,2) -> 524008.58 | X15: =ROUND(J15/$X$34,2) -> 0 | Y15: =ROUND(K15/$Y$34,2) -> 0 | Z15: =ROUND(L15/$Z$34,2) -> 265783.67 | AA15: =ROUND(M15/$AA$34,2) -> 1271218.5 | AB15: =SUM(P15:AA15) -> 2202382.8
A16: Site09 | B16: 0 | C16: ='[7]Estimate Revenue'!$E$14 -> 94642243 | D16: 52404184 | E16: 52404184 | F16: 53191123 | G16: 52404184 | H16: 52404184 | I16: 52979158 | J16: 52609668 | K16: 52609668 | L16: 53390127 | M16: 165137942 | N16: =SUM(B16:M16) -> 734176665 | O16: =N16+'Summary 2021'!P18 -> 1416903956 | P16: =B16/$P$34 -> 0 | Q16: =C16/$Q$34 -> 4178.4655 | R16: =D16/$R$34 -> 2310.5901 | S16: =E16/$S$34 -> 2298.9333 | T16: =F16/$T$34 -> 2309.6449 | U16: =ROUND(G16/$U$34,2) -> 2267.11 | V16: =H16/$V$34 -> 2258.801 | W16: =ROUND(I16/$W$34,2) -> 2273.78 | X16: =ROUND(J16/$X$34,2) -> 2218.88 | Y16: =ROUND(K16/$Y$34,2) -> 2138.6 | Z16: =ROUND(L16/$Z$34,2) -> 2179.19 | AA16: =ROUND(M16/$AA$34,2) -> 7060.19 | AB16: =SUM(P16:AA16) -> 31494.185
A17: Site10 | B17: ='[8]Estimate Revenue'!$E$15 -> 1733792712 | C17: ='[7]Estimate Revenue'!$E$15 -> 15656535045 | D17: 13212409909 | E17: 29597260240 | F17: 34490543660 | G17: 41858465490 | H17: 36148251094 | I17: 40323055793 | J17: 53495837877 | K17: 73237524106 | L17: 37409878147 | M17: 46114123831 | N17: =SUM(B17:M17) -> 423277677904 | O17: =N17+'Summary 2021'!P19 -> 576949411706 | P17: =B17/$P$34 -> 77126.01 | Q17: =C17/$Q$34 -> 691237.75 | R17: =D17/$R$34 -> 582557.76 | S17: =E17/$S$34 -> 1298410.2 | T17: =F17/$T$34 -> 1497635.4 | U17: =ROUND(G17/$U$34,2) -> 1810878.9 | V17: =H17/$V$34 -> 1558114.3 | W17: =ROUND(I17/$W$34,2) -> 1730603.2 | X17: =ROUND(J17/$X$34,2) -> 2256256.3 | Y17: =ROUND(K17/$Y$34,2) -> 2977135.1 | Z17: =ROUND(L17/$Z$34,2) -> 1526933.8 | AA17: =ROUND(M17/$AA$34,2) -> 1971531.6 | AB17: =SUM(P17:AA17) -> 17978420
A18: Site11 | B18: 29092743 | C18: ='[7]Estimate Revenue'!$E$16 -> 572624593 | D18: 518384813 | E18: 560522815 | F18: 553258576 | G18: 676043297 | H18: 604336166 | I18: 644229354 | J18: 584900941 | K18: 574326470 | L18: 593418153 | M18: 1650478407 | N18: =SUM(B18:M18) -> 7561616328 | O18: =N18+'Summary 2021'!P20 -> 11553377055 | P18: =B18/$P$34 -> 1294.1612 | Q18: =C18/$Q$34 -> 25281.439 | R18: =D18/$R$34 -> 22856.473 | S18: =E18/$S$34 -> 24589.726 | T18: =F18/$T$34 -> 24023.386 | U18: =ROUND(G18/$U$34,2) -> 29246.95 | V18: =H18/$V$34 -> 26048.973 | W18: =ROUND(I18/$W$34,2) -> 27649.33 | X18: =ROUND(J18/$X$34,2) -> 24668.96 | Y18: =ROUND(K18/$Y$34,2) -> 23346.6 | Z18: =ROUND(L18/$Z$34,2) -> 24221.15 | AA18: =ROUND(M18/$AA$34,2) -> 70563.42 | AB18: =SUM(P18:AA18) -> 323790.57
A19: Site12 | B19: 0 | C19: ='[7]Estimate Revenue'!$E$17 -> 0 | D19: 1851500000 | G19: 1851500000 | J19: 1851500000 | M19: 1851500000 | N19: =SUM(B19:M19) -> 7406000000 | O19: =N19+'Summary 2021'!P21 -> 12041000000 | P19: =B19/$P$34 -> 0 | Q19: =C19/$Q$34 -> 0 | R19: =D19/$R$34 -> 81635.802 | S19: =E19/$S$34 -> 0 | T19: =F19/T34 -> 0 | U19: =ROUND(G19/$U$34,2) -> 80099.5 | V19: =H19/$V$34 -> 0 | W19: =ROUND(I19/$W$34,2) -> 0 | X19: =ROUND(J19/$X$34,2) -> 78089.41 | Y19: =ROUND(K19/$Y$34,2) -> 0 | Z19: =ROUND(L19/$Z$34,2) -> 0 | AA19: =ROUND(M19/$AA$34,2) -> 79157.76 | AB19: =SUM(P19:AA19) -> 318982.47
A20: Site15 | B20: 0 | C20: 0 | D20: 0 | E20: 0 | F20: 0 | G20: 0 | H20: 0 | I20: 0 | J20: 0 | K20: 0 | L20: 0 | M20: ='[9]Estimate Revenue'!$Q$17 -> 9945452000 | N20: =SUM(B20:M20) -> 9945452000 | O20: =N20 -> 9945452000 | P20: =B20/$P$34 -> 0 | Q20: =C20/$P$34 -> 0 | R20: =D20/$P$34 -> 0 | S20: =E20/$P$34 -> 0 | T20: =F20/$P$34 -> 0 | U20: =G20/$P$34 -> 0 | V20: =H20/$P$34 -> 0 | W20: =I20/$P$34 -> 0 | ... Z20: =L20/$P$34 -> 0 | AA20: =ROUND(M20/$AA$34,2) -> 425201.03 | AB20: =SUM(P20:AA20) -> 425201.03
A21: Site16 | B21: 0 | C21: 0 | D21: 0 | E21: 0 | F21: 0 | G21: 0 | H21: 0 | I21: 0 | J21: 0 | K21: 0 | L21: 0 | M21: ='[9]Estimate Revenue'!$Q$18 -> 9945452000 | N21: =SUM(B21:M21) -> 9945452000 | O21: =N21 -> 9945452000 | P21: =B21/$P$34 -> 0 | Q21: =C21/$P$34 -> 0 | R21: =D21/$P$34 -> 0 | S21: =E21/$P$34 -> 0 | T21: =F21/$P$34 -> 0 | U21: =G21/$P$34 -> 0 | V21: =H21/$P$34 -> 0 | W21: =I21/$P$34 -> 0 | ... Z21: =L21/$P$34 -> 0 | AA21: =ROUND(M21/$AA$34,2) -> 425201.03 | AB21: =SUM(P21:AA21) -> 425201.03
A22: COGS | B22: =SUM(B23:B31) -> 4965820637 | C22: =SUM(C23:C31) -> 32619589747 | D22: =SUM(D23:D31) -> 24625341433 | E22: =SUM(E23:E31) -> 40610021254 | F22: =SUM(F23:F31) -> 45081057698 | G22: =SUM(G23:G31) -> 52526899017 | H22: =SUM(H23:H31) -> 45877509136 | I22: =SUM(I23:I31) -> 48460694880 | ... L22: =SUM(L23:L31) -> 53947881567 | M22: =SUM(M23:M33) -> 76844786496 | N22: =SUM(N23:N33) -> 560131931877 | O22: =SUM(O23:O31) -> #REF! | P22: =SUM(P23:P33) -> 220899.49 | Q22: =SUM(Q23:Q33) -> 1440158.5 | R22: =SUM(R23:R33) -> 1085773.4 | S22: =SUM(S23:S33) -> 1781532 | T22: =SUM(T23:T33) -> 1957492.7 | U22: =SUM(U23:U33) -> 2272416.1 | V22: =SUM(V23:V33) -> 1977478.8 | W22: =SUM(W23:W33) -> 2079858.2 | ... AB22: =SUM(AB23:AB33) -> 23864946 | AC22: =+AB22-'[6]IS (01)'!$G$14 -> 978918.57
A23: Site02 | B23: 0 | C23: ='[7]Estimate Revenue'!$C$9 -> 1392321458 | D23: 1274958199 | E23: 1421271450 | F23: 1360846305 | G23: 1462633032 | H23: 1679492169 | I23: 1683745353 | J23: 1686238893 | K23: 1653696820 | L23: 1725378034 | M23: 3312853822 | N23: =SUM(B23:M23) -> 18653435535 | O23: ='Summary 2021'!P25+N23 -> #REF! | P23: =B23/$P$34 -> 0 | Q23: =C23/$Q$34 -> 61471.146 | R23: =D23/$R$34 -> 56215.088 | S23: =E23/$S$34 -> 62350.14 | T23: =F23/$T$34 -> 59090.157 | U23: =ROUND(G23/$U$34,2) -> 63276.36 | V23: =H23/$V$34 -> 72391.904 | W23: =ROUND(I23/$W$34,2) -> 72263.75 | X23: =ROUND(J23/$X$34,2) -> 71119.31 | Y23: =ROUND(K23/$Y$34,2) -> 67223.45 | Z23: =ROUND(L23/$Z$34,2) -> 70423.59 | AA23: =ROUND(M23/$AA$34,2) -> 141635.48 | AB23: =SUM(P23:AA23) -> 797460.37
A24: Site03 | B24: ='[8]Estimate Revenue'!$C$10 -> 274829024 | C24: ='[7]Estimate Revenue'!$C$10 -> -57034296 | D24: 0 | N24: =SUM(B24:M24) -> 217794728 | O24: ='Summary 2021'!P26+N24 -> 1968659877196 | P24: =B24/$P$34 -> 12225.49 | Q24: =C24/$Q$34 -> -2518.0705 | R24: =D24/$R$34 -> 0 | S24: =E24/$S$34 -> 0 | T24: =F24/$T$34 -> 0 | U24: =ROUND(G24/$U$34,2) -> 0 | V24: =H24/$V$34 -> 0 | W24: =ROUND(I24/$W$34,2) -> 0 | X24: =ROUND(J24/$X$34,2) -> 0 | Y24: =ROUND(K24/$Y$34,2) -> 0 | Z24: =ROUND(L24/$Z$34,2) -> 0 | AA24: =ROUND(M24/$AA$34,2) -> 0 | AB24: =SUM(P24:AA24) -> 9707.4199
A25: Site05 | B25: ='[8]Estimate Revenue'!$C$11 -> 176967182 | C25: ='[7]Estimate Revenue'!$C$11 -> 1310095748 | D25: 1255190094 | E25: 1428389289 | F25: 1314876193 | G25: 1347360945 | H25: 1328524400 | I25: 2415959649 | J25: 1435567212 | K25: 1345275711 | L25: 1461423770 | M25: 2787131595 | N25: =SUM(B25:M25) -> 17606761788 | O25: ='Summary 2021'!P28+N25 -> 57415470527 | P25: =B25/$P$34 -> 7872.2056 | Q25: =C25/$Q$34 -> 57840.872 | R25: =D25/$R$34 -> 55343.479 | S25: =E25/$S$34 -> 62662.395 | T25: =F25/$T$34 -> 57094.06 | U25: =ROUND(G25/$U$34,2) -> 58289.46 | V25: =H25/$V$34 -> 57263.983 | W25: =ROUND(I25/$W$34,2) -> 103689.26 | X25: =ROUND(J25/$X$34,2) -> 60546.91 | Y25: =ROUND(K25/$Y$34,2) -> 54686 | Z25: =ROUND(L25/$Z$34,2) -> 59649.95 | AA25: =ROUND(M25/$AA$34,2) -> 119159.11 | AB25: =SUM(P25:AA25) -> 754097.68
A26: Site06 | B26: ='[8]Estimate Revenue'!$C$12 -> 2964832803 | C26: ='[7]Estimate Revenue'!$C$12 -> 15791075983 | D26: 8711657554 | E26: 11465040748 | F26: 9539991757 | G26: 11275246446 | H26: 10833566808 | I26: 7236787009 | J26: 8510275914 | K26: 7289178538 | L26: 10102453975 | M26: 25152930507 | N26: =SUM(B26:M26) -> 128873038042 | O26: ='Summary 2021'!P29+N26 -> 498039440450 | P26: =B26/$P$34 -> 131887.58 | Q26: =C26/$Q$34 -> 697177.75 | R26: =D26/$R$34 -> 384111.89 | S26: =E26/$S$34 -> 502962.96 | T26: =F26/$T$34 -> 414241.93 | U26: =ROUND(G26/$U$34,2) -> 487789.16 | V26: =H26/$V$34 -> 466964.09 | W26: =ROUND(I26/$W$34,2) -> 310591.72 | X26: =ROUND(J26/$X$34,2) -> 358931.92 | Y26: =ROUND(K26/$Y$34,2) -> 296308.07 | Z26: =ROUND(L26/$Z$34,2) -> 412345.06 | AA26: =ROUND(M26/$AA$34,2) -> 1075371.1 | AB26: =SUM(P26:AA26) -> 5538683.2
A27: Site08 | B27: ='[8]Estimate Revenue'!$C$13 -> 0 | C27: 0 | D27: 0 | F27: 2321764167 | I27: 1424183531 | L27: 1429699054 | M27: 568046840 | N27: =SUM(B27:M27) -> 5743693592 | O27: ='Summary 2021'!P31+N27 -> 14508255288 | P27: =B27/$P$34 -> 0 | Q27: =C27/$Q$34 -> 0 | R27: =D27/$R$34 -> 0 | S27: =E27/$S$34 -> 0 | T27: =F27/$T$34 -> 100814.77 | U27: =ROUND(G27/$U$34,2) -> 0 | V27: =H27/$V$34 -> 0 | W27: =ROUND(I27/$W$34,2) -> 61123.76 | X27: =ROUND(J27/$X$34,2) -> 0 | Y27: =ROUND(K27/$Y$34,2) -> 0 | Z27: =ROUND(L27/$Z$34,2) -> 58355.06 | AA27: =ROUND(M27/$AA$34,2) -> 24285.88 | AB27: =SUM(P27:AA27) -> 244579.47
A28: Site09 | B28: ='[8]Estimate Revenue'!$C$14 -> 41485486 | C28: ='[7]Estimate Revenue'!$C$14 -> 47640167 | D28: 48640167 | E28: 47976067 | F28: 47640167 | G28: 47640167 | H28: 48162871 | I28: 49426971 | J28: 47826971 | K28: 48536479 | L28: 48200579 | M28: 106436823 | N28: =SUM(B28:M28) -> 629612915 | O28: ='Summary 2021'!P32+N28 -> 1217119091 | P28: =B28/$P$34 -> 1845.4398 | Q28: =C28/$Q$34 -> 2103.3186 | R28: =D28/$R$34 -> 2144.6282 | S28: =E28/$S$34 -> 2104.675 | T28: =F28/$T$34 -> 2068.6134 | U28: =ROUND(G28/$U$34,2) -> 2061.01 | V28: =H28/$V$34 -> 2075.9858 | W28: =ROUND(I28/$W$34,2) -> 2121.33 | X28: =ROUND(J28/$X$34,2) -> 2017.16 | Y28: =ROUND(K28/$Y$34,2) -> 1973.03 | Z28: =ROUND(L28/$Z$34,2) -> 1967.37 | AA28: =ROUND(M28/$AA$34,2) -> 4550.53 | AB28: =SUM(P28:AA28) -> 27033.091
A29: Site10 | B29: ='[8]Estimate Revenue'!$C$15 -> 1507706142 | C29: ='[7]Estimate Revenue'!$C$15 -> 13614922875 | D29: 11489511657 | E29: 25737777505 | F29: 29992976767 | G29: 36400121590 | H29: 31434519151 | I29: 35064929318 | J29: 46519980618 | K29: 63687350963 | L29: 38641255106 | M29: 40100842084 | N29: =SUM(B29:M29) -> 374191893776 | O29: ='Summary 2021'!P33+N29 -> 507824833490 | P29: =B29/$P$34 -> 67068.779 | Q29: =C29/$Q$34 -> 601100.35 | R29: =D29/$R$34 -> 506592.22 | S29: =E29/$S$34 -> 1129097.5 | T29: =F29/T34 -> 1302343.8 | U29: =ROUND(G29/$U$34,2) -> 1574740.3 | V29: =H29/$V$34 -> 1354936.2 | W29: =ROUND(I29/$W$34,2) -> 1504932.6 | X29: =ROUND(J29/$X$34,2) -> 1962040.5 | Y29: =ROUND(K29/$Y$34,2) -> 2588916.7 | Z29: =ROUND(L29/$Z$34,2) -> 1577194.1 | AA29: =ROUND(M29/$AA$34,2) -> 1714443.9 | AB29: =SUM(P29:AA29) -> 15883407
A30: Site11 | B30: ='[8]Estimate Revenue'!$C$16 -> 0 | C30: ='[7]Estimate Revenue'!$C$16 -> 520567812 | D30: 471258921 | E30: 509566195 | F30: 502962342 | G30: 616524630 | H30: 553243737 | I30: 585663049 | J30: 531728128 | K30: 522114973 | L30: 539471049 | M30: 1485750141 | N30: =SUM(B30:M30) -> 6838850977 | O30: ='Summary 2021'!P34+N30 -> 10459307313 | P30: =B30/$P$34 -> 0 | Q30: =C30/$Q$34 -> 22983.126 | R30: =D30/$R$34 -> 20778.612 | S30: =E30/$S$34 -> 22354.297 | T30: =F30/$T$34 -> 21839.442 | U30: =ROUND(G30/$U$34,2) -> 26672.06 | V30: =H30/$V$34 -> 23846.713 | W30: =ROUND(I30/$W$34,2) -> 25135.75 | X30: =ROUND(J30/$X$34,2) -> 22426.32 | Y30: =ROUND(K30/$Y$34,2) -> 21224.19 | Z30: =ROUND(L30/$Z$34,2) -> 22019.23 | AA30: =ROUND(M30/$AA$34,2) -> 63520.74 | AB30: =SUM(P30:AA30) -> 292800.48
A31: Site12 | B31: 0 | C31: 0 | D31: 1374124841 | G31: 1377372207 | J31: 1294558792 | M31: 1639231172 | N31: =SUM(B31:M31) -> 5685287012 | O31: ='Summary 2021'!P35+N31 -> 9487271225 | P31: =B31/$P$34 -> 0 | Q31: =C31/$Q$34 -> 0 | R31: =D31/$R$34 -> 60587.515 | S31: =E31/$S$34 -> 0 | T31: =F31/T34 -> 0 | U31: =ROUND(G31/$U$34,2) -> 59587.81 | V31: =H31/$V$34 -> 0 | W31: =ROUND(I31/$W$34,2) -> 0 | X31: =ROUND(J31/$X$34,2) -> 54599.7 | Y31: =ROUND(K31/$Y$34,2) -> 0 | Z31: =ROUND(L31/$Z$34,2) -> 0 | AA31: =ROUND(M31/$AA$34,2) -> 70082.56 | AB31: =SUM(P31:AA31) -> 244857.59
A32: Site15 | B32: 0 | C32: 0 | D32: 0 | E32: 0 | F32: 0 | G32: 0 | H32: 0 | I32: 0 | J32: 0 | K32: 0 | L32: 0 | M32: 959337771 | N32: =SUM(B32:M32) -> 959337771 | O32: =+N32 -> 959337771 | P32: 0 | Q32: 0 | R32: 0 | S32: 0 | T32: 0 | U32: 0 | V32: 0 | W32: 0 | X32: 0 | Y32: 0 | Z32: 0 | AA32: =ROUND(M32/$AA$34,2) -> 41014.87 | AB32: =SUM(P32:AA32) -> 41014.87
A33: Site16 | B33: 0 | C33: 0 | D33: 0 | E33: 0 | F33: 0 | G33: 0 | H33: 0 | I33: 0 | J33: 0 | K33: 0 | L33: 0 | M33: 732225741 | N33: =SUM(B33:M33) -> 732225741 | O33: =+N33 -> 732225741 | P33: 0 | Q33: 0 | R33: 0 | S33: 0 | T33: 0 | U33: 0 | V33: 0 | W33: 0 | X33: 0 | Y33: 0 | Z33: 0 | AA33: =ROUND(M33/$AA$34,2) -> 31305.08 | AB33: =SUM(P33:AA33) -> 31305.08
A34: ER | H34: =+H10-'[10]IS (01)'!$K$6 -> 0 | P34: 22480 | Q34: 22650 | R34: 22680 | S34: 22795 | T34: 23030 | U34: 23115 | V34: 23200 | W34: 23300 | X34: 23710 | Y34: 24600 | Z34: 24500 | AA34: 23390
H35: =+H22-'[10]IS (01)'!$K$14 -> 0
A38: SITE06 | B38: =IFERROR(B26/B14,0) -> 0.8696 | C38: =IFERROR(C26/C14,0) -> 0.8696 | D38: =IFERROR(D26/D14,0) -> 0.8696 | E38: =IFERROR(E26/E14,0) -> 0.8696 | F38: =IFERROR(F26/F14,0) -> 0.8696 | G38: =IFERROR(G26/G14,0) -> 0.8696 | H38: =IFERROR(H26/H14,0) -> 0.8696 | I38: =IFERROR(I26/I14,0) -> 0.8696 | ... AB38: =IFERROR(AB26/AB14,0) -> 0.8696
A42: SITE10 | B42: =IFERROR(B29/B17,0) -> 0.8696 | C42: =IFERROR(C29/C17,0) -> 0.8696 | D42: =IFERROR(D29/D17,0) -> 0.8696 | E42: =IFERROR(E29/E17,0) -> 0.8696 | F42: =IFERROR(F29/F17,0) -> 0.8696 | G42: =IFERROR(G29/G17,0) -> 0.8696 | H42: =IFERROR(H29/H17,0) -> 0.8696 | I42: =IFERROR(I29/I17,0) -> 0.8696 | ... AB42: =IFERROR(AB29/AB17,0) -> 0.88347065
L43: Included provision of waranty | Z43: Included provision of waranty
N48: =+N24+N26+N29 -> 503282726546
N49: =+N22-N48 -> 56849205331

Sheet Summary 2021
A1: DAEWOO VINA
A2: SUMMARY SALES + COGS 2021
A6: Month | B6: 2021
B7: VND | P7: TOTAL up to 2021 | Q7: USD
B8: 44197 | C8: 44228 | D8: 44256 | E8: 44287 | F8: Adjust in Apr | G8: 44317 | H8: 44348 | I8: 44378 | J8: 44409 | K8: 44440 | L8: 44470 | M8: 44501 | N8: 44531 | O8: Total VND | Q8: 44197 | R8: 44228 | S8: 44256 | T8: 44287 | U8: 44317 | V8: 44348 | W8: 44378 | X8: 44409 | Y8: 44440 | Z8: 44470 | AA8: 44501 | AB8: 44531 | AC8: Total USD
