Workbook
Name _1: #REF!
Name _1: #REF!
Name _1: #REF!
Name _1: #REF!
Name _10_0R: #REF!
Name _10_0R: #REF!
Name _10_0R: #REF!
Name _10_0R: #REF!
Name _11_10: #REF!
Name _11_10: #REF!
Name _11_10: #REF!
Name _11_10: #REF!
Name _12_11: #REF!
Name _12_11: #REF!
Name _12_11: #REF!
Name _12_11: #REF!
Name _13_6: #REF!
Name _13_6: #REF!
Name _13_6: #REF!
Name _13_6: #REF!
Name _14_7: #REF!
Name _14_7: #REF!
Name _14_7: #REF!
Name _14_7: #REF!
Name _15_8: #REF!
Name _15_8: #REF!
Name _15_8: #REF!
Name _15_8: #REF!
Name _18_8_0R: #REF!
Name _18_8_0R: #REF!
Name _18_8_0R: #REF!
Name _18_8_0R: #REF!
Name _19_9: #REF!
Name _19_9: #REF!
Name _19_9: #REF!
Name _19_9: #REF!
Name _1C_: #REF!
Name _1C_: #REF!
Name _1C_: #REF!
Name _1C_: #REF!
Name _2: #N/A
Name _22B_0R: #REF!
Name _22B_0R: #REF!
Name _22B_0R: #REF!
Name _22B_0R: #REF!
Name _23C_: #REF!
Name _23C_: #REF!
Name _23C_: #REF!
Name _23C_: #REF!
Name _26D_0R: #REF!
Name _26D_0R: #REF!
Name _26D_0R: #REF!
Name _26D_0R: #REF!
Name _3: #N/A
Name _4: #N/A
Name _4_0R: #REF!
Name _4_0R: #REF!
Name _4_0R: #REF!
Name _4_0R: #REF!
Name _44L_0R: #REF!

Sheet EPA_자동계산
A1: ▶ DECV법인 자금수지 총괄(EPA입력)
A3: [단위:천USD]
A4: 구분 | B4: 약정항목명 | C4: 44927 | D4: 44958 | E4: 44986 | F4: 45017 | G4: 45047 | H4: 45078 | I4: 45108 | J4: 45139 | K4: 45170 | L4: 45200 | M4: 45231 | N4: 45261 | O4: 45292 | P4: 45323 | Q4: 45352 | R4: 45383 | S4: 45413 | T4: 45444 | U4: 45474 | V4: 45505 | W4: 45536 | X4: 45566 | Y4: 45597 | Z4: 45627 | AA4: 45658 | AB4: 45689 | AC4: 45717 | AD4: 45748 | AE4: 45778 | AF4: 45809 | AG4: 45839 | AH4: 45870 | AI4: 45901 | AJ4: 45931 | AK4: 45962 | AL4: 45992 | AM4: 46023 | AN4: 46054 | AO4: 46082 | AP4: 46113 | AQ4: 46143 | AR4: 46174 | AS4: 46204 | AT4: 46235 | AU4: 46266 | AV4: 46296 | AW4: 46327 | AX4: 46357 | AY4: 46388 | AZ4: 46419 | BA4: 46447 | BB4: 46478 | BC4: 46508 | BD4: 46539 | BE4: 46569 | BF4: 46600 | BG4: 46631 | BH4: 46661 | BI4: 46692 | BJ4: 46722 | BK4: 46753 | BL4: 46784 | BM4: 46813 | BN4: 46844 | BO4: 46874 | BP4: 46905 | BQ4: 46935 | BR4: 46966 | BS4: 46997 | BT4: 47027 | BU4: 47058 | BV4: 47088 | BW4: 47119 | BX4: 47150 | BY4: 47178 | BZ4: 47209 | CA4: 47239 | CB4: 47270 | CC4: 47300 | CD4: 47331 | CE4: 47362 | CF4: 47392 | CG4: 47423 | CH4: 47453
A5: 수입 | B5: 영업수익 | C5: =+'자금수지(FS)_작성시트'!G4 -> 2410.7997 | D5: =+'자금수지(FS)_작성시트'!H4 -> 2585.0402 | E5: =+'자금수지(FS)_작성시트'!I4 -> 1643.8651 | F5: =+'자금수지(FS)_작성시트'!J4 -> 1095.5899 | G5: =+'자금수지(FS)_작성시트'!K4 -> 938.78216 | H5: =+'자금수지(FS)_작성시트'!L4 -> 2572.7345 | I5: =+'자금수지(FS)_작성시트'!M4 -> 1109.6346 | J5: =+'자금수지(FS)_작성시트'!N4 -> 640.46318 | ... N5: =+'자금수지(FS)_작성시트'!R4 -> 2951.7028 | O5: =+'자금수지(FS)_작성시트'!T4 -> 2477.254 | P5: =+'자금수지(FS)_작성시트'!U4 -> 1158.4478 | Q5: =+'자금수지(FS)_작성시트'!V4 -> 607.71865 | R5: =+'자금수지(FS)_작성시트'!W4 -> 727.13063 | S5: =+'자금수지(FS)_작성시트'!X4 -> 647.41928 | T5: =+'자금수지(FS)_작성시트'!Y4 -> 849.2885 | U5: =+'자금수지(FS)_작성시트'!Z4 -> 1210.0058 | V5: =+'자금수지(FS)_작성시트'!AA4 -> 1798.5852 | ... Z5: =+'자금수지(FS)_작성시트'!AE4 -> 32193.421 | AA5: =+'자금수지(FS)_작성시트'!AG4 -> 5306.9558 | AB5: =+'자금수지(FS)_작성시트'!AH4 -> 1009.4704 | AC5: =+'자금수지(FS)_작성시트'!AI4 -> 1334.4752 | AD5: =+'자금수지(FS)_작성시트'!AJ4 -> 2825.325 | AE5: =+'자금수지(FS)_작성시트'!AK4 -> 4332.9034 | AF5: =+'자금수지(FS)_작성시트'!AL4 -> 3324.7459 | AG5: =+'자금수지(FS)_작성시트'!AM4 -> 3227.9172 | AH5: =+'자금수지(FS)_작성시트'!AN4 -> 4322.3224 | ... AL5: =+'자금수지(FS)_작성시트'!AR4 -> 13048.983 | AM5: =+'자금수지(FS)_작성시트'!AT4 -> 13475.46 | AN5: =+'자금수지(FS)_작성시트'!AU4 -> 8369.8133 | AO5: =+'자금수지(FS)_작성시트'!AV4 -> 4229.9638 | AP5: =+'자금수지(FS)_작성시트'!AW4 -> 4720.3816 | AQ5: =+'자금수지(FS)_작성시트'!AX4 -> 65.990113 | AR5: =+'자금수지(FS)_작성시트'!AY4 -> 1989.083 | AS5: =+'자금수지(FS)_작성시트'!AZ4 -> 139.4 | AT5: =+'자금수지(FS)_작성시트'!BA4 -> 6836.1225 | ... AX5: =+'자금수지(FS)_작성시트'!BE4 -> 16348.346 | AY5: =+'자금수지(FS)_작성시트'!BG4 -> 18238.9 | AZ5: =+'자금수지(FS)_작성시트'!BH4 -> 14945.131 | BA5: =+'자금수지(FS)_작성시트'!BI4 -> 17865.559 | BB5: =+'자금수지(FS)_작성시트'!BJ4 -> 34173.96 | BC5: =+'자금수지(FS)_작성시트'!BK4 -> 24465.908 | BD5: =+'자금수지(FS)_작성시트'!BL4 -> 26813.17 | BE5: =+'자금수지(FS)_작성시트'!BM4 -> 104855.1 | BF5: =+'자금수지(FS)_작성시트'!BN4 -> 26265.412 | ... BJ5: =+'자금수지(FS)_작성시트'!BR4 -> 31159.826 | BK5: =+'자금수지(FS)_작성시트'!BT4 -> 31631.133 | BL5: =+'자금수지(FS)_작성시트'!BU4 -> 30145.143 | BM5: =+'자금수지(FS)_작성시트'!BV4 -> 26573.409 | BN5: =+'자금수지(FS)_작성시트'!BW4 -> 27055.125 | BO5: =+'자금수지(FS)_작성시트'!BX4 -> 26237.679 | BP5: =+'자금수지(FS)_작성시트'!BY4 -> 26688.215 | BQ5: =+'자금수지(FS)_작성시트'!BZ4 -> 27897.091 | BR5: =+'자금수지(FS)_작성시트'!CA4 -> 27883.311 | ... BV5: =+'자금수지(FS)_작성시트'!CE4 -> 28474.719 | BW5: =+'자금수지(FS)_작성시트'!CG4 -> 26643.526 | BX5: =+'자금수지(FS)_작성시트'!CH4 -> 27507.478 | BY5: =+'자금수지(FS)_작성시트'!CI4 -> 28555.777 | BZ5: =+'자금수지(FS)_작성시트'!CJ4 -> 27406.83 | CA5: =+'자금수지(FS)_작성시트'!CK4 -> 28143.11 | CB5: =+'자금수지(FS)_작성시트'!CL4 -> 28716.185 | CC5: =+'자금수지(FS)_작성시트'!CM4 -> 27043.597 | CD5: =+'자금수지(FS)_작성시트'!CN4 -> 24464.789 | ... CH5: =+'자금수지(FS)_작성시트'!CR4 -> 15832.975
B6: 대여금 | C6: =+'자금수지(FS)_작성시트'!G222 -> 0 | D6: =+'자금수지(FS)_작성시트'!H222 -> 0 | E6: =+'자금수지(FS)_작성시트'!I222 -> 0 | F6: =+'자금수지(FS)_작성시트'!J222 -> 0 | G6: =+'자금수지(FS)_작성시트'!K222 -> 0 | H6: =+'자금수지(FS)_작성시트'!L222 -> 0 | I6: =+'자금수지(FS)_작성시트'!M222 -> 0 | J6: =+'자금수지(FS)_작성시트'!N222 -> 0 | ... N6: =+'자금수지(FS)_작성시트'!R222 -> 0 | O6: =+'자금수지(FS)_작성시트'!T222 -> 0 | P6: =+'자금수지(FS)_작성시트'!U222 -> 0 | Q6: =+'자금수지(FS)_작성시트'!V222 -> 0 | R6: =+'자금수지(FS)_작성시트'!W222 -> 0 | S6: =+'자금수지(FS)_작성시트'!X222 -> 0 | T6: =+'자금수지(FS)_작성시트'!Y222 -> 0 | U6: =+'자금수지(FS)_작성시트'!Z222 -> 0 | V6: =+'자금수지(FS)_작성시트'!AA222 -> 0 | ... Z6: =+'자금수지(FS)_작성시트'!AE222 -> 0 | AA6: =+'자금수지(FS)_작성시트'!AG222 -> 0 | AB6: =+'자금수지(FS)_작성시트'!AH222 -> 0 | AC6: =+'자금수지(FS)_작성시트'!AI222 -> 0 | AD6: =+'자금수지(FS)_작성시트'!AJ222 -> 0 | AE6: =+'자금수지(FS)_작성시트'!AK222 -> 0 | AF6: =+'자금수지(FS)_작성시트'!AL222 -> 0 | AG6: =+'자금수지(FS)_작성시트'!AM222 -> 0 | AH6: =+'자금수지(FS)_작성시트'!AN222 -> 0 | ... AL6: =+'자금수지(FS)_작성시트'!AR222 -> 0 | AM6: =+'자금수지(FS)_작성시트'!AT222 -> 0 | AN6: =+'자금수지(FS)_작성시트'!AU222 -> 0 | AO6: =+'자금수지(FS)_작성시트'!AV222 -> 0 | AP6: =+'자금수지(FS)_작성시트'!AW222 -> 0 | AQ6: =+'자금수지(FS)_작성시트'!AX222 -> 0 | AR6: =+'자금수지(FS)_작성시트'!AY222 -> 0 | AS6: =+'자금수지(FS)_작성시트'!AZ222 -> 0 | AT6: =+'자금수지(FS)_작성시트'!BA222 -> 0 | ... AX6: =+'자금수지(FS)_작성시트'!BE222 -> 0 | AY6: =+'자금수지(FS)_작성시트'!BG222 -> 0 | AZ6: =+'자금수지(FS)_작성시트'!BH222 -> 0 | BA6: =+'자금수지(FS)_작성시트'!BI222 -> 0 | BB6: =+'자금수지(FS)_작성시트'!BJ222 -> 0 | BC6: =+'자금수지(FS)_작성시트'!BK222 -> 0 | BD6: =+'자금수지(FS)_작성시트'!BL222 -> 0 | BE6: =+'자금수지(FS)_작성시트'!BM222 -> 0 | BF6: =+'자금수지(FS)_작성시트'!BN222 -> 0 | ... BJ6: =+'자금수지(FS)_작성시트'!BR222 -> 0 | BK6: =+'자금수지(FS)_작성시트'!BT222 -> 0 | BL6: =+'자금수지(FS)_작성시트'!BU222 -> 0 | BM6: =+'자금수지(FS)_작성시트'!BV222 -> 0 | BN6: =+'자금수지(FS)_작성시트'!BW222 -> 0 | BO6: =+'자금수지(FS)_작성시트'!BX222 -> 0 | BP6: =+'자금수지(FS)_작성시트'!BY222 -> 0 | BQ6: 27958 | BR6: =+'자금수지(FS)_작성시트'!CA222 -> 0 | BS6: =+'자금수지(FS)_작성시트'!CB222 -> 0 | BT6: =+'자금수지(FS)_작성시트'!CC222 -> 0 | BU6: =+'자금수지(FS)_작성시트'!CD222 -> 0 | BV6: =+'자금수지(FS)_작성시트'!CE222 -> 0 | BW6: =+'자금수지(FS)_작성시트'!CG222 -> 0 | BX6: =+'자금수지(FS)_작성시트'!CH222 -> 0 | BY6: =+'자금수지(FS)_작성시트'!CI222 -> 0 | BZ6: =+'자금수지(FS)_작성시트'!CJ222 -> 0 | CA6: =+'자금수지(FS)_작성시트'!CK222 -> 0 | CB6: =+'자금수지(FS)_작성시트'!CL222 -> 0 | CC6: =+'자금수지(FS)_작성시트'!CM222 -> 0 | CD6: =+'자금수지(FS)_작성시트'!CN222 -> 0 | ... CH6: =+'자금수지(FS)_작성시트'!CR222 -> 0
B7: 보증금회수 | C7: =+'자금수지(FS)_작성시트'!G225 -> 0 | D7: =+'자금수지(FS)_작성시트'!H225 -> 0 | E7: =+'자금수지(FS)_작성시트'!I225 -> 0 | F7: =+'자금수지(FS)_작성시트'!J225 -> 0 | G7: =+'자금수지(FS)_작성시트'!K225 -> 0 | H7: =+'자금수지(FS)_작성시트'!L225 -> 0 | I7: =+'자금수지(FS)_작성시트'!M225 -> 0 | J7: =+'자금수지(FS)_작성시트'!N225 -> 0 | ... N7: =+'자금수지(FS)_작성시트'!R225 -> 0 | O7: =+'자금수지(FS)_작성시트'!T225 -> 6.6639158 | P7: =+'자금수지(FS)_작성시트'!U225 -> 2.2228128 | Q7: =+'자금수지(FS)_작성시트'!V225 -> 2.5554342 | R7: =+'자금수지(FS)_작성시트'!W225 -> 4.771941 | S7: =+'자금수지(FS)_작성시트'!X225 -> 2.179599 | T7: =+'자금수지(FS)_작성시트'!Y225 -> 0 | U7: =+'자금수지(FS)_작성시트'!Z225 -> 0 | V7: =+'자금수지(FS)_작성시트'!AA225 -> 2.0075605 | ... Z7: =+'자금수지(FS)_작성시트'!AE225 -> 0.65627821 | AA7: =+'자금수지(FS)_작성시트'!AG225 -> 1.2634133 | AB7: =+'자금수지(FS)_작성시트'!AH225 -> 0 | AC7: =+'자금수지(FS)_작성시트'!AI225 -> 3.0346188 | AD7: =+'자금수지(FS)_작성시트'!AJ225 -> 2.9494099 | AE7: =+'자금수지(FS)_작성시트'!AK225 -> 0 | AF7: =+'자금수지(FS)_작성시트'!AL225 -> 3.5652674 | AG7: =+'자금수지(FS)_작성시트'!AM225 -> 0 | AH7: =+'자금수지(FS)_작성시트'!AN225 -> 0.71101178 | ... AL7: =+'자금수지(FS)_작성시트'!AR225 -> 1.7969178 | AM7: =+'자금수지(FS)_작성시트'!AT225 -> 0 | AN7: =+'자금수지(FS)_작성시트'!AU225 -> 3.2090839 | AO7: =+'자금수지(FS)_작성시트'!AV225 -> 1.7441402 | AP7: =+'자금수지(FS)_작성시트'!AW225 -> 0.22762624 | AQ7: =+'자금수지(FS)_작성시트'!AX225 -> 0 | AR7: =+'자금수지(FS)_작성시트'!AY225 -> 0 | AS7: =+'자금수지(FS)_작성시트'!AZ225 -> 0 | AT7: =+'자금수지(FS)_작성시트'!BA225 -> 0 | ... AX7: =+'자금수지(FS)_작성시트'!BE225 -> 0 | AY7: =+'자금수지(FS)_작성시트'!BG225 -> 0 | AZ7: =+'자금수지(FS)_작성시트'!BH225 -> 0 | BA7: =+'자금수지(FS)_작성시트'!BI225 -> 0 | BB7: =+'자금수지(FS)_작성시트'!BJ225 -> 0 | BC7: =+'자금수지(FS)_작성시트'!BK225 -> 0 | BD7: =+'자금수지(FS)_작성시트'!BL225 -> 0 | BE7: =+'자금수지(FS)_작성시트'!BM225 -> 0 | BF7: =+'자금수지(FS)_작성시트'!BN225 -> 0 | ... BJ7: =+'자금수지(FS)_작성시트'!BR225 -> 0 | BK7: =+'자금수지(FS)_작성시트'!BT225 -> 0 | BL7: =+'자금수지(FS)_작성시트'!BU225 -> 0 | BM7: =+'자금수지(FS)_작성시트'!BV225 -> 0 | BN7: =+'자금수지(FS)_작성시트'!BW225 -> 0 | BO7: =+'자금수지(FS)_작성시트'!BX225 -> 0 | BP7: =+'자금수지(FS)_작성시트'!BY225 -> 0 | BQ7: =+'자금수지(FS)_작성시트'!BZ225 -> 0 | BR7: =+'자금수지(FS)_작성시트'!CA225 -> 0 | ... BV7: =+'자금수지(FS)_작성시트'!CE225 -> 0 | BW7: =+'자금수지(FS)_작성시트'!CG225 -> 0 | BX7: =+'자금수지(FS)_작성시트'!CH225 -> 0 | BY7: =+'자금수지(FS)_작성시트'!CI225 -> 0 | BZ7: =+'자금수지(FS)_작성시트'!CJ225 -> 0 | CA7: =+'자금수지(FS)_작성시트'!CK225 -> 0 | CB7: =+'자금수지(FS)_작성시트'!CL225 -> 0 | CC7: =+'자금수지(FS)_작성시트'!CM225 -> 0 | CD7: =+'자금수지(FS)_작성시트'!CN225 -> 0 | ... CH7: =+'자금수지(FS)_작성시트'!CR225 -> 0
B8: 은행차입조달 | C8: =+'자금수지(FS)_작성시트'!G228 -> 0 | D8: =+'자금수지(FS)_작성시트'!H228 -> 0 | E8: =+'자금수지(FS)_작성시트'!I228 -> 0 | F8: =+'자금수지(FS)_작성시트'!J228 -> 0 | G8: =+'자금수지(FS)_작성시트'!K228 -> 0 | H8: =+'자금수지(FS)_작성시트'!L228 -> 0 | I8: =+'자금수지(FS)_작성시트'!M228 -> 0 | J8: =+'자금수지(FS)_작성시트'!N228 -> 0 | ... N8: =+'자금수지(FS)_작성시트'!R228 -> 0 | O8: =+'자금수지(FS)_작성시트'!T228 -> 0 | P8: =+'자금수지(FS)_작성시트'!U228 -> 0 | Q8: =+'자금수지(FS)_작성시트'!V228 -> 0 | R8: =+'자금수지(FS)_작성시트'!W228 -> 0 | S8: =+'자금수지(FS)_작성시트'!X228 -> 0 | T8: =+'자금수지(FS)_작성시트'!Y228 -> 0 | U8: =+'자금수지(FS)_작성시트'!Z228 -> 0 | V8: =+'자금수지(FS)_작성시트'!AA228 -> 0 | ... Z8: =+'자금수지(FS)_작성시트'!AE228 -> 0 | AA8: =+'자금수지(FS)_작성시트'!AG228 -> 0 | AB8: =+'자금수지(FS)_작성시트'!AH228 -> 0 | AC8: =+'자금수지(FS)_작성시트'!AI228 -> 0 | AD8: =+'자금수지(FS)_작성시트'!AJ228 -> 0 | AE8: =+'자금수지(FS)_작성시트'!AK228 -> 0 | AF8: =+'자금수지(FS)_작성시트'!AL228 -> 0 | AG8: =+'자금수지(FS)_작성시트'!AM228 -> 0 | AH8: =+'자금수지(FS)_작성시트'!AN228 -> 0 | ... AL8: =+'자금수지(FS)_작성시트'!AR228 -> 0 | AM8: =+'자금수지(FS)_작성시트'!AT228 -> 0 | AN8: =+'자금수지(FS)_작성시트'!AU228 -> 0 | AO8: =+'자금수지(FS)_작성시트'!AV228 -> 0 | AP8: =+'자금수지(FS)_작성시트'!AW228 -> 0 | AQ8: =+'자금수지(FS)_작성시트'!AX228 -> 0 | AR8: =+'자금수지(FS)_작성시트'!AY228 -> 0 | AS8: =+'자금수지(FS)_작성시트'!AZ228 -> 0 | AT8: =+'자금수지(FS)_작성시트'!BA228 -> 0 | ... AX8: =+'자금수지(FS)_작성시트'!BE228 -> 0 | AY8: =+'자금수지(FS)_작성시트'!BG228 -> 0 | AZ8: =+'자금수지(FS)_작성시트'!BH228 -> 0 | BA8: =+'자금수지(FS)_작성시트'!BI228 -> 0 | BB8: =+'자금수지(FS)_작성시트'!BJ228 -> 0 | BC8: =+'자금수지(FS)_작성시트'!BK228 -> 0 | BD8: =+'자금수지(FS)_작성시트'!BL228 -> 0 | BE8: =+'자금수지(FS)_작성시트'!BM228 -> 0 | BF8: =+'자금수지(FS)_작성시트'!BN228 -> 0 | ... BJ8: =+'자금수지(FS)_작성시트'!BR228 -> 0 | BK8: =+'자금수지(FS)_작성시트'!BT228 -> 0 | BL8: =+'자금수지(FS)_작성시트'!BU228 -> 0 | BM8: =+'자금수지(FS)_작성시트'!BV228 -> 0 | BN8: =+'자금수지(FS)_작성시트'!BW228 -> 0 | BO8: =+'자금수지(FS)_작성시트'!BX228 -> 0 | BP8: =+'자금수지(FS)_작성시트'!BY228 -> 0 | BQ8: =+'자금수지(FS)_작성시트'!BZ228 -> 0 | BR8: =+'자금수지(FS)_작성시트'!CA228 -> 0 | ... BV8: =+'자금수지(FS)_작성시트'!CE228 -> 0 | BW8: =+'자금수지(FS)_작성시트'!CG228 -> 0 | BX8: =+'자금수지(FS)_작성시트'!CH228 -> 0 | BY8: =+'자금수지(FS)_작성시트'!CI228 -> 0 | BZ8: =+'자금수지(FS)_작성시트'!CJ228 -> 0 | CA8: =+'자금수지(FS)_작성시트'!CK228 -> 0 | CB8: =+'자금수지(FS)_작성시트'!CL228 -> 0 | CC8: =+'자금수지(FS)_작성시트'!CM228 -> 0 | CD8: =+'자금수지(FS)_작성시트'!CN228 -> 0 | ... CH8: =+'자금수지(FS)_작성시트'!CR228 -> 0
B9: 기타수입 | C9: =+'자금수지(FS)_작성시트'!G231+'자금수지(FS)_작성시트'!G234+'자금수지(FS)_작성시트'!G237+'자금수지(FS)_작성시트'!G240 -> 267 | D9: =+'자금수지(FS)_작성시트'!H231+'자금수지(FS)_작성시트'!H234+'자금수지(FS)_작성시트'!H237+'자금수지(FS)_작성시트'!H240 -> 30 | E9: =+'자금수지(FS)_작성시트'!I231+'자금수지(FS)_작성시트'!I234+'자금수지(FS)_작성시트'!I237+'자금수지(FS)_작성시트'!I240 -> 31.690436 | F9: =+'자금수지(FS)_작성시트'!J231+'자금수지(FS)_작성시트'!J234+'자금수지(FS)_작성시트'!J237+'자금수지(FS)_작성시트'!J240 -> 30.818566 | G9: =+'자금수지(FS)_작성시트'!K231+'자금수지(FS)_작성시트'!K234+'자금수지(FS)_작성시트'!K237+'자금수지(FS)_작성시트'!K240 -> 27.487748 | H9: =+'자금수지(FS)_작성시트'!L231+'자금수지(FS)_작성시트'!L234+'자금수지(FS)_작성시트'!L237+'자금수지(FS)_작성시트'!L240 -> 23.602977 | I9: =+'자금수지(FS)_작성시트'!M231+'자금수지(FS)_작성시트'!M234+'자금수지(FS)_작성시트'!M237+'자금수지(FS)_작성시트'!M240 -> 725.21885 | J9: =+'자금수지(FS)_작성시트'!N231+'자금수지(FS)_작성시트'!N234+'자금수지(FS)_작성시트'!N237+'자금수지(FS)_작성시트'!N240 -> 31.233271 | ... N9: =+'자금수지(FS)_작성시트'!R231+'자금수지(FS)_작성시트'!R234+'자금수지(FS)_작성시트'!R237+'자금수지(FS)_작성시트'!R240 -> 75.6487 | O9: =+'자금수지(FS)_작성시트'!T231+'자금수지(FS)_작성시트'!T234+'자금수지(FS)_작성시트'!T237+'자금수지(FS)_작성시트'!T240+'자금수지(FS)_작성시트'!T243 -> 190.97099 | P9: =+'자금수지(FS)_작성시트'!U231+'자금수지(FS)_작성시트'!U234+'자금수지(FS)_작성시트'!U237+'자금수지(FS)_작성시트'!U240+'자금수지(FS)_작성시트'!U243 -> 90.248601 | Q9: =+'자금수지(FS)_작성시트'!V231+'자금수지(FS)_작성시트'!V234+'자금수지(FS)_작성시트'!V237+'자금수지(FS)_작성시트'!V240+'자금수지(FS)_작성시트'!V243 -> 20.484453 | R9: =+'자금수지(FS)_작성시트'!W231+'자금수지(FS)_작성시트'!W234+'자금수지(FS)_작성시트'!W237+'자금수지(FS)_작성시트'!W240+'자금수지(FS)_작성시트'!W243 -> 19.163516 | S9: =+'자금수지(FS)_작성시트'!X231+'자금수지(FS)_작성시트'!X234+'자금수지(FS)_작성시트'!X237+'자금수지(FS)_작성시트'!X240+'자금수지(FS)_작성시트'!X243 -> 329.98395 | T9: =+'자금수지(FS)_작성시트'!Y231+'자금수지(FS)_작성시트'!Y234+'자금수지(FS)_작성시트'!Y237+'자금수지(FS)_작성시트'!Y240+'자금수지(FS)_작성시트'!Y243 -> 21.484912 | U9: =+'자금수지(FS)_작성시트'!Z231+'자금수지(FS)_작성시트'!Z234+'자금수지(FS)_작성시트'!Z237+'자금수지(FS)_작성시트'!Z240+'자금수지(FS)_작성시트'!Z243 -> 80973.547 | V9: =+'자금수지(FS)_작성시트'!AA231+'자금수지(FS)_작성시트'!AA234+'자금수지(FS)_작성시트'!AA237+'자금수지(FS)_작성시트'!AA240+'자금수지(FS)_작성시트'!AA243 -> 1222.2614 | ... Z9: =+'자금수지(FS)_작성시트'!AE231+'자금수지(FS)_작성시트'!AE234+'자금수지(FS)_작성시트'!AE237+'자금수지(FS)_작성시트'!AE240+'자금수지(FS)_작성시트'!AE243 -> 94.161119 | AA9: =+'자금수지(FS)_작성시트'!AG231+'자금수지(FS)_작성시트'!AG234+'자금수지(FS)_작성시트'!AG237+'자금수지(FS)_작성시트'!AG240+'자금수지(FS)_작성시트'!AG243 -> 2329.1354 | AB9: =+'자금수지(FS)_작성시트'!AH231+'자금수지(FS)_작성시트'!AH234+'자금수지(FS)_작성시트'!AH237+'자금수지(FS)_작성시트'!AH240+'자금수지(FS)_작성시트'!AH243 -> 112.49559 | AC9: =+'자금수지(FS)_작성시트'!AI231+'자금수지(FS)_작성시트'!AI234+'자금수지(FS)_작성시트'!AI237+'자금수지(FS)_작성시트'!AI240+'자금수지(FS)_작성시트'!AI243 -> 167.16808 | AD9: =+'자금수지(FS)_작성시트'!AJ231+'자금수지(FS)_작성시트'!AJ234+'자금수지(FS)_작성시트'!AJ237+'자금수지(FS)_작성시트'!AJ240+'자금수지(FS)_작성시트'!AJ243 -> 112.25163 | AE9: =+'자금수지(FS)_작성시트'!AK231+'자금수지(FS)_작성시트'!AK234+'자금수지(FS)_작성시트'!AK237+'자금수지(FS)_작성시트'!AK240+'자금수지(FS)_작성시트'!AK243 -> 2612.5067 | AF9: =+'자금수지(FS)_작성시트'!AL231+'자금수지(FS)_작성시트'!AL234+'자금수지(FS)_작성시트'!AL237+'자금수지(FS)_작성시트'!AL240+'자금수지(FS)_작성시트'!AL243 -> 956.27385 | AG9: =+'자금수지(FS)_작성시트'!AM231+'자금수지(FS)_작성시트'!AM234+'자금수지(FS)_작성시트'!AM237+'자금수지(FS)_작성시트'!AM240+'자금수지(FS)_작성시트'!AM243 -> 704.82279 | AH9: =+'자금수지(FS)_작성시트'!AN231+'자금수지(FS)_작성시트'!AN234+'자금수지(FS)_작성시트'!AN237+'자금수지(FS)_작성시트'!AN240+'자금수지(FS)_작성시트'!AN243 -> 1519.5044 | ... AL9: =+'자금수지(FS)_작성시트'!AR231+'자금수지(FS)_작성시트'!AR234+'자금수지(FS)_작성시트'!AR237+'자금수지(FS)_작성시트'!AR240+'자금수지(FS)_작성시트'!AR243 -> 4420.0204 | AM9: =+'자금수지(FS)_작성시트'!AT231+'자금수지(FS)_작성시트'!AT234+'자금수지(FS)_작성시트'!AT237+'자금수지(FS)_작성시트'!AT240+'자금수지(FS)_작성시트'!AT243 -> 1019.9236 | AN9: =+'자금수지(FS)_작성시트'!AU231+'자금수지(FS)_작성시트'!AU234+'자금수지(FS)_작성시트'!AU237+'자금수지(FS)_작성시트'!AU240+'자금수지(FS)_작성시트'!AU243 -> 270.22288 | AO9: =+'자금수지(FS)_작성시트'!AV231+'자금수지(FS)_작성시트'!AV234+'자금수지(FS)_작성시트'!AV237+'자금수지(FS)_작성시트'!AV240+'자금수지(FS)_작성시트'!AV243 -> 520.04505 | AP9: =+'자금수지(FS)_작성시트'!AW231+'자금수지(FS)_작성시트'!AW234+'자금수지(FS)_작성시트'!AW237+'자금수지(FS)_작성시트'!AW240+'자금수지(FS)_작성시트'!AW243 -> 301.5565 | AQ9: =+'자금수지(FS)_작성시트'!AX231+'자금수지(FS)_작성시트'!AX234+'자금수지(FS)_작성시트'!AX237+'자금수지(FS)_작성시트'!AX240+'자금수지(FS)_작성시트'!AX243 -> 285.33104 | AR9: =+'자금수지(FS)_작성시트'!AY231+'자금수지(FS)_작성시트'!AY234+'자금수지(FS)_작성시트'!AY237+'자금수지(FS)_작성시트'!AY240+'자금수지(FS)_작성시트'!AY243 -> 516.78927 | AS9: =+'자금수지(FS)_작성시트'!AZ231+'자금수지(FS)_작성시트'!AZ234+'자금수지(FS)_작성시트'!AZ237+'자금수지(FS)_작성시트'!AZ240+'자금수지(FS)_작성시트'!AZ243 -> 222.90329 | AT9: =+'자금수지(FS)_작성시트'!BA231+'자금수지(FS)_작성시트'!BA234+'자금수지(FS)_작성시트'!BA237+'자금수지(FS)_작성시트'!BA240+'자금수지(FS)_작성시트'!BA243 -> 125.00049 | ... AX9: =+'자금수지(FS)_작성시트'!BE231+'자금수지(FS)_작성시트'!BE234+'자금수지(FS)_작성시트'!BE237+'자금수지(FS)_작성시트'!BE240+'자금수지(FS)_작성시트'!BE243 -> 80.760157 | AY9: =+'자금수지(FS)_작성시트'!BG231+'자금수지(FS)_작성시트'!BG234+'자금수지(FS)_작성시트'!BG237+'자금수지(FS)_작성시트'!BG240+'자금수지(FS)_작성시트'!BG243 -> 78.602054 | AZ9: =+'자금수지(FS)_작성시트'!BH231+'자금수지(FS)_작성시트'!BH234+'자금수지(FS)_작성시트'!BH237+'자금수지(FS)_작성시트'!BH240+'자금수지(FS)_작성시트'!BH243 -> 85.312998 | BA9: =+'자금수지(FS)_작성시트'!BI231+'자금수지(FS)_작성시트'!BI234+'자금수지(FS)_작성시트'!BI237+'자금수지(FS)_작성시트'!BI240+'자금수지(FS)_작성시트'!BI243 -> 60.300951 | BB9: =+'자금수지(FS)_작성시트'!BJ231+'자금수지(FS)_작성시트'!BJ234+'자금수지(FS)_작성시트'!BJ237+'자금수지(FS)_작성시트'!BJ240+'자금수지(FS)_작성시트'!BJ243 -> 46.440336 | BC9: =+'자금수지(FS)_작성시트'!BK231+'자금수지(FS)_작성시트'!BK234+'자금수지(FS)_작성시트'!BK237+'자금수지(FS)_작성시트'!BK240+'자금수지(FS)_작성시트'!BK243 -> 65.658879 | BD9: =+'자금수지(FS)_작성시트'!BL231+'자금수지(FS)_작성시트'!BL234+'자금수지(FS)_작성시트'!BL237+'자금수지(FS)_작성시트'!BL240+'자금수지(FS)_작성시트'!BL243 -> 56.069618 | BE9: =+'자금수지(FS)_작성시트'!BM231+'자금수지(FS)_작성시트'!BM234+'자금수지(FS)_작성시트'!BM237+'자금수지(FS)_작성시트'!BM240+'자금수지(FS)_작성시트'!BM243 -> 53.086344 | BF9: =+'자금수지(FS)_작성시트'!BN231+'자금수지(FS)_작성시트'!BN234+'자금수지(FS)_작성시트'!BN237+'자금수지(FS)_작성시트'!BN240+'자금수지(FS)_작성시트'!BN243 -> 65.428231 | ... BJ9: =+'자금수지(FS)_작성시트'!BR231+'자금수지(FS)_작성시트'!BR234+'자금수지(FS)_작성시트'!BR237+'자금수지(FS)_작성시트'!BR240+'자금수지(FS)_작성시트'!BR243 -> 48.072189 | BK9: =+'자금수지(FS)_작성시트'!BT231+'자금수지(FS)_작성시트'!BT234+'자금수지(FS)_작성시트'!BT237+'자금수지(FS)_작성시트'!BT240+'자금수지(FS)_작성시트'!BT243 -> 67.544562 | BL9: =+'자금수지(FS)_작성시트'!BU231+'자금수지(FS)_작성시트'!BU234+'자금수지(FS)_작성시트'!BU237+'자금수지(FS)_작성시트'!BU240+'자금수지(FS)_작성시트'!BU243 -> 86.597091 | BM9: =+'자금수지(FS)_작성시트'!BV231+'자금수지(FS)_작성시트'!BV234+'자금수지(FS)_작성시트'!BV237+'자금수지(FS)_작성시트'!BV240+'자금수지(FS)_작성시트'!BV243 -> 96.698086 | BN9: =+'자금수지(FS)_작성시트'!BW231+'자금수지(FS)_작성시트'!BW234+'자금수지(FS)_작성시트'!BW237+'자금수지(FS)_작성시트'!BW240+'자금수지(FS)_작성시트'!BW243 -> 88.690887 | BO9: =+'자금수지(FS)_작성시트'!BX231+'자금수지(FS)_작성시트'!BX234+'자금수지(FS)_작성시트'!BX237+'자금수지(FS)_작성시트'!BX240+'자금수지(FS)_작성시트'!BX243 -> 80.342683 | BP9: =+'자금수지(FS)_작성시트'!BY231+'자금수지(FS)_작성시트'!BY234+'자금수지(FS)_작성시트'!BY237+'자금수지(FS)_작성시트'!BY240+'자금수지(FS)_작성시트'!BY243 -> 83.596186 | BQ9: =+'자금수지(FS)_작성시트'!BZ231+'자금수지(FS)_작성시트'!BZ234+'자금수지(FS)_작성시트'!BZ237+'자금수지(FS)_작성시트'!BZ240+'자금수지(FS)_작성시트'!BZ243-BQ6 -> 4254.1459 | BR9: =+'자금수지(FS)_작성시트'!CA231+'자금수지(FS)_작성시트'!CA234+'자금수지(FS)_작성시트'!CA237+'자금수지(FS)_작성시트'!CA240+'자금수지(FS)_작성시트'!CA243 -> 164.58169 | BS9: =+'자금수지(FS)_작성시트'!CB231+'자금수지(FS)_작성시트'!CB234+'자금수지(FS)_작성시트'!CB237+'자금수지(FS)_작성시트'!CB240+'자금수지(FS)_작성시트'!CB243 -> 129.24149 | BT9: =+'자금수지(FS)_작성시트'!CC231+'자금수지(FS)_작성시트'!CC234+'자금수지(FS)_작성시트'!CC237+'자금수지(FS)_작성시트'!CC240+'자금수지(FS)_작성시트'!CC243 -> 133.89554 | BU9: =+'자금수지(FS)_작성시트'!CD231+'자금수지(FS)_작성시트'!CD234+'자금수지(FS)_작성시트'!CD237+'자금수지(FS)_작성시트'!CD240+'자금수지(FS)_작성시트'!CD243 -> 127.57938 | BV9: =+'자금수지(FS)_작성시트'!CE231+'자금수지(FS)_작성시트'!CE234+'자금수지(FS)_작성시트'!CE237+'자금수지(FS)_작성시트'!CE240+'자금수지(FS)_작성시트'!CE243 -> 132.52428 | BW9: =+'자금수지(FS)_작성시트'!CG231+'자금수지(FS)_작성시트'!CG234+'자금수지(FS)_작성시트'!CG237+'자금수지(FS)_작성시트'!CG240+'자금수지(FS)_작성시트'!CG243 -> 139.71033 | BX9: =+'자금수지(FS)_작성시트'!CH231+'자금수지(FS)_작성시트'!CH234+'자금수지(FS)_작성시트'!CH237+'자금수지(FS)_작성시트'!CH240+'자금수지(FS)_작성시트'!CH243 -> 145.04157 | BY9: =+'자금수지(FS)_작성시트'!CI231+'자금수지(FS)_작성시트'!CI234+'자금수지(FS)_작성시트'!CI237+'자금수지(FS)_작성시트'!CI240+'자금수지(FS)_작성시트'!CI243 -> 127.87079 | BZ9: =+'자금수지(FS)_작성시트'!CJ231+'자금수지(FS)_작성시트'!CJ234+'자금수지(FS)_작성시트'!CJ237+'자금수지(FS)_작성시트'!CJ240+'자금수지(FS)_작성시트'!CJ243 -> 128.34198 | CA9: =+'자금수지(FS)_작성시트'!CK231+'자금수지(FS)_작성시트'!CK234+'자금수지(FS)_작성시트'!CK237+'자금수지(FS)_작성시트'!CK240+'자금수지(FS)_작성시트'!CK243 -> 133.86902 | CB9: =+'자금수지(FS)_작성시트'!CL231+'자금수지(FS)_작성시트'!CL234+'자금수지(FS)_작성시트'!CL237+'자금수지(FS)_작성시트'!CL240+'자금수지(FS)_작성시트'!CL243 -> 140.29517 | CC9: =+'자금수지(FS)_작성시트'!CM231+'자금수지(FS)_작성시트'!CM234+'자금수지(FS)_작성시트'!CM237+'자금수지(FS)_작성시트'!CM240+'자금수지(FS)_작성시트'!CM243 -> 113.5796 | CD9: =+'자금수지(FS)_작성시트'!CN231+'자금수지(FS)_작성시트'!CN234+'자금수지(FS)_작성시트'!CN237+'자금수지(FS)_작성시트'!CN240+'자금수지(FS)_작성시트'!CN243 -> 120.01036 | ... CH9: =+'자금수지(FS)_작성시트'!CR231+'자금수지(FS)_작성시트'!CR234+'자금수지(FS)_작성시트'!CR237+'자금수지(FS)_작성시트'!CR240+'자금수지(FS)_작성시트'!CR243 -> 118.43412
B10: 수입 총계 | C10: =SUM(C5:C9) -> 2677.7997 | D10: =SUM(D5:D9) -> 2615.0402 | E10: =SUM(E5:E9) -> 1675.5555 | F10: =SUM(F5:F9) -> 1126.4085 | G10: =SUM(G5:G9) -> 966.26991 | H10: =SUM(H5:H9) -> 2596.3375 | I10: =SUM(I5:I9) -> 1834.8534 | J10: =SUM(J5:J9) -> 671.69645 | ... CH10: =SUM(CH5:CH9) -> 15951.409
A11: 지출 | B11: 영업지출 | C11: =+'자금수지(FS)_작성시트'!G5 -> 1884.912 | D11: =+'자금수지(FS)_작성시트'!H5 -> 1585.3505 | E11: =+'자금수지(FS)_작성시트'!I5 -> 2036.3751 | F11: =+'자금수지(FS)_작성시트'!J5 -> 1154.8133 | G11: =+'자금수지(FS)_작성시트'!K5 -> 2062.1812 | H11: =+'자금수지(FS)_작성시트'!L5 -> 1125.7989 | I11: =+'자금수지(FS)_작성시트'!M5 -> 1483.1628 | J11: =+'자금수지(FS)_작성시트'!N5 -> 884.48632 | ... N11: =+'자금수지(FS)_작성시트'!R5 -> 1552.2889 | O11: =+'자금수지(FS)_작성시트'!T5 -> 2322.1345 | P11: =+'자금수지(FS)_작성시트'!U5 -> 1117.9377 | Q11: =+'자금수지(FS)_작성시트'!V5 -> 955.4101 | R11: =+'자금수지(FS)_작성시트'!W5 -> 975.01553 | S11: =+'자금수지(FS)_작성시트'!X5 -> 1021.2955 | T11: =+'자금수지(FS)_작성시트'!Y5 -> 1055.7002 | U11: =+'자금수지(FS)_작성시트'!Z5 -> 1216.6466 | V11: =+'자금수지(FS)_작성시트'!AA5 -> 1250.1821 | ... Z11: =+'자금수지(FS)_작성시트'!AE5 -> 6072.4212 | AA11: =+'자금수지(FS)_작성시트'!AG5 -> 5420.8115 | AB11: =+'자금수지(FS)_작성시트'!AH5 -> 1242.4144 | AC11: =+'자금수지(FS)_작성시트'!AI5 -> 1290.7705 | AD11: =+'자금수지(FS)_작성시트'!AJ5 -> 2987.2081 | AE11: =+'자금수지(FS)_작성시트'!AK5 -> 3954.8912 | AF11: =+'자금수지(FS)_작성시트'!AL5 -> 3456.3917 | AG11: =+'자금수지(FS)_작성시트'!AM5 -> 2578.389 | AH11: =+'자금수지(FS)_작성시트'!AN5 -> 2865.3009 | ... AL11: =+'자금수지(FS)_작성시트'!AR5 -> 9966.0627 | AM11: =+'자금수지(FS)_작성시트'!AT5 -> 9911.4363 | AN11: =+'자금수지(FS)_작성시트'!AU5 -> 5681.4823 | AO11: =+'자금수지(FS)_작성시트'!AV5 -> 3514.9385 | AP11: =+'자금수지(FS)_작성시트'!AW5 -> 5429.3869 | AQ11: =+'자금수지(FS)_작성시트'!AX5 -> 7141.0439 | AR11: =+'자금수지(FS)_작성시트'!AY5 -> 6836.5693 | AS11: =+'자금수지(FS)_작성시트'!AZ5 -> 9997.1444 | AT11: =+'자금수지(FS)_작성시트'!BA5 -> 8075.3438 | ... AX11: =+'자금수지(FS)_작성시트'!BE5 -> 17076.537 | AY11: =+'자금수지(FS)_작성시트'!BG5 -> 15669.219 | AZ11: =+'자금수지(FS)_작성시트'!BH5 -> 19670.028 | BA11: =+'자금수지(FS)_작성시트'!BI5 -> 21313.045 | BB11: =+'자금수지(FS)_작성시트'!BJ5 -> 26631.418 | BC11: =+'자금수지(FS)_작성시트'!BK5 -> 27256.315 | BD11: =+'자금수지(FS)_작성시트'!BL5 -> 27764.222 | BE11: =+'자금수지(FS)_작성시트'!BM5 -> 43480.36 | BF11: =+'자금수지(FS)_작성시트'!BN5 -> 25711.824 | ... BJ11: =+'자금수지(FS)_작성시트'!BR5 -> 25366.187 | BK11: =+'자금수지(FS)_작성시트'!BT5 -> 24960.918 | BL11: =+'자금수지(FS)_작성시트'!BU5 -> 27049.412 | BM11: =+'자금수지(FS)_작성시트'!BV5 -> 26932.267 | BN11: =+'자금수지(FS)_작성시트'!BW5 -> 26799.363 | BO11: =+'자금수지(FS)_작성시트'!BX5 -> 25189.941 | BP11: =+'자금수지(FS)_작성시트'!BY5 -> 26126.894 | BQ11: =+'자금수지(FS)_작성시트'!BZ5 -> 26474.482 | BR11: =+'자금수지(FS)_작성시트'!CA5 -> 38497.92 | ... BV11: =+'자금수지(FS)_작성시트'!CE5 -> 26451.429 | BW11: =+'자금수지(FS)_작성시트'!CG5 -> 25100.864 | BX11: =+'자금수지(FS)_작성시트'!CH5 -> 25871.722 | BY11: =+'자금수지(FS)_작성시트'!CI5 -> 26807.292 | BZ11: =+'자금수지(FS)_작성시트'!CJ5 -> 25544.912 | CA11: =+'자금수지(FS)_작성시트'!CK5 -> 26197.106 | CB11: =+'자금수지(FS)_작성시트'!CL5 -> 26701.15 | CC11: =+'자금수지(FS)_작성시트'!CM5 -> 24742.401 | CD11: =+'자금수지(FS)_작성시트'!CN5 -> 22653.883 | ... CH11: =+'자금수지(FS)_작성시트'!CR5 -> 14320.371
B12: 대여금지출 | C12: =+'자금수지(FS)_작성시트'!G223 -> 0 | D12: =+'자금수지(FS)_작성시트'!H223 -> 0 | E12: =+'자금수지(FS)_작성시트'!I223 -> 0 | F12: =+'자금수지(FS)_작성시트'!J223 -> 0 | G12: =+'자금수지(FS)_작성시트'!K223 -> 0 | H12: =+'자금수지(FS)_작성시트'!L223 -> 0 | I12: =+'자금수지(FS)_작성시트'!M223 -> 0 | J12: =+'자금수지(FS)_작성시트'!N223 -> 0 | ... N12: =+'자금수지(FS)_작성시트'!R223 -> 0 | O12: =+'자금수지(FS)_작성시트'!T223 -> 0 | P12: =+'자금수지(FS)_작성시트'!U223 -> 0 | Q12: =+'자금수지(FS)_작성시트'!V223 -> 0 | R12: =+'자금수지(FS)_작성시트'!W223 -> 0 | S12: =+'자금수지(FS)_작성시트'!X223 -> 0 | T12: =+'자금수지(FS)_작성시트'!Y223 -> 0 | U12: =+'자금수지(FS)_작성시트'!Z223 -> 0 | V12: =+'자금수지(FS)_작성시트'!AA223 -> 0 | ... Z12: =+'자금수지(FS)_작성시트'!AE223 -> 0 | AA12: =+'자금수지(FS)_작성시트'!AG223 -> 0 | AB12: =+'자금수지(FS)_작성시트'!AH223 -> 0 | AC12: =+'자금수지(FS)_작성시트'!AI223 -> 0 | AD12: =+'자금수지(FS)_작성시트'!AJ223 -> 0 | AE12: =+'자금수지(FS)_작성시트'!AK223 -> 0 | AF12: =+'자금수지(FS)_작성시트'!AL223 -> 0 | AG12: =+'자금수지(FS)_작성시트'!AM223 -> 0 | AH12: =+'자금수지(FS)_작성시트'!AN223 -> 3962.6919 | ... AL12: =+'자금수지(FS)_작성시트'!AR223 -> 0 | AM12: =+'자금수지(FS)_작성시트'!AT223 -> 0 | AN12: =+'자금수지(FS)_작성시트'!AU223 -> 0 | AO12: =+'자금수지(FS)_작성시트'!AV223 -> 0 | AP12: =+'자금수지(FS)_작성시트'!AW223 -> 0 | AQ12: ='자금수지(FS)_작성시트'!AX188 -> 0 | AR12: ='자금수지(FS)_작성시트'!AY188 -> 0 | AS12: =+'자금수지(FS)_작성시트'!AZ223 -> 0 | AT12: ='자금수지(FS)_작성시트'!BA188 -> 0 | AU12: =+'자금수지(FS)_작성시트'!BB223 -> 0 | AV12: =+'자금수지(FS)_작성시트'!BC223 -> 0 | AW12: =+'자금수지(FS)_작성시트'!BD223 -> 0 | AX12: =+'자금수지(FS)_작성시트'!BE223 -> 0 | AY12: =+'자금수지(FS)_작성시트'!BG223 -> 0 | AZ12: =+'자금수지(FS)_작성시트'!BH223 -> 0 | BA12: =+'자금수지(FS)_작성시트'!BI223 -> 0 | BB12: =+'자금수지(FS)_작성시트'!BJ223 -> 0 | BC12: =+'자금수지(FS)_작성시트'!BK223 -> 0 | BD12: =+'자금수지(FS)_작성시트'!BL223 -> 0 | BE12: =+'자금수지(FS)_작성시트'!BM223 -> 0 | BF12: =+'자금수지(FS)_작성시트'!BN223 -> 0 | ... BJ12: =+'자금수지(FS)_작성시트'!BR223 -> 0 | BK12: =+'자금수지(FS)_작성시트'!BT223 -> 0 | BL12: =+'자금수지(FS)_작성시트'!BU223 -> 0 | BM12: =+'자금수지(FS)_작성시트'!BV223 -> 0 | BN12: =+'자금수지(FS)_작성시트'!BW223 -> 0 | BO12: =+'자금수지(FS)_작성시트'!BX223 -> 0 | BP12: =+'자금수지(FS)_작성시트'!BY223 -> 0 | BQ12: =+'자금수지(FS)_작성시트'!BZ223 -> 0 | BR12: =+'자금수지(FS)_작성시트'!CA223 -> 0 | ... BV12: =+'자금수지(FS)_작성시트'!CE223 -> 0 | BW12: =+'자금수지(FS)_작성시트'!CG223 -> 0 | BX12: =+'자금수지(FS)_작성시트'!CH223 -> 0 | BY12: =+'자금수지(FS)_작성시트'!CI223 -> 0 | BZ12: =+'자금수지(FS)_작성시트'!CJ223 -> 0 | CA12: =+'자금수지(FS)_작성시트'!CK223 -> 0 | CB12: =+'자금수지(FS)_작성시트'!CL223 -> 0 | CC12: =+'자금수지(FS)_작성시트'!CM223 -> 0 | CD12: =+'자금수지(FS)_작성시트'!CN223 -> 0 | ... CH12: =+'자금수지(FS)_작성시트'!CR223 -> 0
B13: 보증금지출 | C13: =+'자금수지(FS)_작성시트'!G226 -> 0 | D13: =+'자금수지(FS)_작성시트'!H226 -> 0 | E13: =+'자금수지(FS)_작성시트'!I226 -> 0 | F13: =+'자금수지(FS)_작성시트'!J226 -> 0 | G13: =+'자금수지(FS)_작성시트'!K226 -> 0 | H13: =+'자금수지(FS)_작성시트'!L226 -> 0 | I13: =+'자금수지(FS)_작성시트'!M226 -> 0 | J13: =+'자금수지(FS)_작성시트'!N226 -> 0 | ... N13: =+'자금수지(FS)_작성시트'!R226 -> 0 | O13: =+'자금수지(FS)_작성시트'!T226 -> 0.20631318 | P13: =+'자금수지(FS)_작성시트'!U226 -> 1.9691333 | Q13: =+'자금수지(FS)_작성시트'!V226 -> 1.6043867 | R13: =+'자금수지(FS)_작성시트'!W226 -> 0 | S13: =+'자금수지(FS)_작성시트'!X226 -> 0 | T13: =+'자금수지(FS)_작성시트'!Y226 -> 8.8756787 | U13: =+'자금수지(FS)_작성시트'!Z226 -> 6.3456107 | V13: =+'자금수지(FS)_작성시트'!AA226 -> -14.506555 | ... Z13: =+'자금수지(FS)_작성시트'!AE226 -> 0.80559336 | AA13: =+'자금수지(FS)_작성시트'!AG226 -> 4.1316628 | AB13: =+'자금수지(FS)_작성시트'!AH226 -> 4.4599412 | AC13: =+'자금수지(FS)_작성시트'!AI226 -> 38.411792 | AD13: =+'자금수지(FS)_작성시트'!AJ226 -> 1.3070388 | AE13: =+'자금수지(FS)_작성시트'!AK226 -> 1.9488756 | AF13: =+'자금수지(FS)_작성시트'!AL226 -> 0 | AG13: =+'자금수지(FS)_작성시트'!AM226 -> 4.8858577 | AH13: =+'자금수지(FS)_작성시트'!AN226 -> 1.8826471 | ... AL13: =+'자금수지(FS)_작성시트'!AR226 -> 1.9597945 | AM13: =+'자금수지(FS)_작성시트'!AT226 -> 4.9429443 | AN13: =+'자금수지(FS)_작성시트'!AU226 -> 0 | AO13: =+'자금수지(FS)_작성시트'!AV226 -> 0 | AP13: =+'자금수지(FS)_작성시트'!AW226 -> 0.66770363 | AQ13: =+'자금수지(FS)_작성시트'!AX226 -> 2.4161994 | AR13: =+'자금수지(FS)_작성시트'!AY226 -> 17.935906 | AS13: =+'자금수지(FS)_작성시트'!AZ226 -> 0 | AT13: =+'자금수지(FS)_작성시트'!BA226 -> 0 | ... AX13: =+'자금수지(FS)_작성시트'!BE226 -> 0 | AY13: =+'자금수지(FS)_작성시트'!BG226 -> 0 | AZ13: =+'자금수지(FS)_작성시트'!BH226 -> 0 | BA13: =+'자금수지(FS)_작성시트'!BI226 -> 0 | BB13: =+'자금수지(FS)_작성시트'!BJ226 -> 0 | BC13: =+'자금수지(FS)_작성시트'!BK226 -> 0 | BD13: =+'자금수지(FS)_작성시트'!BL226 -> 0 | BE13: =+'자금수지(FS)_작성시트'!BM226 -> 0 | BF13: =+'자금수지(FS)_작성시트'!BN226 -> 0 | ... BJ13: =+'자금수지(FS)_작성시트'!BR226 -> 0 | BK13: =+'자금수지(FS)_작성시트'!BT226 -> 0 | BL13: =+'자금수지(FS)_작성시트'!BU226 -> 0 | BM13: =+'자금수지(FS)_작성시트'!BV226 -> 0 | BN13: =+'자금수지(FS)_작성시트'!BW226 -> 0 | BO13: =+'자금수지(FS)_작성시트'!BX226 -> 0 | BP13: =+'자금수지(FS)_작성시트'!BY226 -> 0 | BQ13: =+'자금수지(FS)_작성시트'!BZ226 -> 0 | BR13: =+'자금수지(FS)_작성시트'!CA226 -> 0 | ... BV13: =+'자금수지(FS)_작성시트'!CE226 -> 0 | BW13: =+'자금수지(FS)_작성시트'!CG226 -> 0 | BX13: =+'자금수지(FS)_작성시트'!CH226 -> 0 | BY13: =+'자금수지(FS)_작성시트'!CI226 -> 0 | BZ13: =+'자금수지(FS)_작성시트'!CJ226 -> 0 | CA13: =+'자금수지(FS)_작성시트'!CK226 -> 0 | CB13: =+'자금수지(FS)_작성시트'!CL226 -> 0 | CC13: =+'자금수지(FS)_작성시트'!CM226 -> 0 | CD13: =+'자금수지(FS)_작성시트'!CN226 -> 0 | ... CH13: =+'자금수지(FS)_작성시트'!CR226 -> 0
B14: 은행차입상환 | C14: =+'자금수지(FS)_작성시트'!G229 -> 0 | D14: =+'자금수지(FS)_작성시트'!H229 -> 0 | E14: =+'자금수지(FS)_작성시트'!I229 -> 0 | F14: =+'자금수지(FS)_작성시트'!J229 -> 0 | G14: =+'자금수지(FS)_작성시트'!K229 -> 0 | H14: =+'자금수지(FS)_작성시트'!L229 -> 0 | I14: =+'자금수지(FS)_작성시트'!M229 -> 0 | J14: =+'자금수지(FS)_작성시트'!N229 -> 0 | ... N14: =+'자금수지(FS)_작성시트'!R229 -> 0 | O14: =+'자금수지(FS)_작성시트'!T229 -> 0 | P14: =+'자금수지(FS)_작성시트'!U229 -> 0 | Q14: =+'자금수지(FS)_작성시트'!V229 -> 0 | R14: =+'자금수지(FS)_작성시트'!W229 -> 0 | S14: =+'자금수지(FS)_작성시트'!X229 -> 0 | T14: =+'자금수지(FS)_작성시트'!Y229 -> 0 | U14: =+'자금수지(FS)_작성시트'!Z229 -> 0 | V14: =+'자금수지(FS)_작성시트'!AA229 -> 0 | ... Z14: =+'자금수지(FS)_작성시트'!AE229 -> 0 | AA14: =+'자금수지(FS)_작성시트'!AG229 -> 0 | AB14: =+'자금수지(FS)_작성시트'!AH229 -> 0 | AC14: =+'자금수지(FS)_작성시트'!AI229 -> 0 | AD14: =+'자금수지(FS)_작성시트'!AJ229 -> 0 | AE14: =+'자금수지(FS)_작성시트'!AK229 -> 0 | AF14: =+'자금수지(FS)_작성시트'!AL229 -> 0 | AG14: =+'자금수지(FS)_작성시트'!AM229 -> 0 | AH14: =+'자금수지(FS)_작성시트'!AN229 -> 0 | ... AL14: =+'자금수지(FS)_작성시트'!AR229 -> 0 | AM14: =+'자금수지(FS)_작성시트'!AT229 -> 0 | AN14: =+'자금수지(FS)_작성시트'!AU229 -> 0 | AO14: =+'자금수지(FS)_작성시트'!AV229 -> 0 | AP14: =+'자금수지(FS)_작성시트'!AW229 -> 0 | AQ14: =+'자금수지(FS)_작성시트'!AX229 -> 0 | AR14: =+'자금수지(FS)_작성시트'!AY229 -> 0 | AS14: =+'자금수지(FS)_작성시트'!AZ229 -> 0 | AT14: =+'자금수지(FS)_작성시트'!BA229 -> 0 | ... AX14: =+'자금수지(FS)_작성시트'!BE229 -> 0 | AY14: =+'자금수지(FS)_작성시트'!BG229 -> 0 | AZ14: =+'자금수지(FS)_작성시트'!BH229 -> 0 | BA14: =+'자금수지(FS)_작성시트'!BI229 -> 0 | BB14: =+'자금수지(FS)_작성시트'!BJ229 -> 0 | BC14: =+'자금수지(FS)_작성시트'!BK229 -> 0 | BD14: =+'자금수지(FS)_작성시트'!BL229 -> 0 | BE14: =+'자금수지(FS)_작성시트'!BM229 -> 0 | BF14: =+'자금수지(FS)_작성시트'!BN229 -> 0 | ... BJ14: =+'자금수지(FS)_작성시트'!BR229 -> 0 | BK14: =+'자금수지(FS)_작성시트'!BT229 -> 0 | BL14: =+'자금수지(FS)_작성시트'!BU229 -> 0 | BM14: =+'자금수지(FS)_작성시트'!BV229 -> 0 | BN14: =+'자금수지(FS)_작성시트'!BW229 -> 0 | BO14: =+'자금수지(FS)_작성시트'!BX229 -> 0 | BP14: =+'자금수지(FS)_작성시트'!BY229 -> 0 | BQ14: =+'자금수지(FS)_작성시트'!BZ229 -> 0 | BR14: =+'자금수지(FS)_작성시트'!CA229 -> 0 | ... BV14: =+'자금수지(FS)_작성시트'!CE229 -> 0 | BW14: =+'자금수지(FS)_작성시트'!CG229 -> 0 | BX14: =+'자금수지(FS)_작성시트'!CH229 -> 0 | BY14: =+'자금수지(FS)_작성시트'!CI229 -> 0 | BZ14: =+'자금수지(FS)_작성시트'!CJ229 -> 0 | CA14: =+'자금수지(FS)_작성시트'!CK229 -> 0 | CB14: =+'자금수지(FS)_작성시트'!CL229 -> 0 | CC14: =+'자금수지(FS)_작성시트'!CM229 -> 0 | CD14: =+'자금수지(FS)_작성시트'!CN229 -> 0 | ... CH14: =+'자금수지(FS)_작성시트'!CR229 -> 0
B15: 기타지출 | C15: =+'자금수지(FS)_작성시트'!G232+'자금수지(FS)_작성시트'!G235+'자금수지(FS)_작성시트'!G238+'자금수지(FS)_작성시트'!G241 -> -120.04592 | D15: =+'자금수지(FS)_작성시트'!H232+'자금수지(FS)_작성시트'!H235+'자금수지(FS)_작성시트'!H238+'자금수지(FS)_작성시트'!H241 -> 303.87641 | E15: =+'자금수지(FS)_작성시트'!I232+'자금수지(FS)_작성시트'!I235+'자금수지(FS)_작성시트'!I238+'자금수지(FS)_작성시트'!I241 -> -297.89657 | F15: =+'자금수지(FS)_작성시트'!J232+'자금수지(FS)_작성시트'!J235+'자금수지(FS)_작성시트'!J238+'자금수지(FS)_작성시트'!J241 -> -9.9071555 | G15: =+'자금수지(FS)_작성시트'!K232+'자금수지(FS)_작성시트'!K235+'자금수지(FS)_작성시트'!K238+'자금수지(FS)_작성시트'!K241 -> 30.4 | H15: =+'자금수지(FS)_작성시트'!L232+'자금수지(FS)_작성시트'!L235+'자금수지(FS)_작성시트'!L238+'자금수지(FS)_작성시트'!L241 -> 88.969389 | I15: =+'자금수지(FS)_작성시트'!M232+'자금수지(FS)_작성시트'!M235+'자금수지(FS)_작성시트'!M238+'자금수지(FS)_작성시트'!M241 -> 99.133653 | J15: =+'자금수지(FS)_작성시트'!N232+'자금수지(FS)_작성시트'!N235+'자금수지(FS)_작성시트'!N238+'자금수지(FS)_작성시트'!N241 -> 380.02656 | ... N15: =+'자금수지(FS)_작성시트'!R232+'자금수지(FS)_작성시트'!R235+'자금수지(FS)_작성시트'!R238+'자금수지(FS)_작성시트'!R241 -> 0 | O15: =+'자금수지(FS)_작성시트'!T232+'자금수지(FS)_작성시트'!T235+'자금수지(FS)_작성시트'!T238+'자금수지(FS)_작성시트'!T241+'자금수지(FS)_작성시트'!T244 -> 645.82342 | P15: =+'자금수지(FS)_작성시트'!U232+'자금수지(FS)_작성시트'!U235+'자금수지(FS)_작성시트'!U238+'자금수지(FS)_작성시트'!U241+'자금수지(FS)_작성시트'!U244 -> 438.92278 | Q15: =+'자금수지(FS)_작성시트'!V232+'자금수지(FS)_작성시트'!V235+'자금수지(FS)_작성시트'!V238+'자금수지(FS)_작성시트'!V241+'자금수지(FS)_작성시트'!V244 -> 458.80609 | R15: =+'자금수지(FS)_작성시트'!W232+'자금수지(FS)_작성시트'!W235+'자금수지(FS)_작성시트'!W238+'자금수지(FS)_작성시트'!W241+'자금수지(FS)_작성시트'!W244 -> 1033.5568 | S15: =+'자금수지(FS)_작성시트'!X232+'자금수지(FS)_작성시트'!X235+'자금수지(FS)_작성시트'!X238+'자금수지(FS)_작성시트'!X241+'자금수지(FS)_작성시트'!X244 -> 156.4169 | T15: =+'자금수지(FS)_작성시트'!Y232+'자금수지(FS)_작성시트'!Y235+'자금수지(FS)_작성시트'!Y238+'자금수지(FS)_작성시트'!Y241+'자금수지(FS)_작성시트'!Y244 -> 3617.1601 | U15: =+'자금수지(FS)_작성시트'!Z232+'자금수지(FS)_작성시트'!Z235+'자금수지(FS)_작성시트'!Z238+'자금수지(FS)_작성시트'!Z241+'자금수지(FS)_작성시트'!Z244 -> 0.54991034 | V15: =+'자금수지(FS)_작성시트'!AA232+'자금수지(FS)_작성시트'!AA235+'자금수지(FS)_작성시트'!AA238+'자금수지(FS)_작성시트'!AA241+'자금수지(FS)_작성시트'!AA244 -> 1.62873 | ... Z15: =+'자금수지(FS)_작성시트'!AE232+'자금수지(FS)_작성시트'!AE235+'자금수지(FS)_작성시트'!AE238+'자금수지(FS)_작성시트'!AE241+'자금수지(FS)_작성시트'!AE244 -> 570.88686 | AA15: =+'자금수지(FS)_작성시트'!AG232+'자금수지(FS)_작성시트'!AG235+'자금수지(FS)_작성시트'!AG238+'자금수지(FS)_작성시트'!AG241+'자금수지(FS)_작성시트'!AG244 -> 0 | AB15: =+'자금수지(FS)_작성시트'!AH232+'자금수지(FS)_작성시트'!AH235+'자금수지(FS)_작성시트'!AH238+'자금수지(FS)_작성시트'!AH241+'자금수지(FS)_작성시트'!AH244 -> 3136.5148 | AC15: =+'자금수지(FS)_작성시트'!AI232+'자금수지(FS)_작성시트'!AI235+'자금수지(FS)_작성시트'!AI238+'자금수지(FS)_작성시트'!AI241+'자금수지(FS)_작성시트'!AI244 -> 594.13028 | AD15: =+'자금수지(FS)_작성시트'!AJ232+'자금수지(FS)_작성시트'!AJ235+'자금수지(FS)_작성시트'!AJ238+'자금수지(FS)_작성시트'!AJ241+'자금수지(FS)_작성시트'!AJ244 -> 2368.7444 | AE15: =+'자금수지(FS)_작성시트'!AK232+'자금수지(FS)_작성시트'!AK235+'자금수지(FS)_작성시트'!AK238+'자금수지(FS)_작성시트'!AK241+'자금수지(FS)_작성시트'!AK244 -> 4033.1724 | AF15: =+'자금수지(FS)_작성시트'!AL232+'자금수지(FS)_작성시트'!AL235+'자금수지(FS)_작성시트'!AL238+'자금수지(FS)_작성시트'!AL241+'자금수지(FS)_작성시트'!AL244 -> 10412.821 | AG15: =+'자금수지(FS)_작성시트'!AM232+'자금수지(FS)_작성시트'!AM235+'자금수지(FS)_작성시트'!AM238+'자금수지(FS)_작성시트'!AM241+'자금수지(FS)_작성시트'!AM244 -> 6532.187 | AH15: =+'자금수지(FS)_작성시트'!AN232+'자금수지(FS)_작성시트'!AN235+'자금수지(FS)_작성시트'!AN238+'자금수지(FS)_작성시트'!AN241+'자금수지(FS)_작성시트'!AN244 -> 1015.4112 | ... AL15: =+'자금수지(FS)_작성시트'!AR232+'자금수지(FS)_작성시트'!AR235+'자금수지(FS)_작성시트'!AR238+'자금수지(FS)_작성시트'!AR241+'자금수지(FS)_작성시트'!AR244 -> 57261.804 | AM15: =+'자금수지(FS)_작성시트'!AT232+'자금수지(FS)_작성시트'!AT235+'자금수지(FS)_작성시트'!AT238+'자금수지(FS)_작성시트'!AT241+'자금수지(FS)_작성시트'!AT244 -> 3237.6684 | AN15: =+'자금수지(FS)_작성시트'!AU232+'자금수지(FS)_작성시트'!AU235+'자금수지(FS)_작성시트'!AU238+'자금수지(FS)_작성시트'!AU241+'자금수지(FS)_작성시트'!AU244 -> 288.79439 | AO15: =+'자금수지(FS)_작성시트'!AV232+'자금수지(FS)_작성시트'!AV235+'자금수지(FS)_작성시트'!AV238+'자금수지(FS)_작성시트'!AV241+'자금수지(FS)_작성시트'!AV244 -> 1604.733 | AP15: =+'자금수지(FS)_작성시트'!AW232+'자금수지(FS)_작성시트'!AW235+'자금수지(FS)_작성시트'!AW238+'자금수지(FS)_작성시트'!AW241+'자금수지(FS)_작성시트'!AW244 -> 1403.6951 | AQ15: =+'자금수지(FS)_작성시트'!AX232+'자금수지(FS)_작성시트'!AX235+'자금수지(FS)_작성시트'!AX238+'자금수지(FS)_작성시트'!AX241+'자금수지(FS)_작성시트'!AX244-AQ12 -> 157.86309 | AR15: =+'자금수지(FS)_작성시트'!AY232+'자금수지(FS)_작성시트'!AY235+'자금수지(FS)_작성시트'!AY238+'자금수지(FS)_작성시트'!AY241+'자금수지(FS)_작성시트'!AY244-AR12 -> 0 | AS15: =+'자금수지(FS)_작성시트'!AZ232+'자금수지(FS)_작성시트'!AZ235+'자금수지(FS)_작성시트'!AZ238+'자금수지(FS)_작성시트'!AZ241+'자금수지(FS)_작성시트'!AZ244 -> 19736 | AT15: =+'자금수지(FS)_작성시트'!BA232+'자금수지(FS)_작성시트'!BA235+'자금수지(FS)_작성시트'!BA238+'자금수지(FS)_작성시트'!BA241+'자금수지(FS)_작성시트'!BA244-AT12 -> 152.03 | AU15: =+'자금수지(FS)_작성시트'!BB232+'자금수지(FS)_작성시트'!BB235+'자금수지(FS)_작성시트'!BB238+'자금수지(FS)_작성시트'!BB241+'자금수지(FS)_작성시트'!BB244 -> 8875 | AV15: =+'자금수지(FS)_작성시트'!BC232+'자금수지(FS)_작성시트'!BC235+'자금수지(FS)_작성시트'!BC238+'자금수지(FS)_작성시트'!BC241+'자금수지(FS)_작성시트'!BC244 -> 1010 | AW15: =+'자금수지(FS)_작성시트'!BD232+'자금수지(FS)_작성시트'!BD235+'자금수지(FS)_작성시트'!BD238+'자금수지(FS)_작성시트'!BD241+'자금수지(FS)_작성시트'!BD244 -> 152.03 | AX15: =+'자금수지(FS)_작성시트'!BE232+'자금수지(FS)_작성시트'!BE235+'자금수지(FS)_작성시트'!BE238+'자금수지(FS)_작성시트'!BE241+'자금수지(FS)_작성시트'!BE244 -> 0 | AY15: =+'자금수지(FS)_작성시트'!BG232+'자금수지(FS)_작성시트'!BG235+'자금수지(FS)_작성시트'!BG238+'자금수지(FS)_작성시트'!BG241+'자금수지(FS)_작성시트'!BG244 -> 635 | AZ15: =+'자금수지(FS)_작성시트'!BH232+'자금수지(FS)_작성시트'!BH235+'자금수지(FS)_작성시트'!BH238+'자금수지(FS)_작성시트'!BH241+'자금수지(FS)_작성시트'!BH244 -> 2864.03 | BA15: =+'자금수지(FS)_작성시트'!BI232+'자금수지(FS)_작성시트'!BI235+'자금수지(FS)_작성시트'!BI238+'자금수지(FS)_작성시트'!BI241+'자금수지(FS)_작성시트'!BI244 -> 771 | BB15: =+'자금수지(FS)_작성시트'!BJ232+'자금수지(FS)_작성시트'!BJ235+'자금수지(FS)_작성시트'!BJ238+'자금수지(FS)_작성시트'!BJ241+'자금수지(FS)_작성시트'!BJ244 -> 1823.4197 | BC15: =+'자금수지(FS)_작성시트'!BK232+'자금수지(FS)_작성시트'!BK235+'자금수지(FS)_작성시트'!BK238+'자금수지(FS)_작성시트'!BK241+'자금수지(FS)_작성시트'!BK244 -> 152.03 | BD15: =+'자금수지(FS)_작성시트'!BL232+'자금수지(FS)_작성시트'!BL235+'자금수지(FS)_작성시트'!BL238+'자금수지(FS)_작성시트'!BL241+'자금수지(FS)_작성시트'!BL244 -> 0 | BE15: =+'자금수지(FS)_작성시트'!BM232+'자금수지(FS)_작성시트'!BM235+'자금수지(FS)_작성시트'!BM238+'자금수지(FS)_작성시트'!BM241+'자금수지(FS)_작성시트'!BM244 -> 57725.255 | BF15: =+'자금수지(FS)_작성시트'!BN232+'자금수지(FS)_작성시트'!BN235+'자금수지(FS)_작성시트'!BN238+'자금수지(FS)_작성시트'!BN241+'자금수지(FS)_작성시트'!BN244 -> 152.03 | ... BJ15: =+'자금수지(FS)_작성시트'!BR232+'자금수지(FS)_작성시트'!BR235+'자금수지(FS)_작성시트'!BR238+'자금수지(FS)_작성시트'!BR241+'자금수지(FS)_작성시트'!BR244 -> 0 | BK15: =+'자금수지(FS)_작성시트'!BT232+'자금수지(FS)_작성시트'!BT235+'자금수지(FS)_작성시트'!BT238+'자금수지(FS)_작성시트'!BT241+'자금수지(FS)_작성시트'!BT244 -> 1022 | BL15: =+'자금수지(FS)_작성시트'!BU232+'자금수지(FS)_작성시트'!BU235+'자금수지(FS)_작성시트'!BU238+'자금수지(FS)_작성시트'!BU241+'자금수지(FS)_작성시트'!BU244 -> 152.03 | BM15: =+'자금수지(FS)_작성시트'!BV232+'자금수지(FS)_작성시트'!BV235+'자금수지(FS)_작성시트'!BV238+'자금수지(FS)_작성시트'!BV241+'자금수지(FS)_작성시트'!BV244 -> 2140 | BN15: =+'자금수지(FS)_작성시트'!BW232+'자금수지(FS)_작성시트'!BW235+'자금수지(FS)_작성시트'!BW238+'자금수지(FS)_작성시트'!BW241+'자금수지(FS)_작성시트'!BW244 -> 2848.9146 | BO15: =+'자금수지(FS)_작성시트'!BX232+'자금수지(FS)_작성시트'!BX235+'자금수지(FS)_작성시트'!BX238+'자금수지(FS)_작성시트'!BX241+'자금수지(FS)_작성시트'!BX244 -> 152.03 | BP15: =+'자금수지(FS)_작성시트'!BY232+'자금수지(FS)_작성시트'!BY235+'자금수지(FS)_작성시트'!BY238+'자금수지(FS)_작성시트'!BY241+'자금수지(FS)_작성시트'!BY244 -> 6780 | BQ15: =+'자금수지(FS)_작성시트'!BZ232+'자금수지(FS)_작성시트'!BZ235+'자금수지(FS)_작성시트'!BZ238+'자금수지(FS)_작성시트'!BZ241+'자금수지(FS)_작성시트'!BZ244 -> 3204.0221 | BR15: =+'자금수지(FS)_작성시트'!CA232+'자금수지(FS)_작성시트'!CA235+'자금수지(FS)_작성시트'!CA238+'자금수지(FS)_작성시트'!CA241+'자금수지(FS)_작성시트'!CA244 -> 152.03 | ... BV15: =+'자금수지(FS)_작성시트'!CE232+'자금수지(FS)_작성시트'!CE235+'자금수지(FS)_작성시트'!CE238+'자금수지(FS)_작성시트'!CE241+'자금수지(FS)_작성시트'!CE244 -> 0 | BW15: =+'자금수지(FS)_작성시트'!CG232+'자금수지(FS)_작성시트'!CG235+'자금수지(FS)_작성시트'!CG238+'자금수지(FS)_작성시트'!CG241+'자금수지(FS)_작성시트'!CG244 -> 83 | BX15: =+'자금수지(FS)_작성시트'!CH232+'자금수지(FS)_작성시트'!CH235+'자금수지(FS)_작성시트'!CH238+'자금수지(FS)_작성시트'!CH241+'자금수지(FS)_작성시트'!CH244 -> 6932.03 | BY15: =+'자금수지(FS)_작성시트'!CI232+'자금수지(FS)_작성시트'!CI235+'자금수지(FS)_작성시트'!CI238+'자금수지(FS)_작성시트'!CI241+'자금수지(FS)_작성시트'!CI244 -> 1735 | BZ15: =+'자금수지(FS)_작성시트'!CJ232+'자금수지(FS)_작성시트'!CJ235+'자금수지(FS)_작성시트'!CJ238+'자금수지(FS)_작성시트'!CJ241+'자금수지(FS)_작성시트'!CJ244 -> 332.14731 | CA15: =+'자금수지(FS)_작성시트'!CK232+'자금수지(FS)_작성시트'!CK235+'자금수지(FS)_작성시트'!CK238+'자금수지(FS)_작성시트'!CK241+'자금수지(FS)_작성시트'!CK244 -> 152.03 | CB15: =+'자금수지(FS)_작성시트'!CL232+'자금수지(FS)_작성시트'!CL235+'자금수지(FS)_작성시트'!CL238+'자금수지(FS)_작성시트'!CL241+'자금수지(FS)_작성시트'!CL244 -> 10170 | CC15: =+'자금수지(FS)_작성시트'!CM232+'자금수지(FS)_작성시트'!CM235+'자금수지(FS)_작성시트'!CM238+'자금수지(FS)_작성시트'!CM241+'자금수지(FS)_작성시트'!CM244 -> 485.5471 | CD15: =+'자금수지(FS)_작성시트'!CN232+'자금수지(FS)_작성시트'!CN235+'자금수지(FS)_작성시트'!CN238+'자금수지(FS)_작성시트'!CN241+'자금수지(FS)_작성시트'!CN244 -> 152.03 | ... CH15: =+'자금수지(FS)_작성시트'!CR232+'자금수지(FS)_작성시트'!CR235+'자금수지(FS)_작성시트'!CR238+'자금수지(FS)_작성시트'!CR241+'자금수지(FS)_작성시트'!CR244 -> 0
B16: 지출 총계 | C16: =SUM(C11:C15) -> 1764.8661 | D16: =SUM(D11:D15) -> 1889.227 | E16: =SUM(E11:E15) -> 1738.4785 | F16: =SUM(F11:F15) -> 1144.9062 | G16: =SUM(G11:G15) -> 2092.5812 | H16: =SUM(H11:H15) -> 1214.7683 | I16: =SUM(I11:I15) -> 1582.2965 | J16: =SUM(J11:J15) -> 1264.5129 | ... CH16: =SUM(CH11:CH15) -> 14320.371
A17: 수지 | B17: 과부족 | C17: =+C10-C16 -> 912.93362 | D17: =+D10-D16 -> 725.81327 | E17: =+E10-E16 -> -62.923032 | F17: =+F10-F16 -> -18.497689 | G17: =+G10-G16 -> -1126.3113 | H17: =+H10-H16 -> 1381.5692 | I17: =+I10-I16 -> 252.5569 | J17: =+J10-J16 -> -592.81642 | ... CH17: =+CH10-CH16 -> 1631.0385
B18: 과부족 누계 | C18: =21579+C17 -> 22491.934 | D18: =+C18+D17 -> 23217.747 | E18: =+D18+E17 -> 23154.824 | F18: =+E18+F17 -> 23136.326 | G18: =+F18+G17 -> 22010.015 | H18: =+G18+H17 -> 23391.584 | I18: =+H18+I17 -> 23644.141 | J18: =+I18+J17 -> 23051.325 | K18: =+J18+K17 -> 22704.368 | ... CH18: =+CG18+CH17 -> 37161.274
C19: =+'자금수지(FS)_작성시트'!G13 -> 22491.934 | D19: =+'자금수지(FS)_작성시트'!H13 -> 23217.747 | E19: =+'자금수지(FS)_작성시트'!I13 -> 23154.824 | F19: =+'자금수지(FS)_작성시트'!J13 -> 23136.326 | G19: =+'자금수지(FS)_작성시트'!K13 -> 22010.015 | H19: =+'자금수지(FS)_작성시트'!L13 -> 23391.584 | I19: =+'자금수지(FS)_작성시트'!M13 -> 23644.141 | J19: =+'자금수지(FS)_작성시트'!N13 -> 23051.325 | ... N19: =+'자금수지(FS)_작성시트'!R13 -> 48011.997 | O19: =+'자금수지(FS)_작성시트'!T13 -> 47718.722 | P19: =+'자금수지(FS)_작성시트'!U13 -> 47410.811 | Q19: =+'자금수지(FS)_작성시트'!V13 -> 46625.749 | R19: =+'자금수지(FS)_작성시트'!W13 -> 45368.243 | S19: =+'자금수지(FS)_작성시트'!X13 -> 45170.113 | T19: =+'자금수지(FS)_작성시트'!Y13 -> 41359.151 | U19: =+'자금수지(FS)_작성시트'!Z13 -> 122319.16 | V19: =+'자금수지(FS)_작성시트'!AA13 -> 124104.71 | ... Z19: =+'자금수지(FS)_작성시트'!AE13 -> 148173.73 | AA19: =+'자금수지(FS)_작성시트'!AG13 -> 150386.15 | AB19: =+'자금수지(FS)_작성시트'!AH13 -> 147124.72 | AC19: =+'자금수지(FS)_작성시트'!AI13 -> 146706.09 | AD19: =+'자금수지(FS)_작성시트'!AJ13 -> 144289.35 | AE19: =+'자금수지(FS)_작성시트'!AK13 -> 143244.75 | AF19: =+'자금수지(FS)_작성시트'!AL13 -> 133660.12 | AG19: =+'자금수지(FS)_작성시트'!AM13 -> 128477.4 | AH19: =+'자금수지(FS)_작성시트'!AN13 -> 126474.65 | ... AL19: =+'자금수지(FS)_작성시트'!AR13 -> 76334.82 | AM19: =+'자금수지(FS)_작성시트'!AT13 -> 77676.156 | AN19: =+'자금수지(FS)_작성시트'!AU13 -> 80349.125 | AO19: =+'자금수지(FS)_작성시트'!AV13 -> 79981.206 | AP19: =+'자금수지(FS)_작성시트'!AW13 -> 78169.622 | AQ19: =+'자금수지(FS)_작성시트'!AX13 -> 71219.62 | AR19: =+'자금수지(FS)_작성시트'!AY13 -> 66870.987 | AS19: =+'자금수지(FS)_작성시트'!AZ13 -> 37500.146 | AT19: =+'자금수지(FS)_작성시트'!BA13 -> 36233.895 | ... AX19: =+'자금수지(FS)_작성시트'!BE13 -> 23580.616 | AY19: =+'자금수지(FS)_작성시트'!BG13 -> 25593.899 | AZ19: =+'자금수지(FS)_작성시트'!BH13 -> 18090.285 | BA19: =+'자금수지(FS)_작성시트'!BI13 -> 13932.101 | BB19: =+'자금수지(FS)_작성시트'!BJ13 -> 19697.664 | BC19: =+'자금수지(FS)_작성시트'!BK13 -> 16820.885 | BD19: =+'자금수지(FS)_작성시트'!BL13 -> 15925.903 | BE19: =+'자금수지(FS)_작성시트'!BM13 -> 19628.469 | BF19: =+'자금수지(FS)_작성시트'!BN13 -> 20095.456 | ... BJ19: =+'자금수지(FS)_작성시트'!BR13 -> 20263.369 | BK19: =+'자금수지(FS)_작성시트'!BT13 -> 25979.127 | BL19: =+'자금수지(FS)_작성시트'!BU13 -> 29009.426 | BM19: =+'자금수지(FS)_작성시트'!BV13 -> 26607.266 | BN19: =+'자금수지(FS)_작성시트'!BW13 -> 24102.805 | BO19: =+'자금수지(FS)_작성시트'!BX13 -> 25078.856 | BP19: =+'자금수지(FS)_작성시트'!BY13 -> 18943.773 | BQ19: =+'자금수지(FS)_작성시트'!BZ13 -> 49374.506 | BR19: =+'자금수지(FS)_작성시트'!CA13 -> 38772.448 | ... BV19: =+'자금수지(FS)_작성시트'!CE13 -> 41913.098 | BW19: =+'자금수지(FS)_작성시트'!CG13 -> 43512.47 | BX19: =+'자금수지(FS)_작성시트'!CH13 -> 38361.237 | BY19: =+'자금수지(FS)_작성시트'!CI13 -> 38502.593 | BZ19: =+'자금수지(FS)_작성시트'!CJ13 -> 40160.706 | CA19: =+'자금수지(FS)_작성시트'!CK13 -> 42088.55 | CB19: =+'자금수지(FS)_작성시트'!CL13 -> 34073.881 | CC19: =+'자금수지(FS)_작성시트'!CM13 -> 36003.108 | CD19: =+'자금수지(FS)_작성시트'!CN13 -> 37781.994 | ... CH19: =+'자금수지(FS)_작성시트'!CR13 -> 37161.274
A20: 수입 | B20: 기성수금 일자 | D20: 23 | E20: 23 | F20: 20 | G20: 25 | H20: 22 | I20: 20 | J20: 24 | K20: 21 | L20: 26 | M20: 23 | N20: 21 | O20: 25 | P20: 22 | Q20: 28 | R20: 25 | S20: 23 | T20: 20 | U20: 25 | V20: 29 | W20: 26 | X20: 24 | Y20: 28 | Z20: 26 | AA20: 23 | AB20: 27 | AC20: 27 | AD20: 24 | AE20: 29 | AF20: 26 | AG20: 25 | AH20: 28 | AI20: 25 | AJ20: 23 | AK20: 27 | AL20: 26 | AM20: 23 | AN20: 26 | AO20: 26 | AP20: 28 | AQ20: 29 | AR20: 26 | AS20: 30 | AT20: 28 | AU20: 30 | AV20: 29 | AW20: 27 | AX20: 25 | AY20: 28
B21: 영업수익 | D21: =D5 -> 2585.0402 | E21: =E5 -> 1643.8651 | F21: =F5 -> 1095.5899 | G21: =G5 -> 938.78216 | H21: =H5 -> 2572.7345 | I21: =I5 -> 1109.6346 | J21: =J5 -> 640.46318 | K21: =K5 -> 824.97447 | ... AY21: =AY5 -> 18238.9
B22: 기타수입 | D22: =D9 -> 30 | E22: =E9 -> 31.690436 | F22: =F9 -> 30.818566 | G22: =G9 -> 27.487748 | H22: =H9 -> 23.602977 | I22: =I9 -> 725.21885 | J22: =J9 -> 31.233271 | K22: =K9 -> 15.518961 | ... AY22: =AY9 -> 78.602054
B23: 수입 계 | D23: =D21+D22 -> 2615.0402 | E23: =E21+E22 -> 1675.5555 | F23: =F21+F22 -> 1126.4085 | G23: =G21+G22 -> 966.26991 | H23: =H21+H22 -> 2596.3375 | I23: =I21+I22 -> 1834.8534 | J23: =J21+J22 -> 671.69645 | K23: =K21+K22 -> 840.49343 | ... AY23: =AY21+AY22 -> 18317.502
AM24: =AM10-AM23 -> 0 | AN24: 0 | AO24: 0 | AP24: 0 | AQ24: 0 | AR24: 0 | AS24: 0 | AT24: 0 | AU24: 0 | AV24: 0 | AW24: 0 | AX24: 0 | AY24: 0
A25: 지출 | B25: 1차 집행일 | D25: 10 | E25: 17 | F25: 14 | G25: 12 | H25: 16 | I25: 14 | J25: 11 | K25: 15 | L25: 13 | M25: 17 | N25: 15 | O25: 15 | P25: 15 | Q25: 15 | R25: 12 | S25: 17 | T25: 10 | U25: 12 | V25: 9 | W25: 13 | X25: 11 | Y25: 15 | Z25: 13 | AA25: 10 | AB25: 14 | AC25: 14 | AD25: 11 | AE25: 16 | AF25: 13 | AG25: 19 | AH25: 15 | AI25: 12 | AJ25: 17 | AK25: 14 | AL25: 12 | AM25: 16 | AN25: 13 | AO25: 13 | AP25: 15 | AQ25: 15 | AR25: 12 | AS25: 15 | AT25: 14 | AU25: 15 | AV25: 15 | AW25: 13 | AX25: 15 | AY25: 15
D26: =D11*0.2 -> 317.07011 | E26: =E11*0.2 -> 407.27502 | F26: =F11*0.2 -> 230.96267 | G26: =G11*0.2 -> 412.43624 | H26: =H11*0.2 -> 225.15977 | I26: =I11*0.2 -> 296.63257 | J26: =J11*0.2 -> 176.89726 | K26: =K11*0.2 -> 195.58734 | ... AY26: =AY11*0.2 -> 3133.8438
B27: 2차 집행일 | D27: 28 | E27: 31 | F27: 28 | G27: 31 | H27: 30 | I27: 31 | J27: 31 | K27: 29 | L27: 31 | M27: 30 | N27: 29 | O27: 29 | P27: 29 | Q27: 29 | R27: 30 | S27: 31 | T27: 28 | U27: 31 | V27: 30 | W27: 30 | X27: 30 | Y27: 29 | Z27: 27 | AA27: 24 | AB27: 28 | AC27: 31 | AD27: 30 | AE27: 30 | AF27: 27 | AG27: 31 | AH27: 29 | AI27: 30 | AJ27: 31 | AK27: 28 | AL27: 31 | AM27: 30 | AN27: 27 | AO27: 27 | AP27: 29 | AQ27: 29 | AR27: 30 | AS27: 31 | AT27: 28 | AU27: 30 | AV27: 30 | AW27: 30 | AX27: 31 | AY27: 29
D28: =D11*0.8 -> 1268.2804 | E28: =E11*0.8 -> 1629.1001 | F28: =F11*0.8 -> 923.85067 | G28: =G11*0.8 -> 1649.745 | H28: =H11*0.8 -> 900.6391 | I28: =I11*0.8 -> 1186.5303 | J28: =J11*0.8 -> 707.58905 | K28: =K11*0.8 -> 782.34935 | ... AY28: =AY11*0.8 -> 12535.375
B29: 기타지출 | D29: =D15 -> 303.87641 | E29: =E15 -> -297.89657 | F29: =F15 -> -9.9071555 | G29: =G15 -> 30.4 | H29: =H15 -> 88.969389 | I29: =I15 -> 99.133653 | J29: =J15 -> 380.02656 | K29: =K15 -> 209.51375 | ... AQ29: =AQ15 -> 157.86309 | AR29: =AR12 -> 0 | AS29: =AS15 -> 19736 | AT29: =AT15+AT12 -> 152.03 | AU29: =AU15 -> 8875 | AV29: =AV15 -> 1010 | AW29: =AW15 -> 152.03 | AX29: =AX15 -> 0 | AY29: =AY15 -> 635
B30: 지출 계 | D30: =D28+D26+D29 -> 1889.227 | E30: =E28+E26+E29 -> 1738.4785 | F30: =F28+F26+F29 -> 1144.9062 | G30: =G28+G26+G29 -> 2092.5812 | H30: =H28+H26+H29 -> 1214.7683 | I30: =I28+I26+I29 -> 1582.2965 | J30: =J28+J26+J29 -> 1264.5129 | K30: =K28+K26+K29 -> 1187.4504 | ... AY30: =AY28+AY26+AY29 -> 16304.219
AM31: =AM16-AM30 -> 4.9429443 | AN31: =AN16-AN30 -> 0 | AO31: =AO16-AO30 -> 0 | AP31: =AP16-AP30 -> 0.66770363 | AQ31: =AQ16-AQ30 -> 2.4161994 | AR31: =AR16-AR30 -> 17.935906 | AS31: =AS16-AS30 -> 0 | AT31: =AT16-AT30 -> 0 | ... AW31: =AW16-AW30 -> 0
B32: EPA 수입 | E32: 1369 | F32: 895 | G32: 858 | H32: 2037 | I32: 1719 | J32: 24980 | K32: 25015 | L32: 1100 | M32: 25665 | N32: 3044 | Q32: 993 | T32: 870.77341 | U32: 82183.553 | V32: 3022.8541 | W32: 2100.1871 | X32: 889.85455 | Y32: 5232.8136 | Z32: 32086.175 | AA32: 7637.3545 | AB32: 1121.966 | AC32: 1504.6779 | AD32: 2940.526 | AE32: 6945.41 | AF32: 4284.585 | AG32: 3932.74 | AH32: 5842.5378 | AI32: 2753.5817 | AJ32: 2402.335 | AK32: 4061.4161 | AL32: 17470.8 | AM32: 14495.383 | AN32: 8643.2453 | AO32: 4751.7529 | AP32: 5022.1657 | AQ32: 351.32115 | AR32: 2505.8723 | AS32: 362.30329 | AT32: 6961.123 | AU32: 5969.7948 | AV32: 7694.7842 | AW32: 13200.781 | AX32: 16429.106 | AY32: 18317.502 | AZ32: 15030.444 | BA32: 17925.86 | BB32: 34220.4 | BC32: 24531.567 | BD32: 26869.239 | BE32: 104908.18 | BF32: 26330.841 | BG32: 27038.191 | BH32: 24210.739 | BI32: 27899.207 | BJ32: 31207.898 | BK32: 31698.677 | BL32: 30231.741 | BM32: 26670.107 | BN32: 27143.816 | BO32: 26318.022 | BP32: 26771.811 | BQ32: 60109.237 | BR32: 28047.893 | BS32: 26598.573 | BT32: 27334.614 | BU32: 27853.994 | BV32: 28607.244 | BW32: 26783.237 | BX32: 27652.519 | BY32: 28683.648 | BZ32: 27535.172 | CA32: 28276.979 | CB32: 28856.48 | CC32: 27157.176 | CD32: 24584.799 | CE32: 24468.587 | CF32: 25943.414 | CG32: 15340.409 | CH32: 15951.409
B33: EPA 지출 | E33: 1533 | F33: 1243 | G33: 1130 | H33: 1096 | I33: 1725 | J33: 1356 | K33: 1365 | L33: 1306 | M33: 2204 | N33: 1962 | Q33: 5206 | T33: 4681.7359 | U33: 1223.5421 | V33: 1237.3043 | W33: 1110.4107 | X33: 4742.3073 | Y33: 3945.239 | Z33: 6220.4563 | AA33: 5424.9432 | AB33: 4383.3891 | AC33: 1923.3126 | AD33: 5357.2595 | AE33: 7990.0125 | AF33: 13869.213 | AG33: 9115.4618 | AH33: 7845.2867 | AI33: 2964.2778 | AJ33: 2124.1461 | AK33: 4509.7158 | AL33: 67229.826 | AM33: 13154.048 | AN33: 5970.2767 | AO33: 5119.6715 | AP33: 6833.7498 | AQ33: 7301.3232 | AR33: 6854.5052 | AS33: 29733.144 | AT33: 8227.3738 | AU33: 16116.325 | AV33: 8953.2787 | AW33: 13801.604 | AX33: 17076.537 | AY33: 16304.219 | AZ33: 22534.058 | BA33: 22084.045 | BB33: 28454.837 | BC33: 27408.345 | BD33: 27764.222 | BE33: 101205.62 | BF33: 25863.854 | BG33: 32813.233 | BH33: 27146.748 | BI33: 24861.955 | BJ33: 25366.187 | BK33: 25982.918 | BL33: 27201.442 | BM33: 29072.267 | BN33: 29648.277 | BO33: 25341.971 | BP33: 32906.894 | BQ33: 29678.505 | BR33: 38649.95 | BS33: 25202.36 | BT33: 29229.462 | BU33: 26370.525 | BV33: 26451.429 | BW33: 25183.864 | BX33: 32803.752 | BY33: 28542.292 | BZ33: 25877.059 | CA33: 26349.136 | CB33: 36871.15 | CC33: 25227.948 | CD33: 22805.913 | CE33: 22532.818 | CF33: 31144.095 | CG33: 14327.256 | CH33: 14320.371
B34: 검증 | D34: =D23-D32 -> 2615.0402 | E34: =E23-E32 -> 306.5555 | F34: =F23-F32 -> 231.4085 | G34: =G23-G32 -> 108.26991 | H34: =H23-H32 -> 559.33747 | I34: =I23-I32 -> 115.8534 | J34: =J23-J32 -> -24308.304 | K34: =K23-K32 -> -24174.507 | ... N34: =N23-N32 -> -16.648477 | P34: =P10-P32 -> 1250.9192 | Q34: =Q10-Q32 -> -362.24146 | R34: =R10-R32 -> 751.06609 | S34: =S10-S32 -> 979.58283 | T34: =T10-T32 -> 0 | U34: =U10-U32 -> 0 | V34: =V10-V32 -> 0 | W34: =W10-W32 -> 0 | ... CH34: =CH10-CH32 -> 0
D35: =D30-D33 -> 1889.227 | E35: =E30-E33 -> 205.47853 | F35: =F30-F33 -> -98.093814 | G35: =G30-G33 -> 962.58121 | H35: =H30-H33 -> 118.76826 | I35: =I30-I33 -> -142.70351 | J35: =J30-J33 -> -91.487128 | K35: =K30-K33 -> -177.54957 | ... N35: =N30-N33 -> -409.71114 | P35: =P16-P33 -> 1558.8296 | Q35: =Q16-Q33 -> -3790.1794 | R35: =R16-R33 -> 2008.5723 | S35: =S16-S33 -> 1177.7124 | T35: =T16-T33 -> 0 | U35: =U16-U33 -> 0 | V35: =V16-V33 -> 0 | W35: =W16-W33 -> 0 | ... CH35: =CH16-CH33 -> 0
B37: 시트 검증 | C37: =C18-C19 -> 0 | D37: =D18-D19 -> 0 | E37: =E18-E19 -> 0 | F37: =F18-F19 -> 0 | G37: =G18-G19 -> 0 | H37: =H18-H19 -> 0 | I37: =I18-I19 -> 0 | J37: =J18-J19 -> 0 | ... CH37: =CH18-CH19 -> 0

Sheet 자금수지(FS)_작성시트
A1: ▶ DECV법인 Cash Flow
A2: [단위:천USD] | DH2: 검증
A3: 구분 | C3: 약정항목명 | E3: Total | F3: 22년말 소계 | G3: 44927 | H3: 44958 | I3: 44986 | J3: 45017 | K3: 45047 | L3: 45078 | M3: 45108 | N3: 45139 | O3: 45170 | P3: 45200 | Q3: 45231 | R3: 45261 | S3: 23년계 | T3: 45292 | U3: 45323 | V3: 45352 | W3: 45383 | X3: 45413 | Y3: 45444 | Z3: 45474 | AA3: 45505 | AB3: 45536 | AC3: 45566 | AD3: 45597 | AE3: 45627 | AF3: 24년계 | AG3: 45658 | AH3: 45689 | AI3: 45717 | AJ3: 45748 | AK3: 45778 | AL3: 45809 | AM3: 45839 | AN3: 45870 | AO3: 45901 | AP3: 45931 | AQ3: 45962 | AR3: 45992 | AS3: 25년계 | AT3: 46023 | AU3: 46054 | AV3: 46082 | AW3: 46113 | AX3: 46143 | AY3: 46174 | AZ3: 46204 | BA3: 46235 | BB3: 46266 | BC3: 46296 | BD3: 46327 | BE3: 46357 | BF3: 26년계 | BG3: 46388 | BH3: 46419 | BI3: 46447 | BJ3: 46478 | BK3: 46508 | BL3: 46539 | BM3: 46569 | BN3: 46600 | BO3: 46631 | BP3: 46661 | BQ3: 46692 | BR3: 46722 | BS3: 27년계 | BT3: 46753 | BU3: 46784 | BV3: 46813 | BW3: 46844 | BX3: 46874 | BY3: 46905 | BZ3: 46935 | CA3: 46966 | CB3: 46997 | CC3: 47027 | CD3: 47058 | CE3: 47088 | CF3: 28년계 | CG3: 47119 | CH3: 47150 | CI3: 47178 | CJ3: 47209 | CK3: 47239 | CL3: 47270 | CM3: 47300 | CN3: 47331 | CO3: 47362 | CP3: 47392 | CQ3: 47423 | CR3: 47453 | CS3: 29년계 | CT3: 47484 | CU3: 47515 | CV3: 47543 | CW3: 47574 | CX3: 47604 | CY3: 47635 | CZ3: 47665 | DA3: 47696 | DB3: 47727 | DC3: 47757 | DD3: 47788 | DE3: 47818 | DF3: 30년계 | DG3: 30년이후 | DH3: 합계 | DI3: Total(C열) | DJ3: 잔액
A4: 영업 (도급/용역사업) | C4: 수입 | E4: =+E218 -> 1585765.7 | F4: =+F218 -> 4518.8 | G4: =+G218 -> 2410.7997 | H4: =+H218 -> 2585.0402 | I4: =+I218 -> 1643.8651 | J4: =+J218 -> 1095.5899 | K4: =+K218 -> 938.78216 | L4: =+L218 -> 2572.7345 | ... R4: =+R218 -> 2951.7028 | S4: =SUM(G4:R4) -> 43488.833 | T4: =+T218 -> 2477.254 | U4: =+U218 -> 1158.4478 | V4: =+V218 -> 607.71865 | W4: =+W218 -> 727.13063 | X4: =+X218 -> 647.41928 | Y4: =+Y218 -> 849.2885 | Z4: =+Z218 -> 1210.0058 | AA4: =+AA218 -> 1798.5852 | ... AE4: =+AE218 -> 32193.421 | AF4: =SUM(T4:AE4) -> 48106.146 | AG4: =+AG218 -> 5306.9558 | AH4: =+AH218 -> 1009.4704 | AI4: =+AI218 -> 1334.4752 | AJ4: =+AJ218 -> 2825.325 | AK4: =+AK218 -> 4332.9034 | AL4: =+AL218 -> 3324.7459 | AM4: =+AM218 -> 3227.9172 | AN4: =+AN218 -> 4322.3224 | ... AR4: =+AR218 -> 13048.983 | AS4: =SUM(AG4:AR4) -> 45881.708 | AT4: =+AT218 -> 13475.46 | AU4: =+AU218 -> 8369.8133 | AV4: =+AV218 -> 4229.9638 | AW4: =+AW218 -> 4720.3816 | AX4: =+AX218 -> 65.990113 | AY4: =+AY218 -> 1989.083 | AZ4: =+AZ218 -> 139.4 | BA4: =+BA218 -> 6836.1225 | ... BE4: =+BE218 -> 16348.346 | BF4: =SUM(AT4:BE4) -> 82749.419 | BG4: =+BG218 -> 18238.9 | BH4: =+BH218 -> 14945.131 | BI4: =+BI218 -> 17865.559 | BJ4: =+BJ218 -> 34173.96 | BK4: =+BK218 -> 24465.908 | BL4: =+BL218 -> 26813.17 | BM4: =+BM218 -> 104855.1 | BN4: =+BN218 -> 26265.412 | ... BR4: =+BR218 -> 31159.826 | BS4: =SUM(BG4:BR4) -> 377778.43 | BT4: =+BT218 -> 31631.133 | BU4: =+BU218 -> 30145.143 | BV4: =+BV218 -> 26573.409 | BW4: =+BW218 -> 27055.125 | BX4: =+BX218 -> 26237.679 | BY4: =+BY218 -> 26688.215 | BZ4: =+BZ218 -> 27897.091 | CA4: =+CA218 -> 27883.311 | ... CE4: =+CE218 -> 28474.719 | CF4: =SUM(BT4:CE4) -> 333982.29 | CG4: =+CG218 -> 26643.526 | CH4: =+CH218 -> 27507.478 | CI4: =+CI218 -> 28555.777 | CJ4: =+CJ218 -> 27406.83 | CK4: =+CK218 -> 28143.11 | CL4: =+CL218 -> 28716.185 | CM4: =+CM218 -> 27043.597 | CN4: =+CN218 -> 24464.789 | ... CR4: =+CR218 -> 15832.975 | CS4: =SUM(CG4:CR4) -> 299693.29 | CT4: =+CT218 -> 12869.378 | CU4: =+CU218 -> 13263.673 | CV4: =+CV218 -> 13554.382 | CW4: =+CW218 -> 13732.829 | CX4: =+CX218 -> 13863.124 | CY4: =+CY218 -> 13936.781 | CZ4: =+CZ218 -> 55828.963 | DA4: =+DA218 -> 9689.531 | ... DE4: =+DE218 -> 60543.681 | DF4: =SUM(CT4:DE4) -> 234406.05 | DG4: =+DG218 -> 119679.58 | DH4: =+F4+S4+AF4+AS4+BF4+BS4+DG4 -> 722202.91 | DI4: =+E4 -> 1585765.7 | DJ4: =+DI4-DH4 -> 863562.83
C5: 지출 | E5: =+E219 -> 1419511.3 | F5: =+F219 -> 764.563 | G5: =+G219 -> 1884.912 | H5: =+H219 -> 1585.3505 | I5: =+I219 -> 2036.3751 | J5: =+J219 -> 1154.8133 | K5: =+K219 -> 2062.1812 | L5: =+L219 -> 1125.7989 | ... R5: =+R219 -> 1552.2889 | S5: =SUM(G5:R5) -> 17355.856 | T5: =+T219 -> 2322.1345 | U5: =+U219 -> 1117.9377 | V5: =+V219 -> 955.4101 | W5: =+W219 -> 975.01553 | X5: =+X219 -> 1021.2955 | Y5: =+Y219 -> 1055.7002 | Z5: =+Z219 -> 1216.6466 | AA5: =+AA219 -> 1250.1821 | ... AE5: =+AE219 -> 6072.4212 | AF5: =SUM(T5:AE5) -> 22136.582 | AG5: =+AG219 -> 5420.8115 | AH5: =+AH219 -> 1242.4144 | AI5: =+AI219 -> 1290.7705 | AJ5: =+AJ219 -> 2987.2081 | AK5: =+AK219 -> 3954.8912 | AL5: =+AL219 -> 3456.3917 | AM5: =+AM219 -> 2578.389 | AN5: =+AN219 -> 2865.3009 | ... AR5: =+AR219 -> 9966.0627 | AS5: =SUM(AG5:AR5) -> 42903.182 | AT5: =+AT219 -> 9911.4363 | AU5: =+AU219 -> 5681.4823 | AV5: =+AV219 -> 3514.9385 | AW5: =+AW219 -> 5429.3869 | AX5: =+AX219 -> 7141.0439 | AY5: =+AY219 -> 6836.5693 | AZ5: =+AZ219 -> 9997.1444 | BA5: =+BA219 -> 8075.3438 | ... BE5: =+BE219 -> 17076.537 | BF5: =SUM(AT5:BE5) -> 102498.06 | BG5: =+BG219 -> 15669.219 | BH5: =+BH219 -> 19670.028 | BI5: =+BI219 -> 21313.045 | BJ5: =+BJ219 -> 26631.418 | BK5: =+BK219 -> 27256.315 | BL5: =+BL219 -> 27764.222 | BM5: =+BM219 -> 43480.36 | BN5: =+BN219 -> 25711.824 | ... BR5: =+BR219 -> 25366.187 | BS5: =SUM(BG5:BR5) -> 306996.61 | BT5: =+BT219 -> 24960.918 | BU5: =+BU219 -> 27049.412 | BV5: =+BV219 -> 26932.267 | BW5: =+BW219 -> 26799.363 | BX5: =+BX219 -> 25189.941 | BY5: =+BY219 -> 26126.894 | BZ5: =+BZ219 -> 26474.482 | CA5: =+CA219 -> 38497.92 | ... CE5: =+CE219 -> 26451.429 | CF5: =SUM(BT5:CE5) -> 325699.98 | CG5: =+CG219 -> 25100.864 | CH5: =+CH219 -> 25871.722 | CI5: =+CI219 -> 26807.292 | CJ5: =+CJ219 -> 25544.912 | CK5: =+CK219 -> 26197.106 | CL5: =+CL219 -> 26701.15 | CM5: =+CM219 -> 24742.401 | CN5: =+CN219 -> 22653.883 | ... CR5: =+CR219 -> 14320.371 | CS5: =SUM(CG5:CR5) -> 278589.46 | CT5: =+CT219 -> 12115.72 | CU5: =+CU219 -> 12462.163 | CV5: =+CV219 -> 12715.634 | CW5: =+CW219 -> 12868.507 | CX5: =+CX219 -> 12978.669 | CY5: =+CY219 -> 13038.684 | CZ5: =+CZ219 -> 49897.289 | DA5: =+DA219 -> 9286.4147 | ... DE5: =+DE219 -> 54002.635 | DF5: =SUM(CT5:DE5) -> 215449.14 | DG5: =+DG219 -> 107882.39 | DH5: =+F5+S5+AF5+AS5+BF5+BS5+DG5 -> 600537.24 | DI5: =+E5 -> 1419511.3 | DJ5: =+DI5-DH5 -> 818974.02 | DK5: =+DH5/DH4 -> 0.83153533
C6: 과부족 | E6: =+E4-E5 -> 166254.49 | G6: =+G4-G5 -> 525.8877 | H6: =+H4-H5 -> 999.68968 | I6: =+I4-I5 -> -392.51004 | J6: =+J4-J5 -> -59.223411 | K6: =+K4-K5 -> -1123.399 | L6: =+L4-L5 -> 1446.9356 | M6: =+M4-M5 -> -373.52829 | N6: =+N4-N5 -> -244.02313 | ... R6: =+R4-R5 -> 1399.414 | S6: =SUM(G6:R6) -> 26132.977 | T6: =+T4-T5 -> 155.11949 | U6: =+U4-U5 -> 40.510149 | V6: =+V4-V5 -> -347.69145 | W6: =+W4-W5 -> -247.8849 | X6: =+X4-X5 -> -373.87624 | Y6: =+Y4-Y5 -> -206.41167 | Z6: =+Z4-Z5 -> -6.640862 | AA6: =+AA4-AA5 -> 548.40306 | ... AE6: =+AE4-AE5 -> 26121 | AF6: =SUM(T6:AE6) -> 25969.565 | AG6: =+AG4-AG5 -> -113.85578 | AH6: =+AH4-AH5 -> -232.94401 | AI6: =+AI4-AI5 -> 43.704654 | AJ6: =+AJ4-AJ5 -> -161.88308 | AK6: =+AK4-AK5 -> 378.01215 | AL6: =+AL4-AL5 -> -131.64582 | AM6: =+AM4-AM5 -> 649.52821 | AN6: =+AN4-AN5 -> 1457.0215 | ... AR6: =+AR4-AR5 -> 3082.92 | AS6: =SUM(AG6:AR6) -> 2978.5261 | AT6: =+AT4-AT5 -> 3564.0235 | AU6: =+AU4-AU5 -> 2688.3311 | AV6: =+AV4-AV5 -> 715.02523 | AW6: =+AW4-AW5 -> -709.00534 | AX6: =+AX4-AX5 -> -7075.0538 | AY6: =+AY4-AY5 -> -4847.4862 | AZ6: =+AZ4-AZ5 -> -9857.7444 | BA6: =+BA4-BA5 -> -1239.2214 | ... BE6: =+BE4-BE5 -> -728.19094 | BF6: =SUM(AT6:BE6) -> -19748.641 | BG6: =+BG4-BG5 -> 2569.681 | BH6: =+BH4-BH5 -> -4724.8969 | BI6: =+BI4-BI5 -> -3447.4857 | BJ6: =+BJ4-BJ5 -> 7542.5423 | BK6: =+BK4-BK5 -> -2790.407 | BL6: =+BL4-BL5 -> -951.05199 | BM6: =+BM4-BM5 -> 61374.735 | BN6: =+BN4-BN5 -> 553.58845 | ... BR6: =+BR4-BR5 -> 5793.6396 | BS6: =SUM(BG6:BR6) -> 70781.824 | BT6: =+BT4-BT5 -> 6670.2142 | BU6: =+BU4-BU5 -> 3095.7314 | BV6: =+BV4-BV5 -> -358.85781 | BW6: =+BW4-BW5 -> 255.76267 | BX6: =+BX4-BX5 -> 1047.7382 | BY6: =+BY4-BY5 -> 561.32088 | BZ6: =+BZ4-BZ5 -> 1422.6089 | CA6: =+CA4-CA5 -> -10614.609 | ... CE6: =+CE4-CE5 -> 2023.2902 | CF6: =SUM(BT6:CE6) -> 8282.3125 | CG6: =+CG4-CG5 -> 1542.6617 | CH6: =+CH4-CH5 -> 1635.7556 | CI6: =+CI4-CI5 -> 1748.4853 | CJ6: =+CJ4-CJ5 -> 1861.9187 | CK6: =+CK4-CK5 -> 1946.0046 | CL6: =+CL4-CL5 -> 2015.0355 | CM6: =+CM4-CM5 -> 2301.1953 | CN6: =+CN4-CN5 -> 1810.9051 | ... CR6: =+CR4-CR5 -> 1512.6044 | CS6: =SUM(CG6:CR6) -> 21103.825 | CT6: =+CT4-CT5 -> 753.65819 | CU6: =+CU4-CU5 -> 801.51049 | CV6: =+CV4-CV5 -> 838.74744 | CW6: =+CW4-CW5 -> 864.32234 | CX6: =+CX4-CX5 -> 884.4553 | CY6: =+CY4-CY5 -> 898.09614 | CZ6: =+CZ4-CZ5 -> 5931.6743 | DA6: =+DA4-DA5 -> 403.11638 | ... DE6: =+DE4-DE5 -> 6541.0457 | DF6: =SUM(CT6:DE6) -> 18956.912 | DG6: =+DG4-DG5 -> 11797.19 | DH6: =+DH4-DH5 -> 121665.68 | DI6: =+E6 -> 166254.49 | DJ6: =+DI6-DH6 -> 44588.813
A7: 재무/투자 (대여,차입,출자,배당 등) | C7: 수입 | E7: =+E246 -> 335791.88 | F7: =+F246 -> 0 | G7: =+G246 -> 267 | H7: =+H246 -> 30 | I7: =+I246 -> 31.690436 | J7: =+J246 -> 30.818566 | K7: =+K246 -> 27.487748 | L7: =+L246 -> 23.602977 | ... R7: =+R246 -> 75.6487 | S7: =SUM(G7:R7) -> 1458.9791 | T7: =+T246 -> 197.6349 | U7: =+U246 -> 92.471414 | V7: =+V246 -> 23.039888 | W7: =+W246 -> 23.935457 | X7: =+X246 -> 332.16355 | Y7: =+Y246 -> 21.484912 | Z7: =+Z246 -> 80973.547 | AA7: =+AA246 -> 1224.269 | ... AE7: =+AE246 -> 94.817397 | AF7: =SUM(T7:AE7) -> 84769.343 | AG7: =+AG246 -> 2330.3988 | AH7: =+AH246 -> 112.49559 | AI7: =+AI246 -> 170.20269 | AJ7: =+AJ246 -> 115.20104 | AK7: =+AK246 -> 2612.5067 | AL7: =+AL246 -> 959.83912 | AM7: =+AM246 -> 704.82279 | AN7: =+AN246 -> 1520.2154 | ... AR7: =+AR246 -> 4421.8173 | AS7: =SUM(AG7:AR7) -> 15016.222 | AT7: =+AT246 -> 1019.9236 | AU7: =+AU246 -> 273.43196 | AV7: =+AV246 -> 521.78919 | AW7: =+AW246 -> 301.78412 | AX7: =+AX246 -> 285.33104 | AY7: =+AY246 -> 516.78927 | AZ7: =+AZ246 -> 222.90329 | BA7: =+BA246 -> 125.00049 | ... BE7: =+BE246 -> 80.760157 | BF7: =SUM(AT7:BE7) -> 3638.2135 | BG7: =+BG246 -> 78.602054 | BH7: =+BH246 -> 85.312998 | BI7: =+BI246 -> 60.300951 | BJ7: =+BJ246 -> 46.440336 | BK7: =+BK246 -> 65.658879 | BL7: =+BL246 -> 56.069618 | BM7: =+BM246 -> 53.086344 | BN7: =+BN246 -> 65.428231 | ... BR7: =+BR246 -> 48.072189 | BS7: =SUM(BG7:BR7) -> 711.63918 | BT7: =+BT246 -> 67.544562 | BU7: =+BU246 -> 86.597091 | BV7: =+BV246 -> 96.698086 | BW7: =+BW246 -> 88.690887 | BX7: =+BX246 -> 80.342683 | BY7: =+BY246 -> 83.596186 | BZ7: =+BZ246 -> 32212.146 | CA7: =+CA246 -> 164.58169 | ... CE7: =+CE246 -> 132.52428 | CF7: =SUM(BT7:CE7) -> 33403.438 | CG7: =+CG246 -> 139.71033 | CH7: =+CH246 -> 145.04157 | CI7: =+CI246 -> 127.87079 | CJ7: =+CJ246 -> 128.34198 | CK7: =+CK246 -> 133.86902 | CL7: =+CL246 -> 140.29517 | CM7: =+CM246 -> 113.5796 | CN7: =+CN246 -> 120.01036 | ... CR7: =+CR246 -> 118.43412 | CS7: =SUM(CG7:CR7) -> 1540.5424 | CT7: =+CT246 -> 123.87091 | CU7: =+CU246 -> 126.79601 | CV7: =+CV246 -> 129.3836 | CW7: =+CW246 -> 64330.333 | CX7: =+CX246 -> 347.64899 | CY7: =+CY246 -> 351.24924 | CZ7: =+CZ246 -> 355.41373 | DA7: =+DA246 -> 374.49824 | ... DE7: =+DE246 -> 381.54022 | DF7: =SUM(CT7:DE7) -> 67656.184 | DG7: =+DG246 -> 127597.32 | DH7: =+F7+S7+AF7+AS7+BF7+BS7+DG7 -> 233191.71 | DI7: =+E7 -> 335791.88 | DJ7: =+DI7-DH7 -> 102600.16
C8: 지출 | E8: =+E247 -> 302290.63 | F8: =+F247 -> 0 | G8: =+G247 -> -120.04592 | H8: =+H247 -> 303.87641 | I8: =+I247 -> -297.89657 | J8: =+J247 -> -9.9071555 | K8: =+K247 -> 30.4 | L8: =+L247 -> 88.969389 | ... R8: =+R247 -> 0 | S8: =SUM(G8:R8) -> 1158.9593 | T8: =+T247 -> 646.02974 | U8: =+U247 -> 440.89192 | V8: =+V247 -> 460.41048 | W8: =+W247 -> 1033.5568 | X8: =+X247 -> 156.4169 | Y8: =+Y247 -> 3626.0357 | Z8: =+Z247 -> 6.895521 | AA8: =+AA247 -> -12.877825 | ... AE8: =+AE247 -> 571.69245 | AF8: =SUM(T8:AE8) -> 10577.171 | AG8: =+AG247 -> 4.1316628 | AH8: =+AH247 -> 3140.9747 | AI8: =+AI247 -> 632.54207 | AJ8: =+AJ247 -> 2370.0514 | AK8: =+AK247 -> 4035.1213 | AL8: =+AL247 -> 10412.821 | AM8: =+AM247 -> 6537.0728 | AN8: =+AN247 -> 4979.9857 | ... AR8: =+AR247 -> 57263.763 | AS8: =SUM(AG8:AR8) -> 89833.662 | AT8: =+AT247 -> 3242.6113 | AU8: =+AU247 -> 288.79439 | AV8: =+AV247 -> 1604.733 | AW8: =+AW247 -> 1404.3628 | AX8: =+AX247 -> 160.27929 | AY8: =+AY247 -> 17.935906 | AZ8: =+AZ247 -> 19736 | BA8: =+BA247 -> 152.03 | ... BE8: =+BE247 -> 0 | BF8: =SUM(AT8:BE8) -> 36643.777 | BG8: =+BG247 -> 635 | BH8: =+BH247 -> 2864.03 | BI8: =+BI247 -> 771 | BJ8: =+BJ247 -> 1823.4197 | BK8: =+BK247 -> 152.03 | BL8: =+BL247 -> 0 | BM8: =+BM247 -> 57725.255 | BN8: =+BN247 -> 152.03 | ... BR8: =+BR247 -> 0 | BS8: =SUM(BG8:BR8) -> 74810.711 | BT8: =+BT247 -> 1022 | BU8: =+BU247 -> 152.03 | BV8: =+BV247 -> 2140 | BW8: =+BW247 -> 2848.9146 | BX8: =+BX247 -> 152.03 | BY8: =+BY247 -> 6780 | BZ8: =+BZ247 -> 3204.0221 | CA8: =+CA247 -> 152.03 | ... CE8: =+CE247 -> 0 | CF8: =SUM(BT8:CE8) -> 20036.021 | CG8: =+CG247 -> 83 | CH8: =+CH247 -> 6932.03 | CI8: =+CI247 -> 1735 | CJ8: =+CJ247 -> 332.14731 | CK8: =+CK247 -> 152.03 | CL8: =+CL247 -> 10170 | CM8: =+CM247 -> 485.5471 | CN8: =+CN247 -> 152.03 | ... CR8: =+CR247 -> 0 | CS8: =SUM(CG8:CR8) -> 27396.191 | CT8: =+CT247 -> 0 | CU8: =+CU247 -> 152.03 | CV8: =+CV247 -> 683.16853 | CW8: =+CW247 -> 0 | CX8: =+CX247 -> 152.03 | CY8: =+CY247 -> 0 | CZ8: =+CZ247 -> 561.73362 | DA8: =+DA247 -> 152.03 | ... DE8: =+DE247 -> 0 | DF8: =SUM(CT8:DE8) -> 2389.7168 | DG8: =+DG247 -> 74000 | DH8: =+F8+S8+AF8+AS8+BF8+BS8+DG8 -> 287024.28 | DI8: =+E8 -> 302290.63 | DJ8: =+DI8-DH8 -> 15266.347 | DK8: =+DH8/DH7 -> 1.2308511
C9: 과부족 | E9: =+E7-E8 -> 33501.251 | G9: =+G7-G8 -> 387.04592 | H9: =+H7-H8 -> -273.87641 | I9: =+I7-I8 -> 329.58701 | J9: =+J7-J8 -> 40.725721 | K9: =+K7-K8 -> -2.912252 | L9: =+L7-L8 -> -65.366412 | M9: =+M7-M8 -> 626.08519 | N9: =+N7-N8 -> -348.79329 | ... R9: =+R7-R8 -> 75.6487 | S9: =SUM(G9:R9) -> 300.01974 | T9: =+T7-T8 -> -448.39483 | U9: =+U7-U8 -> -348.4205 | V9: =+V7-V8 -> -437.37059 | W9: =+W7-W8 -> -1009.6214 | X9: =+X7-X8 -> 175.74665 | Y9: =+Y7-Y8 -> -3604.5508 | Z9: =+Z7-Z8 -> 80966.651 | AA9: =+AA7-AA8 -> 1237.1468 | ... AE9: =+AE7-AE8 -> -476.87505 | AF9: =SUM(T9:AE9) -> 74192.173 | AG9: =+AG7-AG8 -> 2326.2671 | AH9: =+AH7-AH8 -> -3028.4791 | AI9: =+AI7-AI8 -> -462.33937 | AJ9: =+AJ7-AJ8 -> -2254.8504 | AK9: =+AK7-AK8 -> -1422.6146 | AL9: =+AL7-AL8 -> -9452.9818 | AM9: =+AM7-AM8 -> -5832.25 | AN9: =+AN7-AN8 -> -3459.7704 | ... AR9: =+AR7-AR8 -> -52841.946 | AS9: =SUM(AG9:AR9) -> -74817.44 | AT9: =+AT7-AT8 -> -2222.6877 | AU9: =+AU7-AU8 -> -15.362424 | AV9: =+AV7-AV8 -> -1082.9438 | AW9: =+AW7-AW8 -> -1102.5787 | AX9: =+AX7-AX8 -> 125.05175 | AY9: =+AY7-AY8 -> 498.85336 | AZ9: =+AZ7-AZ8 -> -19513.097 | BA9: =+BA7-BA8 -> -27.029513 | ... BE9: =+BE7-BE8 -> 80.760157 | BF9: =SUM(AT9:BE9) -> -33005.563 | BG9: =+BG7-BG8 -> -556.39795 | BH9: =+BH7-BH8 -> -2778.717 | BI9: =+BI7-BI8 -> -710.69905 | BJ9: =+BJ7-BJ8 -> -1776.9794 | BK9: =+BK7-BK8 -> -86.371121 | BL9: =+BL7-BL8 -> 56.069618 | BM9: =+BM7-BM8 -> -57672.169 | BN9: =+BN7-BN8 -> -86.601769 | ... BR9: =+BR7-BR8 -> 48.072189 | BS9: =SUM(BG9:BR9) -> -74099.072 | BT9: =+BT7-BT8 -> -954.45544 | BU9: =+BU7-BU8 -> -65.432909 | BV9: =+BV7-BV8 -> -2043.3019 | BW9: =+BW7-BW8 -> -2760.2237 | BX9: =+BX7-BX8 -> -71.687317 | BY9: =+BY7-BY8 -> -6696.4038 | BZ9: =+BZ7-BZ8 -> 29008.124 | CA9: =+CA7-CA8 -> 12.551685 | ... CE9: =+CE7-CE8 -> 132.52428 | CF9: =SUM(BT9:CE9) -> 13367.417 | CG9: =+CG7-CG8 -> 56.710326 | CH9: =+CH7-CH8 -> -6786.9884 | CI9: =+CI7-CI8 -> -1607.1292 | CJ9: =+CJ7-CJ8 -> -203.80533 | CK9: =+CK7-CK8 -> -18.160979 | CL9: =+CL7-CL8 -> -10029.705 | CM9: =+CM7-CM8 -> -371.9675 | CN9: =+CN7-CN8 -> -32.019638 | ... CR9: =+CR7-CR8 -> 118.43412 | CS9: =SUM(CG9:CR9) -> -25855.649 | CT9: =+CT7-CT8 -> 123.87091 | CU9: =+CU7-CU8 -> -25.233989 | CV9: =+CV7-CV8 -> -553.78493 | CW9: =+CW7-CW8 -> 64330.333 | CX9: =+CX7-CX8 -> 195.61899 | CY9: =+CY7-CY8 -> 351.24924 | CZ9: =+CZ7-CZ8 -> -206.3199 | DA9: =+DA7-DA8 -> 222.46824 | ... DE9: =+DE7-DE8 -> 381.54022 | DF9: =SUM(CT9:DE9) -> 65266.468 | DG9: =+DG7-DG8 -> 53597.317 | DH9: =+F9+S9+AF9+AS9+BF9+BS9+DG9 -> -53832.566 | DI9: =+E9 -> 33501.251 | DJ9: =+DI9-DH9 -> 87333.817
A10: 법인합계 | C10: 수입 | E10: =+E4+E7 -> 1921557.6 | F10: =+F4+F7 -> 4518.8 | G10: =+G4+G7 -> 2677.7997 | H10: =+H4+H7 -> 2615.0402 | I10: =+I4+I7 -> 1675.5555 | J10: =+J4+J7 -> 1126.4085 | K10: =+K4+K7 -> 966.26991 | L10: =+L4+L7 -> 2596.3375 | ... R10: =+R4+R7 -> 3027.3515 | S10: =SUM(G10:R10) -> 44947.812 | T10: =+T4+T7 -> 2674.8889 | U10: =+U4+U7 -> 1250.9192 | V10: =+V4+V7 -> 630.75854 | W10: =+W4+W7 -> 751.06609 | X10: =+X4+X7 -> 979.58283 | Y10: =+Y4+Y7 -> 870.77341 | Z10: =+Z4+Z7 -> 82183.553 | AA10: =+AA4+AA7 -> 3022.8541 | ... AE10: =+AE4+AE7 -> 32288.238 | AF10: =SUM(T10:AE10) -> 132875.49 | AG10: =+AG4+AG7 -> 7637.3545 | AH10: =+AH4+AH7 -> 1121.966 | AI10: =+AI4+AI7 -> 1504.6779 | AJ10: =+AJ4+AJ7 -> 2940.526 | AK10: =+AK4+AK7 -> 6945.41 | AL10: =+AL4+AL7 -> 4284.585 | AM10: =+AM4+AM7 -> 3932.74 | AN10: =+AN4+AN7 -> 5842.5378 | ... AR10: =+AR4+AR7 -> 17470.8 | AS10: =SUM(AG10:AR10) -> 60897.93 | AT10: =+AT4+AT7 -> 14495.383 | AU10: =+AU4+AU7 -> 8643.2453 | AV10: =+AV4+AV7 -> 4751.7529 | AW10: =+AW4+AW7 -> 5022.1657 | AX10: =+AX4+AX7 -> 351.32115 | AY10: =+AY4+AY7 -> 2505.8723 | AZ10: =+AZ4+AZ7 -> 362.30329 | BA10: =+BA4+BA7 -> 6961.123 | ... BE10: =+BE4+BE7 -> 16429.106 | BF10: =SUM(AT10:BE10) -> 86387.633 | BG10: =+BG4+BG7 -> 18317.502 | BH10: =+BH4+BH7 -> 15030.444 | BI10: =+BI4+BI7 -> 17925.86 | BJ10: =+BJ4+BJ7 -> 34220.4 | BK10: =+BK4+BK7 -> 24531.567 | BL10: =+BL4+BL7 -> 26869.239 | BM10: =+BM4+BM7 -> 104908.18 | BN10: =+BN4+BN7 -> 26330.841 | ... BR10: =+BR4+BR7 -> 31207.898 | BS10: =SUM(BG10:BR10) -> 378490.07 | BT10: =+BT4+BT7 -> 31698.677 | BU10: =+BU4+BU7 -> 30231.741 | BV10: =+BV4+BV7 -> 26670.107 | BW10: =+BW4+BW7 -> 27143.816 | BX10: =+BX4+BX7 -> 26318.022 | BY10: =+BY4+BY7 -> 26771.811 | BZ10: =+BZ4+BZ7 -> 60109.237 | CA10: =+CA4+CA7 -> 28047.893 | ... CE10: =+CE4+CE7 -> 28607.244 | CF10: =SUM(BT10:CE10) -> 367385.73 | CG10: =+CG4+CG7 -> 26783.237 | CH10: =+CH4+CH7 -> 27652.519 | CI10: =+CI4+CI7 -> 28683.648 | CJ10: =+CJ4+CJ7 -> 27535.172 | CK10: =+CK4+CK7 -> 28276.979 | CL10: =+CL4+CL7 -> 28856.48 | CM10: =+CM4+CM7 -> 27157.176 | CN10: =+CN4+CN7 -> 24584.799 | ... CR10: =+CR4+CR7 -> 15951.409 | CS10: =SUM(CG10:CR10) -> 301233.83 | CT10: =+CT4+CT7 -> 12993.249 | CU10: =+CU4+CU7 -> 13390.469 | CV10: =+CV4+CV7 -> 13683.766 | CW10: =+CW4+CW7 -> 78063.162 | CX10: =+CX4+CX7 -> 14210.773 | CY10: =+CY4+CY7 -> 14288.03 | CZ10: =+CZ4+CZ7 -> 56184.377 | DA10: =+DA4+DA7 -> 10064.029 | ... DE10: =+DE4+DE7 -> 60925.221 | DF10: =SUM(CT10:DE10) -> 302062.23 | DG10: =+DG4+DG7 -> 247276.89 | DH10: =+F10+S10+AF10+AS10+BF10+BS10+DG10 -> 955394.63 | DI10: =+E10 -> 1921557.6 | DJ10: =+DI10-DH10 -> 966162.99
C11: 지출 | E11: =+E5+E8 -> 1721801.9 | F11: =+F5+F8 -> 764.563 | G11: =+G5+G8 -> 1764.8661 | H11: =+H5+H8 -> 1889.227 | I11: =+I5+I8 -> 1738.4785 | J11: =+J5+J8 -> 1144.9062 | K11: =+K5+K8 -> 2092.5812 | L11: =+L5+L8 -> 1214.7683 | ... R11: =+R5+R8 -> 1552.2889 | S11: =SUM(G11:R11) -> 18514.815 | T11: =+T5+T8 -> 2968.1642 | U11: =+U5+U8 -> 1558.8296 | V11: =+V5+V8 -> 1415.8206 | W11: =+W5+W8 -> 2008.5723 | X11: =+X5+X8 -> 1177.7124 | Y11: =+Y5+Y8 -> 4681.7359 | Z11: =+Z5+Z8 -> 1223.5421 | AA11: =+AA5+AA8 -> 1237.3043 | ... AE11: =+AE5+AE8 -> 6644.1137 | AF11: =SUM(T11:AE11) -> 32713.752 | AG11: =+AG5+AG8 -> 5424.9432 | AH11: =+AH5+AH8 -> 4383.3891 | AI11: =+AI5+AI8 -> 1923.3126 | AJ11: =+AJ5+AJ8 -> 5357.2595 | AK11: =+AK5+AK8 -> 7990.0125 | AL11: =+AL5+AL8 -> 13869.213 | AM11: =+AM5+AM8 -> 9115.4618 | AN11: =+AN5+AN8 -> 7845.2867 | ... AR11: =+AR5+AR8 -> 67229.826 | AS11: =SUM(AG11:AR11) -> 132736.84 | AT11: =+AT5+AT8 -> 13154.048 | AU11: =+AU5+AU8 -> 5970.2767 | AV11: =+AV5+AV8 -> 5119.6715 | AW11: =+AW5+AW8 -> 6833.7498 | AX11: =+AX5+AX8 -> 7301.3232 | AY11: =+AY5+AY8 -> 6854.5052 | AZ11: =+AZ5+AZ8 -> 29733.144 | BA11: =+BA5+BA8 -> 8227.3738 | ... BE11: =+BE5+BE8 -> 17076.537 | BF11: =SUM(AT11:BE11) -> 139141.84 | BG11: =+BG5+BG8 -> 16304.219 | BH11: =+BH5+BH8 -> 22534.058 | BI11: =+BI5+BI8 -> 22084.045 | BJ11: =+BJ5+BJ8 -> 28454.837 | BK11: =+BK5+BK8 -> 27408.345 | BL11: =+BL5+BL8 -> 27764.222 | BM11: =+BM5+BM8 -> 101205.62 | BN11: =+BN5+BN8 -> 25863.854 | ... BR11: =+BR5+BR8 -> 25366.187 | BS11: =SUM(BG11:BR11) -> 381807.32 | BT11: =+BT5+BT8 -> 25982.918 | BU11: =+BU5+BU8 -> 27201.442 | BV11: =+BV5+BV8 -> 29072.267 | BW11: =+BW5+BW8 -> 29648.277 | BX11: =+BX5+BX8 -> 25341.971 | BY11: =+BY5+BY8 -> 32906.894 | BZ11: =+BZ5+BZ8 -> 29678.505 | CA11: =+CA5+CA8 -> 38649.95 | ... CE11: =+CE5+CE8 -> 26451.429 | CF11: =SUM(BT11:CE11) -> 345736 | CG11: =+CG5+CG8 -> 25183.864 | CH11: =+CH5+CH8 -> 32803.752 | CI11: =+CI5+CI8 -> 28542.292 | CJ11: =+CJ5+CJ8 -> 25877.059 | CK11: =+CK5+CK8 -> 26349.136 | CL11: =+CL5+CL8 -> 36871.15 | CM11: =+CM5+CM8 -> 25227.948 | CN11: =+CN5+CN8 -> 22805.913 | ... CR11: =+CR5+CR8 -> 14320.371 | CS11: =SUM(CG11:CR11) -> 305985.65 | CT11: =+CT5+CT8 -> 12115.72 | CU11: =+CU5+CU8 -> 12614.193 | CV11: =+CV5+CV8 -> 13398.803 | CW11: =+CW5+CW8 -> 12868.507 | CX11: =+CX5+CX8 -> 13130.699 | CY11: =+CY5+CY8 -> 13038.684 | CZ11: =+CZ5+CZ8 -> 50459.022 | DA11: =+DA5+DA8 -> 9438.4447 | ... DE11: =+DE5+DE8 -> 54002.635 | DF11: =SUM(CT11:DE11) -> 217838.85 | DG11: =+DG5+DG8 -> 181882.39 | DH11: =+F11+S11+AF11+AS11+BF11+BS11+DG11 -> 887561.52 | DI11: =+E11 -> 1721801.9 | DJ11: =+DI11-DH11 -> 834240.36 | DK11: =+DH11/DH10 -> 0.9289999
C12: 과부족 | E12: =+E10-E11 -> 199755.74 | G12: =+G10-G11 -> 912.93362 | H12: =+H10-H11 -> 725.81327 | I12: =+I10-I11 -> -62.923032 | J12: =+J10-J11 -> -18.497689 | K12: =+K10-K11 -> -1126.3113 | L12: =+L10-L11 -> 1381.5692 | M12: =+M10-M11 -> 252.5569 | N12: =+N10-N11 -> -592.81642 | ... R12: =+R10-R11 -> 1475.0627 | S12: =SUM(G12:R12) -> 26432.997 | T12: =+T10-T11 -> -293.27535 | U12: =+U10-U11 -> -307.91035 | V12: =+V10-V11 -> -785.06205 | W12: =+W10-W11 -> -1257.5063 | X12: =+X10-X11 -> -198.12959 | Y12: =+Y10-Y11 -> -3810.9625 | Z12: =+Z10-Z11 -> 80960.011 | AA12: =+AA10-AA11 -> 1785.5498 | ... AE12: =+AE10-AE11 -> 25644.125 | AF12: =SUM(T12:AE12) -> 100161.74 | AG12: =+AG10-AG11 -> 2212.4113 | AH12: =+AH10-AH11 -> -3261.4231 | AI12: =+AI10-AI11 -> -418.63472 | AJ12: =+AJ10-AJ11 -> -2416.7334 | AK12: =+AK10-AK11 -> -1044.6025 | AL12: =+AL10-AL11 -> -9584.6276 | AM12: =+AM10-AM11 -> -5182.7218 | AN12: =+AN10-AN11 -> -2002.7489 | ... AR12: =+AR10-AR11 -> -49759.026 | AS12: =SUM(AG12:AR12) -> -71838.914 | AT12: =+AT10-AT11 -> 1341.3357 | AU12: =+AU10-AU11 -> 2672.9686 | AV12: =+AV10-AV11 -> -367.91859 | AW12: =+AW10-AW11 -> -1811.5841 | AX12: =+AX10-AX11 -> -6950.002 | AY12: =+AY10-AY11 -> -4348.6329 | AZ12: =+AZ10-AZ11 -> -29370.841 | BA12: =+BA10-BA11 -> -1266.2509 | ... BE12: =+BE10-BE11 -> -647.43078 | BF12: =SUM(AT12:BE12) -> -52754.204 | BG12: =+BG10-BG11 -> 2013.2831 | BH12: =+BH10-BH11 -> -7503.6139 | BI12: =+BI10-BI11 -> -4158.1847 | BJ12: =+BJ10-BJ11 -> 5765.5629 | BK12: =+BK10-BK11 -> -2876.7781 | BL12: =+BL10-BL11 -> -894.98237 | BM12: =+BM10-BM11 -> 3702.5661 | BN12: =+BN10-BN11 -> 466.98668 | ... BR12: =+BR10-BR11 -> 5841.7117 | BS12: =SUM(BG12:BR12) -> -3317.2478 | BT12: =+BT10-BT11 -> 5715.7588 | BU12: =+BU10-BU11 -> 3030.2984 | BV12: =+BV10-BV11 -> -2402.1597 | BW12: =+BW10-BW11 -> -2504.4611 | BX12: =+BX10-BX11 -> 976.05084 | BY12: =+BY10-BY11 -> -6135.0829 | BZ12: =+BZ10-BZ11 -> 30430.733 | CA12: =+CA10-CA11 -> -10602.057 | ... CE12: =+CE10-CE11 -> 2155.8144 | CF12: =SUM(BT12:CE12) -> 21649.729 | CG12: =+CG10-CG11 -> 1599.3721 | CH12: =+CH10-CH11 -> -5151.2328 | CI12: =+CI10-CI11 -> 141.35614 | CJ12: =+CJ10-CJ11 -> 1658.1133 | CK12: =+CK10-CK11 -> 1927.8436 | CL12: =+CL10-CL11 -> -8014.6693 | CM12: =+CM10-CM11 -> 1929.2278 | CN12: =+CN10-CN11 -> 1778.8855 | ... CR12: =+CR10-CR11 -> 1631.0385 | CS12: =SUM(CG12:CR12) -> -4751.8235 | CT12: =+CT10-CT11 -> 877.52911 | CU12: =+CU10-CU11 -> 776.2765 | CV12: =+CV10-CV11 -> 284.96251 | CW12: =+CW10-CW11 -> 65194.656 | CX12: =+CX10-CX11 -> 1080.0743 | CY12: =+CY10-CY11 -> 1249.3454 | CZ12: =+CZ10-CZ11 -> 5725.3544 | DA12: =+DA10-DA11 -> 625.58463 | ... DE12: =+DE10-DE11 -> 6922.5859 | DF12: =SUM(CT12:DE12) -> 84223.379 | DG12: =+DG10-DG11 -> 65394.506 | DH12: =+F12+S12+AF12+AS12+BF12+BS12+DG12 -> 64078.875 | DI12: =+E12 -> 199755.74 | DJ12: =+DI12-DH12 -> 135676.87
C13: 과부족 누계 | F13: 21579 | G13: =+F13+G12 -> 22491.934 | H13: =+G13+H12 -> 23217.747 | I13: =+H13+I12 -> 23154.824 | J13: =+I13+J12 -> 23136.326 | K13: =+J13+K12 -> 22010.015 | L13: =+K13+L12 -> 23391.584 | M13: =+L13+M12 -> 23644.141 | N13: =+M13+N12 -> 23051.325 | ... R13: =+Q13+R12 -> 48011.997 | S13: =+R13 -> 48011.997 | T13: =+S13+T12 -> 47718.722 | U13: =+T13+U12 -> 47410.811 | V13: =+U13+V12 -> 46625.749 | W13: =+V13+W12 -> 45368.243 | X13: =+W13+X12 -> 45170.113 | Y13: =+X13+Y12 -> 41359.151 | Z13: =+Y13+Z12 -> 122319.16 | AA13: =+Z13+AA12 -> 124104.71 | ... AE13: =+AD13+AE12 -> 148173.73 | AF13: =+AE13 -> 148173.73 | AG13: =+AF13+AG12 -> 150386.15 | AH13: =+AG13+AH12 -> 147124.72 | AI13: =+AH13+AI12 -> 146706.09 | AJ13: =+AI13+AJ12 -> 144289.35 | AK13: =+AJ13+AK12 -> 143244.75 | AL13: =+AK13+AL12 -> 133660.12 | AM13: =+AL13+AM12 -> 128477.4 | AN13: =+AM13+AN12 -> 126474.65 | ... AR13: =+AQ13+AR12 -> 76334.82 | AS13: =+AR13 -> 76334.82 | AT13: =+AS13+AT12 -> 77676.156 | AU13: =+AT13+AU12 -> 80349.125 | AV13: =+AU13+AV12 -> 79981.206 | AW13: =+AV13+AW12 -> 78169.622 | AX13: =+AW13+AX12 -> 71219.62 | AY13: =+AX13+AY12 -> 66870.987 | AZ13: =+AY13+AZ12 -> 37500.146 | BA13: =+AZ13+BA12 -> 36233.895 | ... BE13: =+BD13+BE12 -> 23580.616 | BF13: =+BE13 -> 23580.616 | BG13: =+BF13+BG12 -> 25593.899 | BH13: =+BG13+BH12 -> 18090.285 | BI13: =+BH13+BI12 -> 13932.101 | BJ13: =+BI13+BJ12 -> 19697.664 | BK13: =+BJ13+BK12 -> 16820.885 | BL13: =+BK13+BL12 -> 15925.903 | BM13: =+BL13+BM12 -> 19628.469 | BN13: =+BM13+BN12 -> 20095.456 | ... BR13: =+BQ13+BR12 -> 20263.369 | BS13: =+BR13 -> 20263.369 | BT13: =+BS13+BT12 -> 25979.127 | BU13: =+BT13+BU12 -> 29009.426 | BV13: =+BU13+BV12 -> 26607.266 | BW13: =+BV13+BW12 -> 24102.805 | BX13: =+BW13+BX12 -> 25078.856 | BY13: =+BX13+BY12 -> 18943.773 | BZ13: =+BY13+BZ12 -> 49374.506 | CA13: =+BZ13+CA12 -> 38772.448 | ... CE13: =+CD13+CE12 -> 41913.098 | CF13: =+CE13 -> 41913.098 | CG13: =+CF13+CG12 -> 43512.47 | CH13: =+CG13+CH12 -> 38361.237 | CI13: =+CH13+CI12 -> 38502.593 | CJ13: =+CI13+CJ12 -> 40160.706 | CK13: =+CJ13+CK12 -> 42088.55 | CL13: =+CK13+CL12 -> 34073.881 | CM13: =+CL13+CM12 -> 36003.108 | CN13: =+CM13+CN12 -> 37781.994 | ... CR13: =+CQ13+CR12 -> 37161.274 | CS13: =+CR13 -> 37161.274 | CT13: =+CS13+CT12 -> 38038.803 | CU13: =+CT13+CU12 -> 38815.08 | CV13: =+CU13+CV12 -> 39100.042 | CW13: =+CV13+CW12 -> 104294.7 | CX13: =+CW13+CX12 -> 105374.77 | CY13: =+CX13+CY12 -> 106624.12 | CZ13: =+CY13+CZ12 -> 112349.47 | DA13: =+CZ13+DA12 -> 112975.06 | ... DE13: =+DD13+DE12 -> 121384.65 | DF13: =+DE13 -> 121384.65 | DG13: =+BS13+DG12 -> 85657.875
A15: 구분 | C15: 약정항목명 | E15: Total | F15: 22년말 소계 | G15: 44927 | H15: 44958 | I15: 44986 | J15: 45017 | K15: 45047 | L15: 45078 | M15: 45108 | N15: 45139 | O15: 45170 | P15: 45200 | Q15: 45231 | R15: 45261 | S15: 23년계 | T15: 45292 | U15: 45323 | V15: 45352 | W15: 45383 | X15: 45413 | Y15: 45444 | Z15: 45474 | AA15: 45505 | AB15: 45536 | AC15: 45566 | AD15: 45597 | AE15: 45627 | AF15: 24년계 | AG15: 45658 | AH15: 45689 | AI15: 45717 | AJ15: 45748 | AK15: 45778 | AL15: 45809 | AM15: 45839 | AN15: 45870 | AO15: 45901 | AP15: 45931 | AQ15: 45962 | AR15: 45992 | AS15: 25년계 | AT15: 46023 | AU15: 46054 | AV15: 46082 | AW15: 46113 | AX15: 46143 | AY15: 46174 | AZ15: 46204 | BA15: 46235 | BB15: 46266 | BC15: 46296 | BD15: 46327 | BE15: 46357 | BF15: 26년계 | BG15: 46388 | BH15: 46419 | BI15: 46447 | BJ15: 46478 | BK15: 46508 | BL15: 46539 | BM15: 46569 | BN15: 46600 | BO15: 46631 | BP15: 46661 | BQ15: 46692 | BR15: 46722 | BS15: 27년계 | BT15: 46753 | BU15: 46784 | BV15: 46813 | BW15: 46844 | BX15: 46874 | BY15: 46905 | BZ15: 46935 | CA15: 46966 | CB15: 46997 | CC15: 47027 | CD15: 47058 | CE15: 47088 | CF15: 28년계 | CG15: 47119 | CH15: 47150 | CI15: 47178 | CJ15: 47209 | CK15: 47239 | CL15: 47270 | CM15: 47300 | CN15: 47331 | CO15: 47362 | CP15: 47392 | CQ15: 47423 | CR15: 47453 | CS15: 29년계 | CT15: 47484 | CU15: 47515 | CV15: 47543 | CW15: 47574 | CX15: 47604 | CY15: 47635 | CZ15: 47665 | DA15: 47696 | DB15: 47727 | DC15: 47757 | DD15: 47788 | DE15: 47818 | DF15: 30년계 | DG15: 30년이후 | DH15: 연도별합계 | DI15: Total(C열) | DJ15: 잔액
A16: 도급 사업 | B16: THT 2단계 인프라 | C16: 수입 | D16: 기성수금 | E16: =AF16+AS16+BF16+BS16+CF16+CS16+DF16+S16+DG16 -> 38942.575 | G16: 561.48784 | H16: 579.77476 | I16: 725.6153 | J16: 690.1575 | K16: 607.67524 | L16: 811.62744 | M16: 907.1003 | N16: 388.15004 | O16: 499.1108 | P16: 536.08243 | Q16: 860.17214 | R16: 751.11863 | S16: =SUM(G16:R16) -> 7918.0724 | T16: 982.86467 | U16: 457.49881 | V16: 177.80271 | W16: 530.23917 | X16: 373.60968 | Y16: 536.66353 | Z16: 828.74842 | AA16: 675.72023 | AB16: 411.20595 | AC16: 546.91511 | AD16: 1596.7111 | AE16: 1527.4756 | AF16: =SUM(T16:AE16) -> 8645.455 | AG16: 2174.7252 | AM16: 970.28217 | AN16: 76.667538 | AO16: 106.96878 | AP16: 251.64289 | AQ16: 167.52073 | AR16: 500.05993 | AS16: =SUM(AG16:AR16) -> 4247.8672 | AT16: 2425.0952 | AU16: 448.10934 | AV16: 361.02694 | AW16: 413.04582 | BA16: 323.29101 | BB16: 365.62729 | BC16: 548.25024 | BD16: 761.85941 | BE16: 409.4436 | BF16: =SUM(AT16:BE16) -> 6055.7488 | BG16: 773.0509 | BH16: 594.71225 | BI16: 176.70364 | BJ16: 836.01722 | BK16: 925.31906 | BL16: 874.018 | BM16: =783+1576+157.6 -> 2516.6 | BN16: 853.11757 | BO16: 653.61346 | BP16: 1005.1207 | BQ16: 1012.7209 | BR16: 741.77528 | BS16: =SUM(BG16:BR16) -> 10962.769 | BT16: 1112.6629 | CF16: =SUM(BT16:CE16) -> 1112.6629 | CS16: =SUM(CG16:CR16) -> 0 | DF16: =SUM(CT16:DE16) -> 0 | DH16: =+F16+S16+AF16+AS16+BF16+BS16+DG16 -> 37829.912 | DI16: =+E16 -> 38942.575 | DJ16: =+DI16-DH16 -> 1112.6629 | DM16: =AS16+BF16+BS16+CF16+CS16+DG16+DF16+S16+AF16+DO16 -> 38942.575
C17: 지출 | D17: 공사비 | E17: =AF17+AS17+BF17+BS17+CF17+CS17+DF17+S17+DG17 -> 32397.027 | G17: 452.81246 | H17: 460.59096 | I17: 603.28429 | J17: 549.24509 | K17: 512.96447 | L17: 673.21952 | M17: 715.57459 | N17: 330.66627 | O17: 403.7717 | P17: 434.08113 | Q17: 699.91568 | R17: 612.29193 | S17: =SUM(G17:R17) -> 6448.4181 | T17: 820.18979 | U17: 361.83734 | V17: 159.07508 | W17: 452.92908 | X17: 344.90677 | Y17: 460.44005 | Z17: 682.51855 | AA17: 555.8048 | AB17: 346.02512 | AC17: 459.07674 | AD17: 71.928595 | AE17: 2398.6684 | AF17: =SUM(T17:AE17) -> 7113.4004 | AG17: 1784.7045 | AH17: 84.152743 | AI17: 66.625462 | AJ17: 62.357 | AK17: 65.549988 | AL17: 57.21272 | AM17: 60.524602 | AN17: 48.523882 | AO17: 612.69797 | AP17: 410.07277 | AQ17: 134.48266 | AR17: 414.07942 | AS17: =SUM(AG17:AR17) -> 3800.9837 | AT17: 1941.3647 | AU17: 72.411384 | AV17: 549.98653 | AW17: 332.41414 | AX17: 295.30543 | AY17: 319.04265 | AZ17: =495.550374766661-76 -> 419.55037 | BA17: 281.42482 | BB17: 318.27855 | BC17: 477.25183 | BD17: 663.19861 | BE17: 356.42065 | BF17: =SUM(AT17:BE17) -> 6026.6496 | BG17: 673.32733 | BH17: 517.99437 | BI17: 153.90887 | BJ17: 728.171 | BK17: 805.9529 | BL17: 761.26968 | BM17: 681.83285 | BN17: 743.06541 | BO17: 569.29733 | BP17: 875.46013 | BQ17: 882.07987 | BR17: 646.08627 | BS17: =SUM(BG17:BR17) -> 8038.446 | BT17: 969.1294 | CF17: =SUM(BT17:CE17) -> 969.1294 | CS17: =SUM(CG17:CR17) -> 0 | DF17: =SUM(CT17:DE17) -> 0 | DH17: =+F17+S17+AF17+AS17+BF17+BS17+DG17 -> 31427.898 | DI17: =+E17 -> 32397.027 | DJ17: =+DI17-DH17 -> 969.1294 | DK17: =+DH17/DH16 -> 0.83076845 | DM17: =AS17+BF17+BS17+CF17+CS17+DG17+DF17+S17+AF17+DO17 -> 32397.027 | DN17: =DM17/DM16 -> 0.83191795
C18: 과부족 | E18: =+E16-E17 -> 6545.548 | F18: =+F16-F17 -> 0 | G18: =+G16-G17 -> 108.67538 | H18: =+H16-H17 -> 119.1838 | I18: =+I16-I17 -> 122.33101 | J18: =+J16-J17 -> 140.91241 | K18: =+K16-K17 -> 94.710765 | L18: =+L16-L17 -> 138.40792 | ... R18: =+R16-R17 -> 138.8267 | S18: =SUM(G18:R18) -> 1469.6543 | T18: =+T16-T17 -> 162.67489 | U18: =+U16-U17 -> 95.661468 | V18: =+V16-V17 -> 18.727634 | W18: =+W16-W17 -> 77.310094 | X18: =+X16-X17 -> 28.702909 | Y18: =+Y16-Y17 -> 76.223481 | Z18: =+Z16-Z17 -> 146.22987 | AA18: =+AA16-AA17 -> 119.91543 | ... AE18: =+AE16-AE17 -> -871.19286 | AF18: =SUM(T18:AE18) -> 1532.0546 | AG18: =+AG16-AG17 -> 390.02069 | AH18: =+AH16-AH17 -> -84.152743 | AI18: =+AI16-AI17 -> -66.625462 | AJ18: =+AJ16-AJ17 -> -62.357 | AK18: =+AK16-AK17 -> -65.549988 | AL18: =+AL16-AL17 -> -57.21272 | AM18: =+AM16-AM17 -> 909.75756 | AN18: =+AN16-AN17 -> 28.143655 | ... AR18: =+AR16-AR17 -> 85.980509 | AS18: =SUM(AG18:AR18) -> 446.8835 | AT18: =+AT16-AT17 -> 483.73049 | AU18: =+AU16-AU17 -> 375.69795 | AV18: =+AV16-AV17 -> -188.95958 | AW18: =+AW16-AW17 -> 80.631681 | AX18: =+AX16-AX17 -> -295.30543 | AY18: =+AY16-AY17 -> -319.04265 | AZ18: =+AZ16-AZ17 -> -419.55037 | BA18: =+BA16-BA17 -> 41.866186 | ... BE18: =+BE16-BE17 -> 53.022946 | BF18: =SUM(AT18:BE18) -> 29.099151 | BG18: =+BG16-BG17 -> 99.723566 | BH18: =+BH16-BH17 -> 76.71788 | BI18: =+BI16-BI17 -> 22.79477 | BJ18: =+BJ16-BJ17 -> 107.84622 | BK18: =+BK16-BK17 -> 119.36616 | BL18: =+BL16-BL17 -> 112.74832 | BM18: =+BM16-BM17 -> 1834.7672 | BN18: =+BN16-BN17 -> 110.05217 | ... BR18: =+BR16-BR17 -> 95.689011 | BS18: =SUM(BG18:BR18) -> 2924.323 | BT18: =+BT16-BT17 -> 143.53352 | BU18: =+BU16-BU17 -> 0 | BV18: =+BV16-BV17 -> 0 | BW18: =+BW16-BW17 -> 0 | BX18: =+BX16-BX17 -> 0 | BY18: =+BY16-BY17 -> 0 | BZ18: =+BZ16-BZ17 -> 0 | CA18: =+CA16-CA17 -> 0 | ... CE18: =+CE16-CE17 -> 0 | CF18: =SUM(BT18:CE18) -> 143.53352 | CG18: =+CG16-CG17 -> 0 | CH18: =+CH16-CH17 -> 0 | CI18: =+CI16-CI17 -> 0 | CJ18: =+CJ16-CJ17 -> 0 | CK18: =+CK16-CK17 -> 0 | CL18: =+CL16-CL17 -> 0 | CM18: =+CM16-CM17 -> 0 | CN18: =+CN16-CN17 -> 0 | ... CR18: =+CR16-CR17 -> 0 | CS18: =SUM(CG18:CR18) -> 0 | CT18: =+CT16-CT17 -> 0 | CU18: =+CU16-CU17 -> 0 | CV18: =+CV16-CV17 -> 0 | CW18: =+CW16-CW17 -> 0 | CX18: =+CX16-CX17 -> 0 | CY18: =+CY16-CY17 -> 0 | CZ18: =+CZ16-CZ17 -> 0 | DA18: =+DA16-DA17 -> 0 | ... DE18: =+DE16-DE17 -> 0 | DF18: =SUM(CT18:DE18) -> 0 | DG18: =+DG16-DG17 -> 0 | DH18: =+F18+S18+AF18+AS18+BF18+BS18+DG18 -> 6402.0145 | DI18: =+E18 -> 6545.548 | DJ18: =+DI18-DH18 -> 143.53352
B19: K5/K7 빌라 | C19: 수입 | D19: 기성수금 | E19: 26544.994 | F19: =+E19-S19 -> 24687.973 | G19: 402.32578 | H19: 404.69329 | I19: 720.74988 | J19: 201.67003 | K19: 127.5822 | S19: =SUM(G19:R19) -> 1857.0212 | AF19: =SUM(T19:AE19) -> 0 | AS19: =SUM(AG19:AR19) -> 0 | BF19: =SUM(AT19:BE19) -> 0 | BS19: =SUM(BG19:BR19) -> 0 | CF19: =SUM(BT19:CE19) -> 0 | CS19: =SUM(CG19:CR19) -> 0 | DF19: =SUM(CT19:DE19) -> 0 | DH19: =+F19+S19+AF19+AS19+BF19+BS19+DG19 -> 26544.994 | DI19: =+E19 -> 26544.994 | DJ19: =+DI19-DH19 -> 0
C20: 지출 | D20: 공사비 | E20: 23094.145 | F20: =+E20-S20 -> 20626.926 | G20: 360.01183 | H20: 329.9057 | I20: 587.21148 | J20: 152.53242 | K20: 1037.5576 | S20: =SUM(G20:R20) -> 2467.2191 | AF20: =SUM(T20:AE20) -> 0 | AS20: =SUM(AG20:AR20) -> 0 | BF20: =SUM(AT20:BE20) -> 0 | BS20: =SUM(BG20:BR20) -> 0 | CF20: =SUM(BT20:CE20) -> 0 | CS20: =SUM(CG20:CR20) -> 0 | DF20: =SUM(CT20:DE20) -> 0 | DH20: =+F20+S20+AF20+AS20+BF20+BS20+DG20 -> 23094.145 | DI20: =+E20 -> 23094.145 | DJ20: =+DI20-DH20 -> 0 | DK20: =+DH20/DH19 -> 0.87000001
C21: 과부족 | E21: =+E19-E20 -> 3450.849 | F21: =+F19-F20 -> 4061.0469 | G21: =+G19-G20 -> 42.313952 | H21: =+H19-H20 -> 74.787585 | I21: =+I19-I20 -> 133.53841 | J21: =+J19-J20 -> 49.137612 | K21: =+K19-K20 -> -909.97544 | L21: =+L19-L20 -> 0 | ... R21: =+R19-R20 -> 0 | S21: =SUM(G21:R21) -> -610.19788 | T21: =+T19-T20 -> 0 | U21: =+U19-U20 -> 0 | V21: =+V19-V20 -> 0 | W21: =+W19-W20 -> 0 | X21: =+X19-X20 -> 0 | Y21: =+Y19-Y20 -> 0 | Z21: =+Z19-Z20 -> 0 | AA21: =+AA19-AA20 -> 0 | ... AE21: =+AE19-AE20 -> 0 | AF21: =SUM(T21:AE21) -> 0 | AG21: =+AG19-AG20 -> 0 | AH21: =+AH19-AH20 -> 0 | AI21: =+AI19-AI20 -> 0 | AJ21: =+AJ19-AJ20 -> 0 | AK21: =+AK19-AK20 -> 0 | AL21: =+AL19-AL20 -> 0 | AM21: =+AM19-AM20 -> 0 | AN21: =+AN19-AN20 -> 0 | ... AR21: =+AR19-AR20 -> 0 | AS21: =SUM(AG21:AR21) -> 0 | AT21: =+AT19-AT20 -> 0 | AU21: =+AU19-AU20 -> 0 | AV21: =+AV19-AV20 -> 0 | AW21: =+AW19-AW20 -> 0 | AX21: =+AX19-AX20 -> 0 | AY21: =+AY19-AY20 -> 0 | AZ21: =+AZ19-AZ20 -> 0 | BA21: =+BA19-BA20 -> 0 | ... BE21: =+BE19-BE20 -> 0 | BF21: =SUM(AT21:BE21) -> 0 | BG21: =+BG19-BG20 -> 0 | BH21: =+BH19-BH20 -> 0 | BI21: =+BI19-BI20 -> 0 | BJ21: =+BJ19-BJ20 -> 0 | BK21: =+BK19-BK20 -> 0 | BL21: =+BL19-BL20 -> 0 | BM21: =+BM19-BM20 -> 0 | BN21: =+BN19-BN20 -> 0 | ... BR21: =+BR19-BR20 -> 0 | BS21: =SUM(BG21:BR21) -> 0 | BT21: =+BT19-BT20 -> 0 | BU21: =+BU19-BU20 -> 0 | BV21: =+BV19-BV20 -> 0 | BW21: =+BW19-BW20 -> 0 | BX21: =+BX19-BX20 -> 0 | BY21: =+BY19-BY20 -> 0 | BZ21: =+BZ19-BZ20 -> 0 | CA21: =+CA19-CA20 -> 0 | ... CE21: =+CE19-CE20 -> 0 | CF21: =SUM(BT21:CE21) -> 0 | CG21: =+CG19-CG20 -> 0 | CH21: =+CH19-CH20 -> 0 | CI21: =+CI19-CI20 -> 0 | CJ21: =+CJ19-CJ20 -> 0 | CK21: =+CK19-CK20 -> 0 | CL21: =+CL19-CL20 -> 0 | CM21: =+CM19-CM20 -> 0 | CN21: =+CN19-CN20 -> 0 | ... CR21: =+CR19-CR20 -> 0 | CS21: =SUM(CG21:CR21) -> 0 | CT21: =+CT19-CT20 -> 0 | CU21: =+CU19-CU20 -> 0 | CV21: =+CV19-CV20 -> 0 | CW21: =+CW19-CW20 -> 0 | CX21: =+CX19-CX20 -> 0 | CY21: =+CY19-CY20 -> 0 | CZ21: =+CZ19-CZ20 -> 0 | DA21: =+DA19-DA20 -> 0 | ... DE21: =+DE19-DE20 -> 0 | DF21: =SUM(CT21:DE21) -> 0 | DG21: =+DG19-DG20 -> 0 | DH21: =+F21+S21+AF21+AS21+BF21+BS21+DG21 -> 3450.849 | DI21: =+E21 -> 3450.849 | DJ21: =+DI21-DH21 -> 0
B22: K8HH1 | C22: 수입 | D22: 선수금/기성금 | E22: =AF22+AS22+BF22+BS22+CF22+CS22+DF22+S22+DG22 -> 142311.15 | Q22: 24823.801 | R22: 273.85154 | S22: =SUM(G22:R22) -> 25097.652 | T22: 1200.8044 | U22: 408.8208 | V22: 113.71173 | W22: 30.904458 | X22: 16.786922 | AA22: 113.24874 | AD22: 1956.2263 | AE22: 2549.2412 | AF22: =SUM(T22:AE22) -> 6389.7446 | AG22: 898.30503 | AH22: 838.93163 | AI22: 892.30062 | AJ22: 1674.4745 | AK22: 3531.1399 | AL22: 2402.1769 | AM22: 1261.2898 | AN22: 3310.4377 | AO22: 1170.075 | AP22: 1068.4821 | AQ22: 2619.2334 | AR22: 2990.1256 | AS22: =SUM(AG22:AR22) -> 22656.972 | AT22: 3341.2844 | AU22: 4685.7834 | AV22: 1105.8807 | AW22: 1896.5626 | BA22: 3988 | BB22: 2397 | BC22: 2817 | BD22: 3340 | BE22: 6904.6852 | BF22: =SUM(AT22:BE22) -> 30476.196 | BG22: 4977.8984 | BH22: 1289.7329 | BI22: 4502.4957 | BJ22: 3223.0344 | BK22: 3285.5022 | BL22: 4855.5909 | BM22: =24382.9340459968+11174+1117.4-1118 -> 35556.334 | BS22: =SUM(BG22:BR22) -> 57690.589 | CF22: =SUM(BT22:CE22) -> 0 | CS22: =SUM(CG22:CR22) -> 0 | DF22: =SUM(CT22:DE22) -> 0 | DH22: =+F22+S22+AF22+AS22+BF22+BS22+DG22 -> 142311.15 | DI22: =+E22 -> 142311.15 | DJ22: =+DI22-DH22 -> 0 | DM22: =AS22+BF22+BS22+CF22+CS22+DG22+DF22+S22+AF22+DO22 -> 142311.15
C23: 지출 | D23: 공사비 | E23: =AF23+AS23+BF23+BS23+CF23+CS23+DF23+S23+DG23 -> 120519.96 | Q23: 21.690527 | R23: 270.82721 | S23: =SUM(G23:R23) -> 292.51773 | T23: 687.89051 | U23: 202.91561 | V23: 101.89204 | W23: 97.562123 | X23: 108.98919 | Y23: 102.17045 | Z23: 53.949081 | AA23: 150.61404 | AB23: 157.67117 | AC23: 87.162751 | AD23: 1556.1694 | AE23: 2145.8026 | AF23: =SUM(T23:AE23) -> 5452.789 | AG23: 952.44341 | AH23: 378.90764 | AI23: 578.07164 | AJ23: 1768.6436 | AK23: 2793.8028 | AL23: 2305.3609 | AM23: 1213.4163 | AN23: 1777.92 | AO23: 1421.8352 | AP23: 990.50391 | AQ23: 2355.0292 | AR23: 3616.3779 | AS23: =SUM(AG23:AR23) -> 20152.313 | AT23: 3229.8636 | AU23: 2909.5203 | AV23: 1351.929 | AW23: 2712.048 | AX23: 3991.0962 | AY23: 2587.4146 | AZ23: 4976.63 | BA23: =4104+98 -> 4202 | BB23: 3714.9476 | BC23: 3737.1259 | BD23: 5940 | BE23: 6837.954 | BF23: =SUM(AT23:BE23) -> 46190.529 | BG23: 3815.3053 | BH23: 3496.8764 | BI23: 5798.0154 | BJ23: 5685.4952 | BK23: 5477.8089 | BL23: 4705.8162 | BM23: 19452.493 | BS23: =SUM(BG23:BR23) -> 48431.81 | CF23: =SUM(BT23:CE23) -> 0 | CS23: =SUM(CG23:CR23) -> 0 | DF23: =SUM(CT23:DE23) -> 0 | DH23: =+F23+S23+AF23+AS23+BF23+BS23+DG23 -> 120519.96 | DI23: =+E23 -> 120519.96 | DJ23: =+DI23-DH23 -> 0 | DK23: =+DH23/DH22 -> 0.84687641 | DM23: =AS23+BF23+BS23+CF23+CS23+DG23+DF23+S23+AF23+DO23 -> 120519.96 | DN23: =DM23/DM22 -> 0.84687641
C24: 과부족 | E24: =+E22-E23 -> 21791.195 | F24: =+F22-F23 -> 0 | G24: =+G22-G23 -> 0 | H24: =+H22-H23 -> 0 | I24: =+I22-I23 -> 0 | J24: =+J22-J23 -> 0 | K24: =+K22-K23 -> 0 | L24: =+L22-L23 -> 0 | ... R24: =+R22-R23 -> 3.0243299 | S24: =SUM(G24:R24) -> 24805.134 | T24: =+T22-T23 -> 512.91391 | U24: =+U22-U23 -> 205.90519 | V24: =+V22-V23 -> 11.819687 | W24: =+W22-W23 -> -66.657666 | X24: =+X22-X23 -> -92.202266 | Y24: =+Y22-Y23 -> -102.17045 | Z24: =+Z22-Z23 -> -53.949081 | AA24: =+AA22-AA23 -> -37.365304 | ... AE24: =+AE22-AE23 -> 403.43859 | AF24: =SUM(T24:AE24) -> 936.95559 | AG24: =+AG22-AG23 -> -54.138375 | AH24: =+AH22-AH23 -> 460.02399 | AI24: =+AI22-AI23 -> 314.22897 | AJ24: =+AJ22-AJ23 -> -94.169058 | AK24: =+AK22-AK23 -> 737.33706 | AL24: =+AL22-AL23 -> 96.815978 | AM24: =+AM22-AM23 -> 47.873486 | AN24: =+AN22-AN23 -> 1532.5176 | ... AR24: =+AR22-AR23 -> -626.25221 | AS24: =SUM(AG24:AR24) -> 2504.6596 | AT24: =+AT22-AT23 -> 111.4208 | AU24: =+AU22-AU23 -> 1776.2631 | AV24: =+AV22-AV23 -> -246.04835 | AW24: =+AW22-AW23 -> -815.48538 | AX24: =+AX22-AX23 -> -3991.0962 | AY24: =+AY22-AY23 -> -2587.4146 | AZ24: =+AZ22-AZ23 -> -4976.63 | BA24: =+BA22-BA23 -> -214 | ... BE24: =+BE22-BE23 -> 66.73115 | BF24: =SUM(AT24:BE24) -> -15714.333 | BG24: =+BG22-BG23 -> 1162.5931 | BH24: =+BH22-BH23 -> -2207.1435 | BI24: =+BI22-BI23 -> -1295.5197 | BJ24: =+BJ22-BJ23 -> -2462.4608 | BK24: =+BK22-BK23 -> -2192.3067 | BL24: =+BL22-BL23 -> 149.77478 | BM24: =+BM22-BM23 -> 16103.841 | BN24: =+BN22-BN23 -> 0 | ... BR24: =+BR22-BR23 -> 0 | BS24: =SUM(BG24:BR24) -> 9258.7782 | BT24: =+BT22-BT23 -> 0 | BU24: =+BU22-BU23 -> 0 | BV24: =+BV22-BV23 -> 0 | BW24: =+BW22-BW23 -> 0 | BX24: =+BX22-BX23 -> 0 | BY24: =+BY22-BY23 -> 0 | BZ24: =+BZ22-BZ23 -> 0 | CA24: =+CA22-CA23 -> 0 | ... CE24: =+CE22-CE23 -> 0 | CF24: =SUM(BT24:CE24) -> 0 | CG24: =+CG22-CG23 -> 0 | CH24: =+CH22-CH23 -> 0 | CI24: =+CI22-CI23 -> 0 | CJ24: =+CJ22-CJ23 -> 0 | CK24: =+CK22-CK23 -> 0 | CL24: =+CL22-CL23 -> 0 | CM24: =+CM22-CM23 -> 0 | CN24: =+CN22-CN23 -> 0 | ... CR24: =+CR22-CR23 -> 0 | CS24: =SUM(CG24:CR24) -> 0 | CT24: =+CT22-CT23 -> 0 | CU24: =+CU22-CU23 -> 0 | CV24: =+CV22-CV23 -> 0 | CW24: =+CW22-CW23 -> 0 | CX24: =+CX22-CX23 -> 0 | CY24: =+CY22-CY23 -> 0 | CZ24: =+CZ22-CZ23 -> 0 | DA24: =+DA22-DA23 -> 0 | ... DE24: =+DE22-DE23 -> 0 | DF24: =SUM(CT24:DE24) -> 0 | DG24: =+DG22-DG23 -> 0 | DH24: =+F24+S24+AF24+AS24+BF24+BS24+DG24 -> 21791.195 | DI24: =+E24 -> 21791.195 | DJ24: =+DI24-DH24 -> 0
B25: 년짝 인프라 | C25: 수입 | D25: 기성수금 | E25: =AF25+AS25+BF25+BS25+CF25+CS25+DF25+S25+DG25 -> 8909.5087 | S25: =SUM(G25:R25) -> 0 | AA25: 612 | AC25: 44.934144 | AE25: 704.27834 | AF25: =SUM(T25:AE25) -> 1361.2125 | AG25: 1675.9288 | AI25: 164.28201 | AJ25: 858.55382 | AK25: 608.77039 | AL25: 269.68428 | AM25: 895.15113 | AN25: 486.52143 | AO25: 133.44173 | AP25: 98.909813 | AQ25: 183.40262 | AR25: 227.0515 | AS25: =SUM(AG25:AR25) -> 5601.6976 | AT25: 64.303955 | AY25: 1882.2947 | BF25: =SUM(AT25:BE25) -> 1946.5987 | BS25: =SUM(BG25:BR25) -> 0 | CF25: =SUM(BT25:CE25) -> 0 | CS25: =SUM(CG25:CR25) -> 0 | DF25: =SUM(CT25:DE25) -> 0 | DH25: =+F25+S25+AF25+AS25+BF25+BS25+DG25 -> 8909.5087 | DI25: =+E25 -> 8909.5087 | DJ25: =+DI25-DH25 -> 0 | DM25: =AS25+BF25+BS25+CF25+CS25+DG25+DF25+S25+AF25+DO25 -> 8909.5087
C26: 지출 | D26: 공사비 | E26: =AF26+AS26+BF26+BS26+CF26+CS26+DF26+S26+DG26 -> 7912.147 | S26: =SUM(G26:R26) -> 0 | Z26: 1.4422613 | AA26: 18.69783 | AB26: 25.03624 | AC26: 39.185732 | AD26: 33.129953 | AE26: 672.13524 | AF26: =SUM(T26:AE26) -> 789.62726 | AG26: 1544.0891 | AH26: 59.45011 | AI26: 174.49406 | AJ26: 430.94955 | AK26: 718.4128 | AL26: 339.0597 | AM26: 895.78074 | AN26: 466.63702 | AO26: 196.16954 | AP26: 102.09569 | AQ26: 212.8102 | AR26: 222.19738 | AS26: =SUM(AG26:AR26) -> 5362.1459 | AT26: 54.904896 | AU26: 65.994733 | AV26: 14.997691 | AW26: 13.455087 | AX26: 13.228286 | AY26: 13.793177 | AZ26: 1584 | BF26: =SUM(AT26:BE26) -> 1760.3739 | BS26: =SUM(BG26:BR26) -> 0 | CF26: =SUM(BT26:CE26) -> 0 | CS26: =SUM(CG26:CR26) -> 0 | DF26: =SUM(CT26:DE26) -> 0 | DH26: =+F26+S26+AF26+AS26+BF26+BS26+DG26 -> 7912.147 | DI26: =+E26 -> 7912.147 | DJ26: =+DI26-DH26 -> 0 | DK26: =+DH26/DH25 -> 0.88805648 | DM26: =AS26+BF26+BS26+CF26+CS26+DG26+DF26+S26+AF26+DO26 -> 7912.147 | DN26: =DM26/DM25 -> 0.88805648
C27: 과부족 | E27: =+E25-E26 -> 997.36175 | F27: =+F25-F26 -> 0 | G27: =+G25-G26 -> 0 | H27: =+H25-H26 -> 0 | I27: =+I25-I26 -> 0 | J27: =+J25-J26 -> 0 | K27: =+K25-K26 -> 0 | L27: =+L25-L26 -> 0 | ... R27: =+R25-R26 -> 0 | S27: =SUM(G27:R27) -> 0 | T27: =+T25-T26 -> 0 | U27: =+U25-U26 -> 0 | V27: =+V25-V26 -> 0 | W27: =+W25-W26 -> 0 | X27: =+X25-X26 -> 0 | Y27: =+Y25-Y26 -> 0 | Z27: =+Z25-Z26 -> -1.4422613 | AA27: =+AA25-AA26 -> 593.30217 | ... AE27: =+AE25-AE26 -> 32.1431 | AF27: =SUM(T27:AE27) -> 571.58523 | AG27: =+AG25-AG26 -> 131.83976 | AH27: =+AH25-AH26 -> -59.45011 | AI27: =+AI25-AI26 -> -10.212048 | AJ27: =+AJ25-AJ26 -> 427.60427 | AK27: =+AK25-AK26 -> -109.64241 | AL27: =+AL25-AL26 -> -69.375419 | AM27: =+AM25-AM26 -> -0.62961288 | AN27: =+AN25-AN26 -> 19.884406 | ... AR27: =+AR25-AR26 -> 4.8541227 | AS27: =SUM(AG27:AR27) -> 239.55169 | AT27: =+AT25-AT26 -> 9.3990597 | AU27: =+AU25-AU26 -> -65.994733 | AV27: =+AV25-AV26 -> -14.997691 | AW27: =+AW25-AW26 -> -13.455087 | AX27: =+AX25-AX26 -> -13.228286 | AY27: =+AY25-AY26 -> 1868.5016 | AZ27: =+AZ25-AZ26 -> -1584 | BA27: =+BA25-BA26 -> 0 | ... BE27: =+BE25-BE26 -> 0 | BF27: =SUM(AT27:BE27) -> 186.22483 | BG27: =+BG25-BG26 -> 0 | BH27: =+BH25-BH26 -> 0 | BI27: =+BI25-BI26 -> 0 | BJ27: =+BJ25-BJ26 -> 0 | BK27: =+BK25-BK26 -> 0 | BL27: =+BL25-BL26 -> 0 | BM27: =+BM25-BM26 -> 0 | BN27: =+BN25-BN26 -> 0 | ... BR27: =+BR25-BR26 -> 0 | BS27: =SUM(BG27:BR27) -> 0 | BT27: =+BT25-BT26 -> 0 | BU27: =+BU25-BU26 -> 0 | BV27: =+BV25-BV26 -> 0 | BW27: =+BW25-BW26 -> 0 | BX27: =+BX25-BX26 -> 0 | BY27: =+BY25-BY26 -> 0 | BZ27: =+BZ25-BZ26 -> 0 | CA27: =+CA25-CA26 -> 0 | ... CE27: =+CE25-CE26 -> 0 | CF27: =SUM(BT27:CE27) -> 0 | CG27: =+CG25-CG26 -> 0 | CH27: =+CH25-CH26 -> 0 | CI27: =+CI25-CI26 -> 0 | CJ27: =+CJ25-CJ26 -> 0 | CK27: =+CK25-CK26 -> 0 | CL27: =+CL25-CL26 -> 0 | CM27: =+CM25-CM26 -> 0 | CN27: =+CN25-CN26 -> 0 | ... CR27: =+CR25-CR26 -> 0 | CS27: =SUM(CG27:CR27) -> 0 | CT27: =+CT25-CT26 -> 0 | CU27: =+CU25-CU26 -> 0 | CV27: =+CV25-CV26 -> 0 | CW27: =+CW25-CW26 -> 0 | CX27: =+CX25-CX26 -> 0 | CY27: =+CY25-CY26 -> 0 | CZ27: =+CZ25-CZ26 -> 0 | DA27: =+DA25-DA26 -> 0 | ... DE27: =+DE25-DE26 -> 0 | DF27: =SUM(CT27:DE27) -> 0 | DG27: =+DG25-DG26 -> 0 | DH27: =+F27+S27+AF27+AS27+BF27+BS27+DG27 -> 997.36175 | DI27: =+E27 -> 997.36175 | DJ27: =+DI27-DH27 -> 0
B28: 년짝 빌라 1단계 | C28: 수입 | D28: 기성수금 | E28: =AF28+AS28+BF28+BS28+CF28+CS28+DF28+S28+DG28 -> 66797.659 | S28: =SUM(G28:R28) -> 0 | AF28: =SUM(T28:AE28) -> 0 | AS28: =SUM(AG28:AR28) -> 0 | BF28: =SUM(AT28:BE28) -> 0 | BJ28: 13767.22 | BK28: 4468.6109 | BL28: 4841.9701 | BM28: 5096.1039 | BN28: 5224.7547 | BO28: 5224.7547 | BP28: 5096.1039 | BQ28: 4841.9701 | BR28: 4468.6109 | BS28: =SUM(BG28:BR28) -> 53030.099 | BT28: 3985.2197 | BU28: 3403.6992 | BV28: 2738.3683 | BW28: 2005.6097 | BX28: 1223.4663 | BY28: 411.19711 | CF28: =SUM(BT28:CE28) -> 13767.56 | CS28: =SUM(CG28:CR28) -> 0 | DF28: =SUM(CT28:DE28) -> 0 | DH28: =+F28+S28+AF28+AS28+BF28+BS28+DG28 -> 53030.099 | DI28: =+E28 -> 66797.659 | DJ28: =+DI28-DH28 -> 13767.56 | DM28: =AS28+BF28+BS28+CF28+CS28+DG28+DF28+S28+AF28+DO28 -> 66797.659
C29: 지출 | D29: 공사비 | E29: =AF29+AS29+BF29+BS29+CF29+CS29+DF29+S29+DG29 -> 60118.2 | S29: =SUM(G29:R29) -> 0 | AF29: =SUM(T29:AE29) -> 0 | AS29: =SUM(AG29:AR29) -> 0 | BD29: 370.0774 | BE29: 1101.1197 | BF29: =SUM(AT29:BE29) -> 1471.1971 | BG29: 1805.0487 | BH29: 2464.5315 | BI29: 3063.3293 | BJ29: 3586.6978 | BK29: 4021.7498 | BL29: 4357.7731 | BM29: 4586.4935 | BN29: 4702.2792 | BO29: 4702.2792 | BP29: 4586.4935 | BQ29: 4357.7731 | BR29: 4021.7498 | BS29: =SUM(BG29:BR29) -> 46256.199 | BT29: 3586.6978 | BU29: 3063.3293 | BV29: 2464.5315 | BW29: 1805.0487 | BX29: 1101.1197 | BY29: 370.0774 | CF29: =SUM(BT29:CE29) -> 12390.804 | CS29: =SUM(CG29:CR29) -> 0 | DF29: =SUM(CT29:DE29) -> 0 | DH29: =+F29+S29+AF29+AS29+BF29+BS29+DG29 -> 47727.396 | DI29: =+E29 -> 60118.2 | DJ29: =+DI29-DH29 -> 12390.804 | DK29: =+DH29/DH28 -> 0.90000578 | DM29: =AS29+BF29+BS29+CF29+CS29+DG29+DF29+S29+AF29+DO29 -> 60118.2 | DN29: =DM29/DM28 -> 0.90000459
C30: 과부족 | E30: =+E28-E29 -> 6679.4594 | F30: =+F28-F29 -> 0 | G30: =+G28-G29 -> 0 | H30: =+H28-H29 -> 0 | I30: =+I28-I29 -> 0 | J30: =+J28-J29 -> 0 | K30: =+K28-K29 -> 0 | L30: =+L28-L29 -> 0 | ... R30: =+R28-R29 -> 0 | S30: =SUM(G30:R30) -> 0 | T30: =+T28-T29 -> 0 | U30: =+U28-U29 -> 0 | V30: =+V28-V29 -> 0 | W30: =+W28-W29 -> 0 | X30: =+X28-X29 -> 0 | Y30: =+Y28-Y29 -> 0 | Z30: =+Z28-Z29 -> 0 | AA30: =+AA28-AA29 -> 0 | ... AE30: =+AE28-AE29 -> 0 | AF30: =SUM(T30:AE30) -> 0 | AG30: =+AG28-AG29 -> 0 | AH30: =+AH28-AH29 -> 0 | AI30: =+AI28-AI29 -> 0 | AJ30: =+AJ28-AJ29 -> 0 | AK30: =+AK28-AK29 -> 0 | AL30: =+AL28-AL29 -> 0 | AM30: =+AM28-AM29 -> 0 | AN30: =+AN28-AN29 -> 0 | ... AR30: =+AR28-AR29 -> 0 | AS30: =SUM(AG30:AR30) -> 0 | AT30: =+AT28-AT29 -> 0 | AU30: =+AU28-AU29 -> 0 | AV30: =+AV28-AV29 -> 0 | AW30: =+AW28-AW29 -> 0 | AX30: =+AX28-AX29 -> 0 | AY30: =+AY28-AY29 -> 0 | AZ30: =+AZ28-AZ29 -> 0 | BA30: =+BA28-BA29 -> 0 | ... BE30: =+BE28-BE29 -> -1101.1197 | BF30: =SUM(AT30:BE30) -> -1471.1971 | BG30: =+BG28-BG29 -> -1805.0487 | BH30: =+BH28-BH29 -> -2464.5315 | BI30: =+BI28-BI29 -> -3063.3293 | BJ30: =+BJ28-BJ29 -> 10180.522 | BK30: =+BK28-BK29 -> 446.86109 | BL30: =+BL28-BL29 -> 484.19701 | BM30: =+BM28-BM29 -> 509.61039 | BN30: =+BN28-BN29 -> 522.47547 | ... BR30: =+BR28-BR29 -> 446.86109 | BS30: =SUM(BG30:BR30) -> 6773.9004 | BT30: =+BT28-BT29 -> 398.52197 | BU30: =+BU28-BU29 -> 340.36992 | BV30: =+BV28-BV29 -> 273.83683 | BW30: =+BW28-BW29 -> 200.56097 | BX30: =+BX28-BX29 -> 122.34663 | BY30: =+BY28-BY29 -> 41.119711 | BZ30: =+BZ28-BZ29 -> 0 | CA30: =+CA28-CA29 -> 0 | ... CE30: =+CE28-CE29 -> 0 | CF30: =SUM(BT30:CE30) -> 1376.756 | CG30: =+CG28-CG29 -> 0 | CH30: =+CH28-CH29 -> 0 | CI30: =+CI28-CI29 -> 0 | CJ30: =+CJ28-CJ29 -> 0 | CK30: =+CK28-CK29 -> 0 | CL30: =+CL28-CL29 -> 0 | CM30: =+CM28-CM29 -> 0 | CN30: =+CN28-CN29 -> 0 | ... CR30: =+CR28-CR29 -> 0 | CS30: =SUM(CG30:CR30) -> 0 | CT30: =+CT28-CT29 -> 0 | CU30: =+CU28-CU29 -> 0 | CV30: =+CV28-CV29 -> 0 | CW30: =+CW28-CW29 -> 0 | CX30: =+CX28-CX29 -> 0 | CY30: =+CY28-CY29 -> 0 | CZ30: =+CZ28-CZ29 -> 0 | DA30: =+DA28-DA29 -> 0 | ... DE30: =+DE28-DE29 -> 0 | DF30: =SUM(CT30:DE30) -> 0 | DG30: =+DG28-DG29 -> 0 | DH30: =+F30+S30+AF30+AS30+BF30+BS30+DG30 -> 5302.7033 | DI30: =+E30 -> 6679.4594 | DJ30: =+DI30-DH30 -> 1376.756
B31: 년짝 빌라 2단계 | C31: 수입 | D31: 기성수금 | E31: =AF31+AS31+BF31+BS31+CF31+CS31+DF31+S31+DG31 -> 65588.4 | S31: =SUM(G31:R31) -> 0 | AF31: =SUM(T31:AE31) -> 0 | AS31: =SUM(AG31:AR31) -> 0 | BF31: =SUM(AT31:BE31) -> 0 | BS31: =SUM(BG31:BR31) -> 0 | BW31: 403.75102 | BX31: 1201.3114 | BY31: 1969.2915 | BZ31: 2688.781 | CA31: 3342.0639 | CB31: 3913.0541 | CC31: 4387.6919 | CD31: 4754.2901 | CE31: 5003.822 | CF31: =SUM(BT31:CE31) -> 27664.057 | CG31: 5130.1431 | CH31: 5130.1431 | CI31: 5003.822 | CJ31: 4754.2901 | CK31: 4387.6919 | CL31: 3913.0541 | CM31: 3342.0639 | CN31: 2688.781 | CO31: 1969.2915 | CP31: 1201.3114 | CQ31: 403.75102 | CS31: =SUM(CG31:CR31) -> 37924.343 | DF31: =SUM(CT31:DE31) -> 0 | DH31: =+F31+S31+AF31+AS31+BF31+BS31+DG31 -> 0 | DI31: =+E31 -> 65588.4 | DJ31: =+DI31-DH31 -> 65588.4 | DM31: =AS31+BF31+BS31+CF31+CS31+DG31+DF31+S31+AF31+DO31 -> 65588.4
C32: 지출 | D32: 공사비 | E32: =AF32+AS32+BF32+BS32+CF32+CS32+DF32+S32+DG32 -> 59029.56 | S32: =SUM(G32:R32) -> 0 | AF32: =SUM(T32:AE32) -> 0 | AS32: =SUM(AG32:AR32) -> 0 | BF32: =SUM(AT32:BE32) -> 0 | BS32: =SUM(BG32:BR32) -> 0 | BW32: 363.37592 | BX32: 1081.1802 | BY32: 1772.3623 | BZ32: 2419.9029 | CA32: 3007.8575 | CB32: 3521.7487 | CC32: 3948.9227 | CD32: 4278.8611 | CE32: 4503.4398 | CF32: =SUM(BT32:CE32) -> 24897.651 | CG32: 4617.1288 | CH32: 4617.1288 | CI32: 4503.4398 | CJ32: 4278.8611 | CK32: 3948.9227 | CL32: 3521.7487 | CM32: 3007.8575 | CN32: 2419.9029 | CO32: 1772.3623 | CP32: 1081.1802 | CQ32: 363.37592 | CS32: =SUM(CG32:CR32) -> 34131.909 | DF32: =SUM(CT32:DE32) -> 0 | DH32: =+F32+S32+AF32+AS32+BF32+BS32+DG32 -> 0 | DI32: =+E32 -> 59029.56 | DJ32: =+DI32-DH32 -> 59029.56 | DK32: =+DH32/DH31 -> #DIV/0! | DM32: =AS32+BF32+BS32+CF32+CS32+DG32+DF32+S32+AF32+DO32 -> 59029.56 | DN32: =DM32/DM31 -> 0.9
C33: 과부족 | E33: =+E31-E32 -> 6558.84 | F33: =+F31-F32 -> 0 | G33: =+G31-G32 -> 0 | H33: =+H31-H32 -> 0 | I33: =+I31-I32 -> 0 | J33: =+J31-J32 -> 0 | K33: =+K31-K32 -> 0 | L33: =+L31-L32 -> 0 | ... R33: =+R31-R32 -> 0 | S33: =SUM(G33:R33) -> 0 | T33: =+T31-T32 -> 0 | U33: =+U31-U32 -> 0 | V33: =+V31-V32 -> 0 | W33: =+W31-W32 -> 0 | X33: =+X31-X32 -> 0 | Y33: =+Y31-Y32 -> 0 | Z33: =+Z31-Z32 -> 0 | AA33: =+AA31-AA32 -> 0 | ... AE33: =+AE31-AE32 -> 0 | AF33: =SUM(T33:AE33) -> 0 | AG33: =+AG31-AG32 -> 0 | AH33: =+AH31-AH32 -> 0 | AI33: =+AI31-AI32 -> 0 | AJ33: =+AJ31-AJ32 -> 0 | AK33: =+AK31-AK32 -> 0 | AL33: =+AL31-AL32 -> 0 | AM33: =+AM31-AM32 -> 0 | AN33: =+AN31-AN32 -> 0 | ... AR33: =+AR31-AR32 -> 0 | AS33: =SUM(AG33:AR33) -> 0 | AT33: =+AT31-AT32 -> 0 | AU33: =+AU31-AU32 -> 0 | AV33: =+AV31-AV32 -> 0 | AW33: =+AW31-AW32 -> 0 | AX33: =+AX31-AX32 -> 0 | AY33: =+AY31-AY32 -> 0 | AZ33: =+AZ31-AZ32 -> 0 | BA33: =+BA31-BA32 -> 0 | ... BE33: =+BE31-BE32 -> 0 | BF33: =SUM(AT33:BE33) -> 0 | BG33: =+BG31-BG32 -> 0 | BH33: =+BH31-BH32 -> 0 | BI33: =+BI31-BI32 -> 0 | BJ33: =+BJ31-BJ32 -> 0 | BK33: =+BK31-BK32 -> 0 | BL33: =+BL31-BL32 -> 0 | BM33: =+BM31-BM32 -> 0 | BN33: =+BN31-BN32 -> 0 | ... BR33: =+BR31-BR32 -> 0 | BS33: =SUM(BG33:BR33) -> 0 | BT33: =+BT31-BT32 -> 0 | BU33: =+BU31-BU32 -> 0 | BV33: =+BV31-BV32 -> 0 | BW33: =+BW31-BW32 -> 40.375102 | BX33: =+BX31-BX32 -> 120.13114 | BY33: =+BY31-BY32 -> 196.92915 | BZ33: =+BZ31-BZ32 -> 268.8781 | CA33: =+CA31-CA32 -> 334.20639 | ... CE33: =+CE31-CE32 -> 500.3822 | CF33: =SUM(BT33:CE33) -> 2766.4057 | CG33: =+CG31-CG32 -> 513.01431 | CH33: =+CH31-CH32 -> 513.01431 | CI33: =+CI31-CI32 -> 500.3822 | CJ33: =+CJ31-CJ32 -> 475.42901 | CK33: =+CK31-CK32 -> 438.76919 | CL33: =+CL31-CL32 -> 391.30541 | CM33: =+CM31-CM32 -> 334.20639 | CN33: =+CN31-CN32 -> 268.8781 | ... CR33: =+CR31-CR32 -> 0 | CS33: =SUM(CG33:CR33) -> 3792.4343 | CT33: =+CT31-CT32 -> 0 | CU33: =+CU31-CU32 -> 0 | CV33: =+CV31-CV32 -> 0 | CW33: =+CW31-CW32 -> 0 | CX33: =+CX31-CX32 -> 0 | CY33: =+CY31-CY32 -> 0 | CZ33: =+CZ31-CZ32 -> 0 | DA33: =+DA31-DA32 -> 0 | ... DE33: =+DE31-DE32 -> 0 | DF33: =SUM(CT33:DE33) -> 0 | DG33: =+DG31-DG32 -> 0 | DH33: =+F33+S33+AF33+AS33+BF33+BS33+DG33 -> 0 | DI33: =+E33 -> 6558.84 | DJ33: =+DI33-DH33 -> 6558.84
B34: K2HH1 | C34: 수입 | D34: 기성수금 | E34: =AF34+AS34+BF34+BS34+CF34+CS34+DF34+S34+DG34 -> 157409.35 | S34: =SUM(G34:R34) -> 0 | AF34: =SUM(T34:AE34) -> 0 | AS34: =SUM(AG34:AR34) -> 0 | BF34: =SUM(AT34:BE34) -> 0 | BS34: =SUM(BG34:BR34) -> 0 | BV34: 593.74262 | BW34: 913.07865 | BX34: 1295.2651 | BY34: 1588.1817 | BZ34: 1811.0054 | CA34: 1981.1096 | CB34: 2114.1141 | CC34: 2223.9346 | CD34: 2322.8331 | CE34: 2421.467 | CF34: =SUM(BT34:CE34) -> 17264.732 | CG34: 2528.9392 | CH34: 2652.8481 | CI34: 2799.3368 | CJ34: 2973.1435 | CK34: 3177.651 | CL34: 3414.9365 | CM34: 3685.8212 | CN34: 3989.9205 | CO34: 4325.6936 | CP34: 4690.493 | CQ34: 5080.6148 | CR34: 5491.348 | CS34: =SUM(CG34:CR34) -> 44810.746 | CT34: 2662.6611 | CU34: 2857.9813 | CV34: 3053.7225 | CW34: 3246.1763 | CX34: 3431.2935 | CY34: 3604.7061 | CZ34: 3761.7497 | DA34: 3897.4864 | DB34: 4006.7264 | DC34: 4084.0511 | DD34: 4123.8352 | DE34: 56603.483 | DF34: =SUM(CT34:DE34) -> 95333.873 | DH34: =+F34+S34+AF34+AS34+BF34+BS34+DG34 -> 0 | DI34: =+E34 -> 157409.35 | DJ34: =+DI34-DH34 -> 157409.35 | DM34: =AS34+BF34+BS34+CF34+CS34+DG34+DF34+S34+AF34+DO34 -> 157409.35
C35: 지출 | D35: 인건비 등 | E35: =AF35+AS35+BF35+BS35+CF35+CS35+DF35+S35+DG35 -> 138556.13 | S35: =SUM(G35:R35) -> 0 | AF35: =SUM(T35:AE35) -> 0 | AS35: =SUM(AG35:AR35) -> 0 | BF35: =SUM(AT35:BE35) -> 0 | BS35: =SUM(BG35:BR35) -> 0 | BV35: 522.62893 | BW35: 803.71748 | BX35: 1140.1287 | BY35: 1397.9622 | BZ35: 1594.0979 | CA35: 1743.8284 | CB35: 1860.9026 | CC35: 1957.5697 | CD35: 2044.623 | CE35: 2131.4433 | CF35: =SUM(BT35:CE35) -> 15196.902 | CG35: 2226.0433 | CH35: 2335.1114 | CI35: 2464.0549 | CJ35: 2617.0445 | CK35: 2797.0577 | CL35: 3005.923 | CM35: 3244.3634 | CN35: 3512.0401 | CO35: 3807.597 | CP35: 4128.7037 | CQ35: 4472.0998 | CR35: 4833.6388 | CS35: =SUM(CG35:CR35) -> 39443.678 | CT35: 2343.7491 | CU35: 2515.6755 | CV35: 2687.9723 | CW35: 2857.3756 | CX35: 3020.3209 | CY35: 3172.9636 | CZ35: 3311.1978 | DA35: 3430.677 | DB35: 3526.8331 | DC35: 3594.8965 | DD35: 3629.9156 | DE35: 49823.976 | DF35: =SUM(CT35:DE35) -> 83915.553 | DH35: =+F35+S35+AF35+AS35+BF35+BS35+DG35 -> 0 | DI35: =+E35 -> 138556.13 | DJ35: =+DI35-DH35 -> 138556.13 | DK35: =+DH35/DH34 -> #DIV/0! | DM35: =AS35+BF35+BS35+CF35+CS35+DG35+DF35+S35+AF35+DO35 -> 138556.13 | DN35: =DM35/DM34 -> 0.88022809
C36: 과부족 | E36: =+E34-E35 -> 18853.218 | F36: =+F34-F35 -> 0 | G36: =+G34-G35 -> 0 | H36: =+H34-H35 -> 0 | I36: =+I34-I35 -> 0 | J36: =+J34-J35 -> 0 | K36: =+K34-K35 -> 0 | L36: =+L34-L35 -> 0 | ... R36: =+R34-R35 -> 0 | S36: =SUM(G36:R36) -> 0 | T36: =+T34-T35 -> 0 | U36: =+U34-U35 -> 0 | V36: =+V34-V35 -> 0 | W36: =+W34-W35 -> 0 | X36: =+X34-X35 -> 0 | Y36: =+Y34-Y35 -> 0 | Z36: =+Z34-Z35 -> 0 | AA36: =+AA34-AA35 -> 0 | ... AE36: =+AE34-AE35 -> 0 | AF36: =SUM(T36:AE36) -> 0 | AG36: =+AG34-AG35 -> 0 | AH36: =+AH34-AH35 -> 0 | AI36: =+AI34-AI35 -> 0 | AJ36: =+AJ34-AJ35 -> 0 | AK36: =+AK34-AK35 -> 0 | AL36: =+AL34-AL35 -> 0 | AM36: =+AM34-AM35 -> 0 | AN36: =+AN34-AN35 -> 0 | ... AR36: =+AR34-AR35 -> 0 | AS36: =SUM(AG36:AR36) -> 0 | AT36: =+AT34-AT35 -> 0 | AU36: =+AU34-AU35 -> 0 | AV36: =+AV34-AV35 -> 0 | AW36: =+AW34-AW35 -> 0 | AX36: =+AX34-AX35 -> 0 | AY36: =+AY34-AY35 -> 0 | AZ36: =+AZ34-AZ35 -> 0 | BA36: =+BA34-BA35 -> 0 | ... BE36: =+BE34-BE35 -> 0 | BF36: =SUM(AT36:BE36) -> 0 | BG36: =+BG34-BG35 -> 0 | BH36: =+BH34-BH35 -> 0 | BI36: =+BI34-BI35 -> 0 | BJ36: =+BJ34-BJ35 -> 0 | BK36: =+BK34-BK35 -> 0 | BL36: =+BL34-BL35 -> 0 | BM36: =+BM34-BM35 -> 0 | BN36: =+BN34-BN35 -> 0 | ... BR36: =+BR34-BR35 -> 0 | BS36: =SUM(BG36:BR36) -> 0 | BT36: =+BT34-BT35 -> 0 | BU36: =+BU34-BU35 -> 0 | BV36: =+BV34-BV35 -> 71.113685 | BW36: =+BW34-BW35 -> 109.36117 | BX36: =+BX34-BX35 -> 155.13637 | BY36: =+BY34-BY35 -> 190.21955 | BZ36: =+BZ34-BZ35 -> 216.90757 | CA36: =+CA34-CA35 -> 237.28128 | ... CE36: =+CE34-CE35 -> 290.02371 | CF36: =SUM(BT36:CE36) -> 2067.8298 | CG36: =+CG34-CG35 -> 302.89587 | CH36: =+CH34-CH35 -> 317.73667 | CI36: =+CI34-CI35 -> 335.2819 | CJ36: =+CJ34-CJ35 -> 356.09907 | CK36: =+CK34-CK35 -> 380.59332 | CL36: =+CL34-CL35 -> 409.01345 | CM36: =+CM34-CM35 -> 441.45783 | CN36: =+CN34-CN35 -> 477.88039 | ... CR36: =+CR34-CR35 -> 657.70922 | CS36: =SUM(CG36:CR36) -> 5367.0685 | CT36: =+CT34-CT35 -> 318.912 | CU36: =+CU34-CU35 -> 342.30587 | CV36: =+CV34-CV35 -> 365.75016 | CW36: =+CW34-CW35 -> 388.80072 | CX36: =+CX34-CX35 -> 410.97256 | CY36: =+CY34-CY35 -> 431.74252 | CZ36: =+CZ34-CZ35 -> 450.55194 | DA36: =+DA34-DA35 -> 466.80937 | ... DE36: =+DE34-DE35 -> 6779.5071 | DF36: =SUM(CT36:DE36) -> 11418.32 | DG36: =+DG34-DG35 -> 0 | DH36: =+F36+S36+AF36+AS36+BF36+BS36+DG36 -> 0 | DI36: =+E36 -> 18853.218 | DJ36: =+DI36-DH36 -> 18853.218
B37: B1CC4 | C37: 수입 | D37: 기성수금 | E37: =AF37+AS37+BF37+BS37+CF37+CS37+DF37+S37+DG37 -> 132215.76 | S37: =SUM(G37:R37) -> 0 | AF37: =SUM(T37:AE37) -> 0 | AS37: =SUM(AG37:AR37) -> 0 | BD37: 467.29098 | BE37: 695.75708 | BF37: =SUM(AT37:BE37) -> 1163.0481 | BG37: 990.33125 | BH37: 1219.7692 | BI37: 1397.0899 | BJ37: 1534.1681 | BK37: 1641.7637 | BL37: 1729.5517 | BM37: 1806.1516 | BN37: 1879.1576 | BO37: 1955.1675 | BP37: 2039.8131 | BQ37: 2137.7895 | BR37: 2252.8847 | BS37: =SUM(BG37:BR37) -> 20583.638 | BT37: 2388.0097 | BU37: 2545.2277 | BV37: 2725.784 | BW37: 2930.1357 | BX37: 3157.9815 | BY37: 3408.2908 | BZ37: 3679.3342 | CA37: 3968.7126 | CB37: 4273.3869 | CC37: 4589.7082 | CD37: 4913.4467 | CE37: 5239.8219 | CF37: =SUM(BT37:CE37) -> 43819.84 | CG37: 5563.5323 | CH37: 5878.7847 | CI37: 6179.3243 | CJ37: 6458.464 | CK37: 6709.1144 | CL37: 6923.8132 | CM37: 7094.7552 | CN37: 7213.8216 | CO37: 7272.6098 | CP37: 7355.0145 | CS37: =SUM(CG37:CR37) -> 66649.234 | DF37: =SUM(CT37:DE37) -> 0 | DH37: =+F37+S37+AF37+AS37+BF37+BS37+DG37 -> 21746.686 | DI37: =+E37 -> 132215.76 | DJ37: =+DI37-DH37 -> 110469.07 | DM37: =AS37+BF37+BS37+CF37+CS37+DG37+DF37+S37+AF37+DO37 -> 132215.76
C38: 지출 | D38: 인건비 등 | E38: =AF38+AS38+BF38+BS38+CF38+CS38+DF38+S38+DG38 -> 118994.18 | S38: =SUM(G38:R38) -> 0 | AF38: =SUM(T38:AE38) -> 0 | AS38: =SUM(AG38:AR38) -> 0 | BD38: 420.56188 | BE38: 626.18137 | BF38: =SUM(AT38:BE38) -> 1046.7433 | BG38: 891.29813 | BH38: 1097.7923 | BI38: 1257.3809 | BJ38: 1380.7513 | BK38: 1477.5873 | BL38: 1556.5965 | BM38: 1625.5365 | BN38: 1691.2418 | BO38: 1759.6508 | BP38: 1835.8318 | BQ38: 1924.0105 | BR38: 2027.5963 | BS38: =SUM(BG38:BR38) -> 18525.274 | BT38: 2149.2087 | BU38: 2290.7049 | BV38: 2453.2056 | BW38: 2637.1222 | BX38: 2842.1833 | BY38: 3067.4617 | BZ38: 3311.4008 | CA38: 3571.8413 | CB38: 3846.0482 | CC38: 4130.7374 | CD38: 4422.102 | CE38: 4715.8397 | CF38: =SUM(BT38:CE38) -> 39437.856 | CG38: 5007.1791 | CH38: 5290.9063 | CI38: 5561.3919 | CJ38: 5812.6176 | CK38: 6038.203 | CL38: 6231.4319 | CM38: 6385.2797 | CN38: 6492.4394 | CO38: 6545.3488 | CP38: 6619.513 | CS38: =SUM(CG38:CR38) -> 59984.311 | DF38: =SUM(CT38:DE38) -> 0 | DH38: =+F38+S38+AF38+AS38+BF38+BS38+DG38 -> 19572.017 | DI38: =+E38 -> 118994.18 | DJ38: =+DI38-DH38 -> 99422.167 | DK38: =+DH38/DH37 -> 0.9 | DM38: =AS38+BF38+BS38+CF38+CS38+DG38+DF38+S38+AF38+DO38 -> 118994.18 | DN38: =DM38/DM37 -> 0.9
C39: 과부족 | E39: =+E37-E38 -> 13221.576 | F39: =+F37-F38 -> 0 | G39: =+G37-G38 -> 0 | H39: =+H37-H38 -> 0 | I39: =+I37-I38 -> 0 | J39: =+J37-J38 -> 0 | K39: =+K37-K38 -> 0 | L39: =+L37-L38 -> 0 | ... R39: =+R37-R38 -> 0 | S39: =SUM(G39:R39) -> 0 | T39: =+T37-T38 -> 0 | U39: =+U37-U38 -> 0 | V39: =+V37-V38 -> 0 | W39: =+W37-W38 -> 0 | X39: =+X37-X38 -> 0 | Y39: =+Y37-Y38 -> 0 | Z39: =+Z37-Z38 -> 0 | AA39: =+AA37-AA38 -> 0 | ... AE39: =+AE37-AE38 -> 0 | AF39: =SUM(T39:AE39) -> 0 | AG39: =+AG37-AG38 -> 0 | AH39: =+AH37-AH38 -> 0 | AI39: =+AI37-AI38 -> 0 | AJ39: =+AJ37-AJ38 -> 0 | AK39: =+AK37-AK38 -> 0 | AL39: =+AL37-AL38 -> 0 | AM39: =+AM37-AM38 -> 0 | AN39: =+AN37-AN38 -> 0 | ... AR39: =+AR37-AR38 -> 0 | AS39: =SUM(AG39:AR39) -> 0 | AT39: =+AT37-AT38 -> 0 | AU39: =+AU37-AU38 -> 0 | AV39: =+AV37-AV38 -> 0 | AW39: =+AW37-AW38 -> 0 | AX39: =+AX37-AX38 -> 0 | AY39: =+AY37-AY38 -> 0 | AZ39: =+AZ37-AZ38 -> 0 | BA39: =+BA37-BA38 -> 0 | ... BE39: =+BE37-BE38 -> 69.575708 | BF39: =SUM(AT39:BE39) -> 116.30481 | BG39: =+BG37-BG38 -> 99.033125 | BH39: =+BH37-BH38 -> 121.97692 | BI39: =+BI37-BI38 -> 139.70899 | BJ39: =+BJ37-BJ38 -> 153.41681 | BK39: =+BK37-BK38 -> 164.17637 | BL39: =+BL37-BL38 -> 172.95517 | BM39: =+BM37-BM38 -> 180.61516 | BN39: =+BN37-BN38 -> 187.91576 | ... BR39: =+BR37-BR38 -> 225.28847 | BS39: =SUM(BG39:BR39) -> 2058.3638 | BT39: =+BT37-BT38 -> 238.80097 | BU39: =+BU37-BU38 -> 254.52277 | BV39: =+BV37-BV38 -> 272.5784 | BW39: =+BW37-BW38 -> 293.01357 | BX39: =+BX37-BX38 -> 315.79815 | BY39: =+BY37-BY38 -> 340.82908 | BZ39: =+BZ37-BZ38 -> 367.93342 | CA39: =+CA37-CA38 -> 396.87126 | ... CE39: =+CE37-CE38 -> 523.98219 | CF39: =SUM(BT39:CE39) -> 4381.984 | CG39: =+CG37-CG38 -> 556.35323 | CH39: =+CH37-CH38 -> 587.87847 | CI39: =+CI37-CI38 -> 617.93243 | CJ39: =+CJ37-CJ38 -> 645.8464 | CK39: =+CK37-CK38 -> 670.91144 | CL39: =+CL37-CL38 -> 692.38132 | CM39: =+CM37-CM38 -> 709.47552 | CN39: =+CN37-CN38 -> 721.38216 | ... CR39: =+CR37-CR38 -> 0 | CS39: =SUM(CG39:CR39) -> 6664.9234 | CT39: =+CT37-CT38 -> 0 | CU39: =+CU37-CU38 -> 0 | CV39: =+CV37-CV38 -> 0 | CW39: =+CW37-CW38 -> 0 | CX39: =+CX37-CX38 -> 0 | CY39: =+CY37-CY38 -> 0 | CZ39: =+CZ37-CZ38 -> 0 | DA39: =+DA37-DA38 -> 0 | ... DE39: =+DE37-DE38 -> 0 | DF39: =SUM(CT39:DE39) -> 0 | DG39: =+DG37-DG38 -> 0 | DH39: =+F39+S39+AF39+AS39+BF39+BS39+DG39 -> 2174.6686 | DI39: =+E39 -> 13221.576 | DJ39: =+DI39-DH39 -> 11046.907
B40: H1HH1 | C40: 수입 | D40: 기성수금 | E40: =AF40+AS40+BF40+BS40+CF40+CS40+DF40+S40+DG40 -> 138391.04 | S40: =SUM(G40:R40) -> 0 | AF40: =SUM(T40:AE40) -> 0 | AS40: =SUM(AG40:AR40) -> 0 | BF40: =SUM(AT40:BE40) -> 0 | BP40: 522.00621 | BQ40: 802.75983 | BR40: 1138.7702 | BS40: =SUM(BG40:BR40) -> 2463.5363 | BT40: 1396.2965 | BU40: 1592.1985 | BV40: 1741.7505 | BW40: 1858.6853 | BX40: 1955.2372 | BY40: 2042.1867 | BZ40: 2128.9036 | CA40: 2223.391 | CB40: 2332.329 | CC40: 2461.1189 | CD40: 2613.9262 | CE40: 2793.725 | CF40: =SUM(BT40:CE40) -> 25139.748 | CG40: 3002.3414 | CH40: 3240.4976 | CI40: 3507.8555 | CJ40: 3803.0602 | CK40: 4123.7843 | CL40: 4466.7712 | CM40: 4827.8794 | CN40: 2601.0628 | CO40: 2791.8644 | CP40: 2983.0773 | CQ40: 3171.0788 | CR40: 3351.9135 | CS40: =SUM(CG40:CR40) -> 41871.186 | CT40: 3521.3143 | CU40: 3674.7249 | CV40: 3807.3214 | CW40: 3914.0342 | CX40: 3989.5701 | CY40: 4028.4339 | CZ40: 45981.17 | DF40: =SUM(CT40:DE40) -> 68916.569 | DH40: =+F40+S40+AF40+AS40+BF40+BS40+DG40 -> 2463.5363 | DI40: =+E40 -> 138391.04 | DJ40: =+DI40-DH40 -> 135927.5 | DM40: =AS40+BF40+BS40+CF40+CS40+DG40+DF40+S40+AF40+DO40 -> 138391.04
C41: 지출 | D41: 인건비 등 | E41: =AF41+AS41+BF41+BS41+CF41+CS41+DF41+S41+DG41 -> 121784.12 | S41: =SUM(G41:R41) -> 0 | AF41: =SUM(T41:AE41) -> 0 | AS41: =SUM(AG41:AR41) -> 0 | BF41: =SUM(AT41:BE41) -> 0 | BP41: 459.36546 | BQ41: 706.42865 | BR41: 1002.1178 | BS41: =SUM(BG41:BR41) -> 2167.9119 | BT41: 1228.7409 | BU41: 1401.1346 | BV41: 1532.7405 | BW41: 1635.6431 | BX41: 1720.6088 | BY41: 1797.1243 | BZ41: 1873.4352 | CA41: 1956.584 | CB41: 2052.4496 | CC41: 2165.7846 | CD41: 2300.255 | CE41: 2458.478 | CF41: =SUM(BT41:CE41) -> 22122.979 | CG41: 2642.0604 | CH41: 2851.6379 | CI41: 3086.9128 | CJ41: 3346.6929 | CK41: 3628.9301 | CL41: 3930.7587 | CM41: 4248.5339 | CN41: 2288.9352 | CO41: 2456.8407 | CP41: 2625.108 | CQ41: 2790.5494 | CR41: 2949.6839 | CS41: =SUM(CG41:CR41) -> 36846.644 | CT41: 3098.7566 | CU41: 3233.7579 | CV41: 3350.4428 | CW41: 3444.3501 | CX41: 3510.8217 | CY41: 3545.0218 | CZ41: 40463.43 | DF41: =SUM(CT41:DE41) -> 60646.581 | DH41: =+F41+S41+AF41+AS41+BF41+BS41+DG41 -> 2167.9119 | DI41: =+E41 -> 121784.12 | DJ41: =+DI41-DH41 -> 119616.2 | DK41: =+DH41/DH40 -> 0.88 | DM41: =AS41+BF41+BS41+CF41+CS41+DG41+DF41+S41+AF41+DO41 -> 121784.12 | DN41: =DM41/DM40 -> 0.88
C42: 과부족 | E42: =+E40-E41 -> 16606.925 | F42: =+F40-F41 -> 0 | G42: =+G40-G41 -> 0 | H42: =+H40-H41 -> 0 | I42: =+I40-I41 -> 0 | J42: =+J40-J41 -> 0 | K42: =+K40-K41 -> 0 | L42: =+L40-L41 -> 0 | ... R42: =+R40-R41 -> 0 | S42: =SUM(G42:R42) -> 0 | T42: =+T40-T41 -> 0 | U42: =+U40-U41 -> 0 | V42: =+V40-V41 -> 0 | W42: =+W40-W41 -> 0 | X42: =+X40-X41 -> 0 | Y42: =+Y40-Y41 -> 0 | Z42: =+Z40-Z41 -> 0 | AA42: =+AA40-AA41 -> 0 | ... AE42: =+AE40-AE41 -> 0 | AF42: =SUM(T42:AE42) -> 0 | AG42: =+AG40-AG41 -> 0 | AH42: =+AH40-AH41 -> 0 | AI42: =+AI40-AI41 -> 0 | AJ42: =+AJ40-AJ41 -> 0 | AK42: =+AK40-AK41 -> 0 | AL42: =+AL40-AL41 -> 0 | AM42: =+AM40-AM41 -> 0 | AN42: =+AN40-AN41 -> 0 | ... AR42: =+AR40-AR41 -> 0 | AS42: =SUM(AG42:AR42) -> 0 | AT42: =+AT40-AT41 -> 0 | AU42: =+AU40-AU41 -> 0 | AV42: =+AV40-AV41 -> 0 | AW42: =+AW40-AW41 -> 0 | AX42: =+AX40-AX41 -> 0 | AY42: =+AY40-AY41 -> 0 | AZ42: =+AZ40-AZ41 -> 0 | BA42: =+BA40-BA41 -> 0 | ... BE42: =+BE40-BE41 -> 0 | BF42: =SUM(AT42:BE42) -> 0 | BG42: =+BG40-BG41 -> 0 | BH42: =+BH40-BH41 -> 0 | BI42: =+BI40-BI41 -> 0 | BJ42: =+BJ40-BJ41 -> 0 | BK42: =+BK40-BK41 -> 0 | BL42: =+BL40-BL41 -> 0 | BM42: =+BM40-BM41 -> 0 | BN42: =+BN40-BN41 -> 0 | ... BR42: =+BR40-BR41 -> 136.65243 | BS42: =SUM(BG42:BR42) -> 295.62435 | BT42: =+BT40-BT41 -> 167.55558 | BU42: =+BU40-BU41 -> 191.06381 | BV42: =+BV40-BV41 -> 209.01006 | BW42: =+BW40-BW41 -> 223.04223 | BX42: =+BX40-BX41 -> 234.62847 | BY42: =+BY40-BY41 -> 245.06241 | BZ42: =+BZ40-BZ41 -> 255.46843 | CA42: =+CA40-CA41 -> 266.80691 | ... CE42: =+CE40-CE41 -> 335.24699 | CF42: =SUM(BT42:CE42) -> 3016.7698 | CG42: =+CG40-CG41 -> 360.28097 | CH42: =+CH40-CH41 -> 388.85972 | CI42: =+CI40-CI41 -> 420.94266 | CJ42: =+CJ40-CJ41 -> 456.36722 | CK42: =+CK40-CK41 -> 494.85411 | CL42: =+CL40-CL41 -> 536.01255 | CM42: =+CM40-CM41 -> 579.34553 | CN42: =+CN40-CN41 -> 312.12753 | ... CR42: =+CR40-CR41 -> 402.22962 | CS42: =SUM(CG42:CR42) -> 5024.5424 | CT42: =+CT40-CT41 -> 422.55772 | CU42: =+CU40-CU41 -> 440.96699 | CV42: =+CV40-CV41 -> 456.87857 | CW42: =+CW40-CW41 -> 469.68411 | CX42: =+CX40-CX41 -> 478.74841 | CY42: =+CY40-CY41 -> 483.41207 | CZ42: =+CZ40-CZ41 -> 5517.7404 | DA42: =+DA40-DA41 -> 0 | ... DE42: =+DE40-DE41 -> 0 | DF42: =SUM(CT42:DE42) -> 8269.9883 | DG42: =+DG40-DG41 -> 0 | DH42: =+F42+S42+AF42+AS42+BF42+BS42+DG42 -> 295.62435 | DI42: =+E42 -> 16606.925 | DJ42: =+DI42-DH42 -> 16311.3
B43: K8CT1 | C43: 수입 | D43: 기성수금 | E43: =AF43+AS43+BF43+BS43+CF43+CS43+DF43+S43+DG43 -> 194033.21 | S43: =SUM(G43:R43) -> 0 | AE43: 25733.516 | AF43: =SUM(T43:AE43) -> 25733.516 | AR43: 4665.634 | AS43: =SUM(AG43:AR43) -> 4665.634 | AT43: 2386.7264 | AU43: 1964.1306 | AV43: 1684.7637 | AW43: 1027.6619 | BA43: 1819.5915 | BB43: 2615.5078 | BC43: 2204.444 | BD43: 4022.9161 | BE43: 5191.7395 | BF43: =SUM(AT43:BE43) -> 22917.481 | BG43: 6967.9478 | BH43: 6433.6243 | BI43: 4643.8197 | BJ43: 7993.99 | BK43: 6506.2468 | BL43: 5762.4251 | BM43: 19432.6 | BN43: 9675.677 | BO43: 9489.8923 | BP43: 5633.2307 | BQ43: 8323.9066 | BR43: 10381.769 | BS43: =SUM(BG43:BR43) -> 101245.13 | BT43: 9753.7022 | BU43: 8988.7786 | BV43: 4639.2957 | BW43: 4909.0498 | BX43: 3069.6817 | BY43: 2750.7556 | BZ43: 3006.4167 | CA43: 2353.7681 | CF43: =SUM(BT43:CE43) -> 39471.448 | CS43: =SUM(CG43:CR43) -> 0 | DF43: =SUM(CT43:DE43) -> 0 | DH43: =+F43+S43+AF43+AS43+BF43+BS43+DG43 -> 154561.76 | DI43: =+E43 -> 194033.21 | DJ43: =+DI43-DH43 -> 39471.448 | DM43: =AS43+BF43+BS43+CF43+CS43+DG43+DF43+S43+AF43+DO43 -> 194033.21
C44: 지출 | D44: 공사비 | E44: =AF44+AS44+BF44+BS44+CF44+CS44+DF44+S44+DG44 -> 164157.33 | S44: =SUM(G44:R44) -> 0 | AF44: =SUM(T44:AE44) -> 0 | AP44: 20.562684 | AQ44: 517.1087 | AR44: 2482.1711 | AS44: =SUM(AG44:AR44) -> 3019.8424 | AT44: 1673.3643 | AU44: 1111.6412 | AV44: 500.0187 | AW44: 1264.0884 | AX44: 2499.2971 | AY44: 3499.1164 | AZ44: =2741.32600629864-75 -> 2666.326 | BA44: 2658.57 | BB44: 2559.3619 | BC44: 1961.4025 | BD44: 4119.9352 | BE44: 5051.5545 | BF44: =SUM(AT44:BE44) -> 29564.676 | BG44: 4446.8959 | BH44: 6922.4286 | BI44: 5452.9673 | BJ44: 8875.5386 | BK44: 8401.6822 | BL44: 8334.3242 | BM44: 8738.0079 | BN44: 9590.5292 | BO44: 8689.6583 | BP44: 6107.7089 | BQ44: 5804.6143 | BR44: 5878.4223 | BS44: =SUM(BG44:BR44) -> 87242.778 | BT44: 3868.9255 | BU44: 6556.6657 | BV44: 5740.5925 | BW44: 5394.0755 | BX44: 2876.3175 | BY44: 3137.9793 | BZ44: 2651.2083 | CA44: 14104.272 | CF44: =SUM(BT44:CE44) -> 44330.036 | CS44: =SUM(CG44:CR44) -> 0 | DF44: =SUM(CT44:DE44) -> 0 | DH44: =+F44+S44+AF44+AS44+BF44+BS44+DG44 -> 119827.3 | DI44: =+E44 -> 164157.33 | DJ44: =+DI44-DH44 -> 44330.036 | DK44: =+DH44/DH43 -> 0.7752713 | DM44: =AS44+BF44+BS44+CF44+CS44+DG44+DF44+S44+AF44+DO44 -> 164157.33 | DN44: =DM44/DM43 -> 0.84602699
C45: 과부족 | E45: =+E43-E44 -> 29875.877 | F45: =+F43-F44 -> 0 | G45: =+G43-G44 -> 0 | H45: =+H43-H44 -> 0 | I45: =+I43-I44 -> 0 | J45: =+J43-J44 -> 0 | K45: =+K43-K44 -> 0 | L45: =+L43-L44 -> 0 | ... R45: =+R43-R44 -> 0 | S45: =SUM(G45:R45) -> 0 | T45: =+T43-T44 -> 0 | U45: =+U43-U44 -> 0 | V45: =+V43-V44 -> 0 | W45: =+W43-W44 -> 0 | X45: =+X43-X44 -> 0 | Y45: =+Y43-Y44 -> 0 | Z45: =+Z43-Z44 -> 0 | AA45: =+AA43-AA44 -> 0 | ... AE45: =+AE43-AE44 -> 25733.516 | AF45: =SUM(T45:AE45) -> 25733.516 | AG45: =+AG43-AG44 -> 0 | AH45: =+AH43-AH44 -> 0 | AI45: =+AI43-AI44 -> 0 | AJ45: =+AJ43-AJ44 -> 0 | AK45: =+AK43-AK44 -> 0 | AL45: =+AL43-AL44 -> 0 | AM45: =+AM43-AM44 -> 0 | AN45: =+AN43-AN44 -> 0 | ... AR45: =+AR43-AR44 -> 2183.4629 | AS45: =SUM(AG45:AR45) -> 1645.7915 | AT45: =+AT43-AT44 -> 713.36209 | AU45: =+AU43-AU44 -> 852.48941 | AV45: =+AV43-AV44 -> 1184.745 | AW45: =+AW43-AW44 -> -236.4265 | AX45: =+AX43-AX44 -> -2499.2971 | AY45: =+AY43-AY44 -> -3499.1164 | AZ45: =+AZ43-AZ44 -> -2666.326 | BA45: =+BA43-BA44 -> -838.97853 | ... BE45: =+BE43-BE44 -> 140.18497 | BF45: =SUM(AT45:BE45) -> -6647.1948 | BG45: =+BG43-BG44 -> 2521.0518 | BH45: =+BH43-BH44 -> -488.80431 | BI45: =+BI43-BI44 -> -809.14761 | BJ45: =+BJ43-BJ44 -> -881.54858 | BK45: =+BK43-BK44 -> -1895.4355 | BL45: =+BL43-BL44 -> -2571.8991 | BM45: =+BM43-BM44 -> 10694.592 | BN45: =+BN43-BN44 -> 85.147769 | ... BR45: =+BR43-BR44 -> 4503.3469 | BS45: =SUM(BG45:BR45) -> 14002.352 | BT45: =+BT43-BT44 -> 5884.7767 | BU45: =+BU43-BU44 -> 2432.1129 | BV45: =+BV43-BV44 -> -1101.2968 | BW45: =+BW43-BW44 -> -485.02565 | BX45: =+BX43-BX44 -> 193.36417 | BY45: =+BY43-BY44 -> -387.22371 | BZ45: =+BZ43-BZ44 -> 355.20841 | CA45: =+CA43-CA44 -> -11750.504 | ... CE45: =+CE43-CE44 -> 0 | CF45: =SUM(BT45:CE45) -> -4858.5876 | CG45: =+CG43-CG44 -> 0 | CH45: =+CH43-CH44 -> 0 | CI45: =+CI43-CI44 -> 0 | CJ45: =+CJ43-CJ44 -> 0 | CK45: =+CK43-CK44 -> 0 | CL45: =+CL43-CL44 -> 0 | CM45: =+CM43-CM44 -> 0 | CN45: =+CN43-CN44 -> 0 | ... CR45: =+CR43-CR44 -> 0 | CS45: =SUM(CG45:CR45) -> 0 | CT45: =+CT43-CT44 -> 0 | CU45: =+CU43-CU44 -> 0 | CV45: =+CV43-CV44 -> 0 | CW45: =+CW43-CW44 -> 0 | CX45: =+CX43-CX44 -> 0 | CY45: =+CY43-CY44 -> 0 | CZ45: =+CZ43-CZ44 -> 0 | DA45: =+DA43-DA44 -> 0 | ... DE45: =+DE43-DE44 -> 0 | DF45: =SUM(CT45:DE45) -> 0 | DG45: =+DG43-DG44 -> 0 | DH45: =+F45+S45+AF45+AS45+BF45+BS45+DG45 -> 34734.464 | DI45: =+E45 -> 29875.877 | DJ45: =+DI45-DH45 -> -4858.5876
B46: K2CT1 | C46: 수입 | D46: 기성수금 | E46: =AF46+AS46+BF46+BS46+CF46+CS46+DF46+S46+DG46 -> 237742.47 | S46: =SUM(G46:R46) -> 0 | AF46: =SUM(T46:AE46) -> 0 | AS46: =SUM(AG46:AR46) -> 0 | BD46: 472.78589 | BE46: 1414.5511 | BF46: =SUM(AT46:BE46) -> 1887.337 | BG46: 2344.9271 | BH46: 3256.4232 | BI46: 4141.7005 | BJ46: 4993.6312 | BK46: 5805.3562 | BL46: 6570.3398 | BM46: 38282.423 | BN46: 6697.1493 | BO46: 7194.6792 | BP46: 7634.2817 | BQ46: 8012.4175 | BR46: 8326.042 | BS46: =SUM(BG46:BR46) -> 103259.37 | BT46: 8572.6302 | BU46: 8750.1965 | BV46: 8857.3114 | BW46: 8893.1125 | BX46: 8857.3114 | BY46: 8750.1965 | BZ46: 8572.6302 | CA46: 8326.042 | CB46: 8012.4175 | CC46: 7634.2817 | CD46: 7194.6792 | CE46: 6697.1493 | CF46: =SUM(BT46:CE46) -> 99117.958 | CG46: 5529.8839 | CH46: 5529.8839 | CI46: 5529.8839 | CJ46: 3485.8354 | CK46: 3485.8354 | CL46: 3485.8354 | CM46: 1190.5477 | CN46: 1190.5477 | CO46: 1190.5477 | CP46: 2859 | CS46: =SUM(CG46:CR46) -> 33477.801 | DF46: =SUM(CT46:DE46) -> 0 | DH46: =+F46+S46+AF46+AS46+BF46+BS46+DG46 -> 105146.71 | DI46: =+E46 -> 237742.47 | DJ46: =+DI46-DH46 -> 132595.76 | DM46: =AS46+BF46+BS46+CF46+CS46+DG46 -> 237742.47
C47: 지출 | D47: 공사비 | E47: =AF47+AS47+BF47+BS47+CF47+CS47+DF47+S47+DG47 -> 202450.95 | S47: =SUM(G47:R47) -> 0 | AF47: =SUM(T47:AE47) -> 0 | AS47: =SUM(AG47:AR47) -> 0 | BD47: 401.86801 | BE47: 1202.3684 | BF47: =SUM(AT47:BE47) -> 1604.2364 | BG47: 1993.1881 | BH47: 2767.9597 | BI47: 3520.4454 | BJ47: 4244.5866 | BK47: 4934.5528 | BL47: 5584.7889 | BM47: 6190.0595 | BN47: 6745.4915 | BO47: 7246.6127 | BP47: 7689.3884 | BQ47: 8070.2537 | BR47: 8386.1421 | BS47: =SUM(BG47:BR47) -> 67373.469 | BT47: 8634.5102 | BU47: 8813.3583 | BV47: 8921.2464 | BW47: 8957.3059 | BX47: 8921.2464 | BY47: 8813.3583 | BZ47: 8634.5102 | CA47: 8386.1421 | CB47: 8070.2537 | CC47: 7689.3884 | CD47: 7246.6127 | CE47: 6745.4915 | CF47: =SUM(BT47:CE47) -> 99833.424 | CG47: 5569.8004 | CH47: 5569.8004 | CI47: 5569.8004 | CJ47: 3510.9972 | CK47: 3510.9972 | CL47: 3510.9972 | CM47: 1199.1415 | CN47: 1199.1415 | CO47: 1199.1415 | CP47: 2800 | CS47: =SUM(CG47:CR47) -> 33639.817 | DF47: =SUM(CT47:DE47) -> 0 | DH47: =+F47+S47+AF47+AS47+BF47+BS47+DG47 -> 68977.706 | DI47: =+E47 -> 202450.95 | DJ47: =+DI47-DH47 -> 133473.24 | DK47: =+DH47/DH46 -> 0.65601394 | DM47: =AS47+BF47+BS47+CF47+CS47+DG47 -> 202450.95 | DN47: =DM47/DM46 -> 0.85155567
C48: 과부족 | E48: =+E46-E47 -> 35291.52 | F48: =+F46-F47 -> 0 | G48: =+G46-G47 -> 0 | H48: =+H46-H47 -> 0 | I48: =+I46-I47 -> 0 | J48: =+J46-J47 -> 0 | K48: =+K46-K47 -> 0 | L48: =+L46-L47 -> 0 | ... R48: =+R46-R47 -> 0 | S48: =SUM(G48:R48) -> 0 | T48: =+T46-T47 -> 0 | U48: =+U46-U47 -> 0 | V48: =+V46-V47 -> 0 | W48: =+W46-W47 -> 0 | X48: =+X46-X47 -> 0 | Y48: =+Y46-Y47 -> 0 | Z48: =+Z46-Z47 -> 0 | AA48: =+AA46-AA47 -> 0 | ... AE48: =+AE46-AE47 -> 0 | AF48: =SUM(T48:AE48) -> 0 | AG48: =+AG46-AG47 -> 0 | AH48: =+AH46-AH47 -> 0 | AI48: =+AI46-AI47 -> 0 | AJ48: =+AJ46-AJ47 -> 0 | AK48: =+AK46-AK47 -> 0 | AL48: =+AL46-AL47 -> 0 | AM48: =+AM46-AM47 -> 0 | AN48: =+AN46-AN47 -> 0 | ... AR48: =+AR46-AR47 -> 0 | AS48: =SUM(AG48:AR48) -> 0 | AT48: =+AT46-AT47 -> 0 | AU48: =+AU46-AU47 -> 0 | AV48: =+AV46-AV47 -> 0 | AW48: =+AW46-AW47 -> 0 | AX48: =+AX46-AX47 -> 0 | AY48: =+AY46-AY47 -> 0 | AZ48: =+AZ46-AZ47 -> 0 | BA48: =+BA46-BA47 -> 0 | ... BE48: =+BE46-BE47 -> 212.18266 | BF48: =SUM(AT48:BE48) -> 283.10055 | BG48: =+BG46-BG47 -> 351.73907 | BH48: =+BH46-BH47 -> 488.46348 | BI48: =+BI46-BI47 -> 621.25507 | BJ48: =+BJ46-BJ47 -> 749.04469 | BK48: =+BK46-BK47 -> 870.80343 | BL48: =+BL46-BL47 -> 985.55098 | BM48: =+BM46-BM47 -> 32092.363 | BN48: =+BN46-BN47 -> -48.342191 | ... BR48: =+BR46-BR47 -> -60.100066 | BS48: =SUM(BG48:BR48) -> 35885.901 | BT48: =+BT46-BT47 -> -61.880019 | BU48: =+BU46-BU47 -> -63.16175 | BV48: =+BV46-BV47 -> -63.934941 | BW48: =+BW46-BW47 -> -64.193364 | BX48: =+BX46-BX47 -> -63.934941 | BY48: =+BY46-BY47 -> -63.16175 | BZ48: =+BZ46-BZ47 -> -61.880019 | CA48: =+CA46-CA47 -> -60.100066 | ... CE48: =+CE46-CE47 -> -48.342191 | CF48: =SUM(BT48:CE48) -> -715.4655 | CG48: =+CG46-CG47 -> -39.916492 | CH48: =+CH46-CH47 -> -39.916492 | CI48: =+CI46-CI47 -> -39.916492 | CJ48: =+CJ46-CJ47 -> -25.161888 | CK48: =+CK46-CK47 -> -25.161888 | CL48: =+CL46-CL47 -> -25.161888 | CM48: =+CM46-CM47 -> -8.5937589 | CN48: =+CN46-CN47 -> -8.5937589 | ... CR48: =+CR46-CR47 -> 0 | CS48: =SUM(CG48:CR48) -> -162.01641 | CT48: =+CT46-CT47 -> 0 | CU48: =+CU46-CU47 -> 0 | CV48: =+CV46-CV47 -> 0 | CW48: =+CW46-CW47 -> 0 | CX48: =+CX46-CX47 -> 0 | CY48: =+CY46-CY47 -> 0 | CZ48: =+CZ46-CZ47 -> 0 | DA48: =+DA46-DA47 -> 0 | ... DE48: =+DE46-DE47 -> 0 | DF48: =SUM(CT48:DE48) -> 0 | DG48: =+DG46-DG47 -> 0 | DH48: =+F48+S48+AF48+AS48+BF48+BS48+DG48 -> 36169.002 | DI48: =+E48 -> 35291.52 | DJ48: =+DI48-DH48 -> -877.48192
B49: C3HH1 | C49: 수입 | D49: 기성수금 | E49: =AF49+AS49+BF49+BS49+CF49+CS49+DF49+S49+DG49 -> 0 | S49: =SUM(G49:R49) -> 0 | AF49: =SUM(T49:AE49) -> 0 | AS49: =SUM(AG49:AR49) -> 0 | BA49: =+BA47-BA48 -> 0 | BF49: =SUM(AT49:BE49) -> 0 | BS49: =SUM(BG49:BR49) -> 0 | CF49: =SUM(BT49:CE49) -> 0 | CS49: =SUM(CG49:CR49) -> 0 | DF49: =SUM(CT49:DE49) -> 0 | DH49: =+F49+S49+AF49+AS49+BF49+BS49+DG49 -> 0 | DI49: =+E49 -> 0 | DJ49: =+DI49-DH49 -> 0 | DM49: =AS49+BF49+BS49+CF49+CS49+DG49 -> 0
C50: 지출 | D50: 인건비 등 | E50: =AF50+AS50+BF50+BS50+CF50+CS50+DF50+S50+DG50 -> 0 | S50: =SUM(G50:R50) -> 0 | AF50: =SUM(T50:AE50) -> 0 | AS50: =SUM(AG50:AR50) -> 0 | BA50: =+BA48-BA49 -> 0 | BF50: =SUM(AT50:BE50) -> 0 | BS50: =SUM(BG50:BR50) -> 0 | CF50: =SUM(BT50:CE50) -> 0 | CS50: =SUM(CG50:CR50) -> 0 | DF50: =SUM(CT50:DE50) -> 0 | DH50: =+F50+S50+AF50+AS50+BF50+BS50+DG50 -> 0 | DI50: =+E50 -> 0 | DJ50: =+DI50-DH50 -> 0 | DK50: =+DH50/DH49 -> #DIV/0! | DM50: =AS50+BF50+BS50+CF50+CS50+DG50 -> 0
C51: 과부족 | E51: =+E49-E50 -> 0 | F51: =+F49-F50 -> 0 | G51: =+G49-G50 -> 0 | H51: =+H49-H50 -> 0 | I51: =+I49-I50 -> 0 | J51: =+J49-J50 -> 0 | K51: =+K49-K50 -> 0 | L51: =+L49-L50 -> 0 | ... R51: =+R49-R50 -> 0 | S51: =SUM(G51:R51) -> 0 | T51: =+T49-T50 -> 0 | U51: =+U49-U50 -> 0 | V51: =+V49-V50 -> 0 | W51: =+W49-W50 -> 0 | X51: =+X49-X50 -> 0 | Y51: =+Y49-Y50 -> 0 | Z51: =+Z49-Z50 -> 0 | AA51: =+AA49-AA50 -> 0 | ... AE51: =+AE49-AE50 -> 0 | AF51: =SUM(T51:AE51) -> 0 | AG51: =+AG49-AG50 -> 0 | AH51: =+AH49-AH50 -> 0 | AI51: =+AI49-AI50 -> 0 | AJ51: =+AJ49-AJ50 -> 0 | AK51: =+AK49-AK50 -> 0 | AL51: =+AL49-AL50 -> 0 | AM51: =+AM49-AM50 -> 0 | AN51: =+AN49-AN50 -> 0 | ... AR51: =+AR49-AR50 -> 0 | AS51: =SUM(AG51:AR51) -> 0 | AT51: =+AT49-AT50 -> 0 | AU51: =+AU49-AU50 -> 0 | AV51: =+AV49-AV50 -> 0 | AW51: =+AW49-AW50 -> 0 | AX51: =+AX49-AX50 -> 0 | AY51: =+AY49-AY50 -> 0 | AZ51: =+AZ49-AZ50 -> 0 | BA51: =+BA49-BA50 -> 0 | ... BE51: =+BE49-BE50 -> 0 | BF51: =SUM(AT51:BE51) -> 0 | BG51: =+BG49-BG50 -> 0 | BH51: =+BH49-BH50 -> 0 | BI51: =+BI49-BI50 -> 0 | BJ51: =+BJ49-BJ50 -> 0 | BK51: =+BK49-BK50 -> 0 | BL51: =+BL49-BL50 -> 0 | BM51: =+BM49-BM50 -> 0 | BN51: =+BN49-BN50 -> 0 | ... BR51: =+BR49-BR50 -> 0 | BS51: =SUM(BG51:BR51) -> 0 | BT51: =+BT49-BT50 -> 0 | BU51: =+BU49-BU50 -> 0 | BV51: =+BV49-BV50 -> 0 | BW51: =+BW49-BW50 -> 0 | BX51: =+BX49-BX50 -> 0 | BY51: =+BY49-BY50 -> 0 | BZ51: =+BZ49-BZ50 -> 0 | CA51: =+CA49-CA50 -> 0 | ... CE51: =+CE49-CE50 -> 0 | CF51: =SUM(BT51:CE51) -> 0 | CG51: =+CG49-CG50 -> 0 | CH51: =+CH49-CH50 -> 0 | CI51: =+CI49-CI50 -> 0 | CJ51: =+CJ49-CJ50 -> 0 | CK51: =+CK49-CK50 -> 0 | CL51: =+CL49-CL50 -> 0 | CM51: =+CM49-CM50 -> 0 | CN51: =+CN49-CN50 -> 0 | ... CR51: =+CR49-CR50 -> 0 | CS51: =SUM(CG51:CR51) -> 0 | CT51: =+CT49-CT50 -> 0 | CU51: =+CU49-CU50 -> 0 | CV51: =+CV49-CV50 -> 0 | CW51: =+CW49-CW50 -> 0 | CX51: =+CX49-CX50 -> 0 | CY51: =+CY49-CY50 -> 0 | CZ51: =+CZ49-CZ50 -> 0 | DA51: =+DA49-DA50 -> 0 | ... DE51: =+DE49-DE50 -> 0 | DF51: =SUM(CT51:DE51) -> 0 | DG51: =+DG49-DG50 -> 0 | DH51: =+F51+S51+AF51+AS51+BF51+BS51+DG51 -> 0 | DI51: =+E51 -> 0 | DJ51: =+DI51-DH51 -> 0
B52: C3HH2 | C52: 수입 | D52: 기성수금 | E52: =AF52+AS52+BF52+BS52+CF52+CS52+DF52+S52+DG52 -> 0 | S52: =SUM(G52:R52) -> 0 | AF52: =SUM(T52:AE52) -> 0 | AS52: =SUM(AG52:AR52) -> 0 | BA52: =+BA50-BA51 -> 0 | BF52: =SUM(AT52:BE52) -> 0 | BS52: =SUM(BG52:BR52) -> 0 | CF52: =SUM(BT52:CE52) -> 0 | CS52: =SUM(CG52:CR52) -> 0 | DF52: =SUM(CT52:DE52) -> 0 | DH52: =+F52+S52+AF52+AS52+BF52+BS52+DG52 -> 0 | DI52: =+E52 -> 0 | DJ52: =+DI52-DH52 -> 0 | DM52: =AS52+BF52+BS52+CF52+CS52+DG52 -> 0
C53: 지출 | D53: 인건비 등 | E53: =AF53+AS53+BF53+BS53+CF53+CS53+DF53+S53+DG53 -> 0 | S53: =SUM(G53:R53) -> 0 | AF53: =SUM(T53:AE53) -> 0 | AS53: =SUM(AG53:AR53) -> 0 | BA53: =+BA51-BA52 -> 0 | BF53: =SUM(AT53:BE53) -> 0 | BS53: =SUM(BG53:BR53) -> 0 | CF53: =SUM(BT53:CE53) -> 0 | CS53: =SUM(CG53:CR53) -> 0 | DF53: =SUM(CT53:DE53) -> 0 | DH53: =+F53+S53+AF53+AS53+BF53+BS53+DG53 -> 0 | DI53: =+E53 -> 0 | DJ53: =+DI53-DH53 -> 0 | DK53: =+DH53/DH52 -> #DIV/0! | DM53: =AS53+BF53+BS53+CF53+CS53+DG53 -> 0
C54: 과부족 | E54: =+E52-E53 -> 0 | F54: =+F52-F53 -> 0 | G54: =+G52-G53 -> 0 | H54: =+H52-H53 -> 0 | I54: =+I52-I53 -> 0 | J54: =+J52-J53 -> 0 | K54: =+K52-K53 -> 0 | L54: =+L52-L53 -> 0 | ... R54: =+R52-R53 -> 0 | S54: =SUM(G54:R54) -> 0 | T54: =+T52-T53 -> 0 | U54: =+U52-U53 -> 0 | V54: =+V52-V53 -> 0 | W54: =+W52-W53 -> 0 | X54: =+X52-X53 -> 0 | Y54: =+Y52-Y53 -> 0 | Z54: =+Z52-Z53 -> 0 | AA54: =+AA52-AA53 -> 0 | ... AE54: =+AE52-AE53 -> 0 | AF54: =SUM(T54:AE54) -> 0 | AG54: =+AG52-AG53 -> 0 | AH54: =+AH52-AH53 -> 0 | AI54: =+AI52-AI53 -> 0 | AJ54: =+AJ52-AJ53 -> 0 | AK54: =+AK52-AK53 -> 0 | AL54: =+AL52-AL53 -> 0 | AM54: =+AM52-AM53 -> 0 | AN54: =+AN52-AN53 -> 0 | ... AR54: =+AR52-AR53 -> 0 | AS54: =SUM(AG54:AR54) -> 0 | AT54: =+AT52-AT53 -> 0 | AU54: =+AU52-AU53 -> 0 | AV54: =+AV52-AV53 -> 0 | AW54: =+AW52-AW53 -> 0 | AX54: =+AX52-AX53 -> 0 | AY54: =+AY52-AY53 -> 0 | AZ54: =+AZ52-AZ53 -> 0 | BA54: =+BA52-BA53 -> 0 | ... BE54: =+BE52-BE53 -> 0 | BF54: =SUM(AT54:BE54) -> 0 | BG54: =+BG52-BG53 -> 0 | BH54: =+BH52-BH53 -> 0 | BI54: =+BI52-BI53 -> 0 | BJ54: =+BJ52-BJ53 -> 0 | BK54: =+BK52-BK53 -> 0 | BL54: =+BL52-BL53 -> 0 | BM54: =+BM52-BM53 -> 0 | BN54: =+BN52-BN53 -> 0 | ... BR54: =+BR52-BR53 -> 0 | BS54: =SUM(BG54:BR54) -> 0 | BT54: =+BT52-BT53 -> 0 | BU54: =+BU52-BU53 -> 0 | BV54: =+BV52-BV53 -> 0 | BW54: =+BW52-BW53 -> 0 | BX54: =+BX52-BX53 -> 0 | BY54: =+BY52-BY53 -> 0 | BZ54: =+BZ52-BZ53 -> 0 | CA54: =+CA52-CA53 -> 0 | ... CE54: =+CE52-CE53 -> 0 | CF54: =SUM(BT54:CE54) -> 0 | CG54: =+CG52-CG53 -> 0 | CH54: =+CH52-CH53 -> 0 | CI54: =+CI52-CI53 -> 0 | CJ54: =+CJ52-CJ53 -> 0 | CK54: =+CK52-CK53 -> 0 | CL54: =+CL52-CL53 -> 0 | CM54: =+CM52-CM53 -> 0 | CN54: =+CN52-CN53 -> 0 | ... CR54: =+CR52-CR53 -> 0 | CS54: =SUM(CG54:CR54) -> 0 | CT54: =+CT52-CT53 -> 0 | CU54: =+CU52-CU53 -> 0 | CV54: =+CV52-CV53 -> 0 | CW54: =+CW52-CW53 -> 0 | CX54: =+CX52-CX53 -> 0 | CY54: =+CY52-CY53 -> 0 | CZ54: =+CZ52-CZ53 -> 0 | DA54: =+DA52-DA53 -> 0 | ... DE54: =+DE52-DE53 -> 0 | DF54: =SUM(CT54:DE54) -> 0 | DG54: =+DG52-DG53 -> 0 | DH54: =+F54+S54+AF54+AS54+BF54+BS54+DG54 -> 0 | DI54: =+E54 -> 0 | DJ54: =+DI54-DH54 -> 0
B55: 타이빙 신도시 인프라 | C55: 수입 | D55: 기성수금 | E55: =AF55+AS55+BF55+BS55+CF55+CS55+DF55+S55+DG55 -> 56894.312 | S55: =SUM(G55:R55) -> 0 | AF55: =SUM(T55:AE55) -> 0 | AS55: =SUM(AG55:AR55) -> 0 | BD55: 2679.9136 | BE55: 103 | BF55: =SUM(AT55:BE55) -> 2782.9136 | BG55: 105.575 | BH55: 154.5 | BI55: 129.78 | BJ55: 196.73 | BK55: 203.94 | BL55: 550.10465 | BM55: 618.85657 | BN55: 685.91224 | BO55: 751.08788 | BP55: 814.20484 | BQ55: 875.09012 | BR55: 933.57684 | BS55: =SUM(BG55:BR55) -> 6019.3581 | BT55: 989.50469 | BU55: 1042.7204 | BV55: 1093.078 | BW55: 1140.4397 | BX55: 1184.6754 | BY55: 1225.664 | BZ55: 1263.2932 | CA55: 1297.4598 | CB55: 1328.0701 | CC55: 1355.0403 | CD55: 1378.2964 | CE55: 1397.7747 | CF55: =SUM(BT55:CE55) -> 14696.017 | CG55: 1413.4218 | CH55: 1425.1948 | CI55: 1433.0614 | CJ55: 1437.0001 | CK55: 1437.0001 | CL55: 1433.0614 | CM55: 1425.1948 | CN55: 1413.4218 | CO55: 1397.7747 | CP55: 1378.2964 | CQ55: 1355.0403 | CR55: 1328.0701 | CS55: =SUM(CG55:CR55) -> 16876.538 | CT55: 1297.4598 | CU55: 1263.2932 | CV55: 1225.664 | CW55: 1184.6754 | CX55: 1140.4397 | CY55: 1093.078 | CZ55: 1042.7204 | DA55: 989.50469 | DB55: 933.57684 | DC55: 875.09012 | DD55: 814.20484 | DE55: 751.08788 | DF55: =SUM(CT55:DE55) -> 12610.795 | DG55: 3908.691 | DH55: =+F55+S55+AF55+AS55+BF55+BS55+DG55 -> 12710.963 | DI55: =+E55 -> 56894.312 | DJ55: =+DI55-DH55 -> 44183.349 | DM55: =AS55+BF55+BS55+CF55+CS55+DG55 -> 44283.517
C56: 지출 | D56: 인건비 등 | E56: =AF56+AS56+BF56+BS56+CF56+CS56+DF56+S56+DG56 -> 51174.914 | S56: =SUM(G56:R56) -> 0 | AF56: =SUM(T56:AE56) -> 0 | AS56: =SUM(AG56:AR56) -> 0 | BD56: 13.365 | BE56: 97.2 | BF56: =SUM(AT56:BE56) -> 110.565 | BG56: 99.63 | BH56: 145.8 | BI56: 122.472 | BJ56: 185.652 | BK56: 192.456 | BL56: 519.12788 | BM56: 584.00833 | BN56: 647.28806 | BO56: 708.79361 | BP56: 768.35641 | BQ56: 825.8132 | BR56: 881.00649 | BS56: =SUM(BG56:BR56) -> 5680.404 | BT56: 933.78501 | BU56: 984.00408 | BV56: 1031.5261 | BW56: 1076.2207 | BX56: 1117.9655 | BY56: 1156.6461 | BZ56: 1192.1563 | CA56: 1224.3989 | CB56: 1253.2856 | CC56: 1278.737 | CD56: 1300.6836 | CE56: 1319.065 | CF56: =SUM(BT56:CE56) -> 13868.474 | CG56: 1333.831 | CH56: 1344.9411 | CI56: 1352.3647 | CJ56: 1356.0817 | CK56: 1356.0817 | CL56: 1352.3647 | CM56: 1344.9411 | CN56: 1333.831 | CO56: 1319.065 | CP56: 1300.6836 | CQ56: 1278.737 | CR56: 1253.2856 | CS56: =SUM(CG56:CR56) -> 15926.208 | CT56: 1224.3989 | CU56: 1192.1563 | CV56: 1156.6461 | CW56: 1117.9655 | CX56: 1076.2207 | CY56: 1031.5261 | CZ56: 984.00408 | DA56: 933.78501 | DB56: 881.00649 | DC56: 825.8132 | DD56: 768.35641 | DE56: 708.79361 | DF56: =SUM(CT56:DE56) -> 11900.672 | DG56: 3688.59 | DH56: =+F56+S56+AF56+AS56+BF56+BS56+DG56 -> 9479.559 | DI56: =+E56 -> 51174.914 | DJ56: =+DI56-DH56 -> 41695.355 | DK56: =+DH56/DH55 -> 0.7457782 | DM56: =AS56+BF56+BS56+CF56+CS56+DG56 -> 39274.241 | DN56: =DM56/DM55 -> 0.88688171
C57: 과부족 | E57: =+E55-E56 -> 5719.3982 | F57: =+F55-F56 -> 0 | G57: =+G55-G56 -> 0 | H57: =+H55-H56 -> 0 | I57: =+I55-I56 -> 0 | J57: =+J55-J56 -> 0 | K57: =+K55-K56 -> 0 | L57: =+L55-L56 -> 0 | ... R57: =+R55-R56 -> 0 | S57: =SUM(G57:R57) -> 0 | T57: =+T55-T56 -> 0 | U57: =+U55-U56 -> 0 | V57: =+V55-V56 -> 0 | W57: =+W55-W56 -> 0 | X57: =+X55-X56 -> 0 | Y57: =+Y55-Y56 -> 0 | Z57: =+Z55-Z56 -> 0 | AA57: =+AA55-AA56 -> 0 | ... AE57: =+AE55-AE56 -> 0 | AF57: =SUM(T57:AE57) -> 0 | AG57: =+AG55-AG56 -> 0 | AH57: =+AH55-AH56 -> 0 | AI57: =+AI55-AI56 -> 0 | AJ57: =+AJ55-AJ56 -> 0 | AK57: =+AK55-AK56 -> 0 | AL57: =+AL55-AL56 -> 0 | AM57: =+AM55-AM56 -> 0 | AN57: =+AN55-AN56 -> 0 | ... AR57: =+AR55-AR56 -> 0 | AS57: =SUM(AG57:AR57) -> 0 | AT57: =+AT55-AT56 -> 0 | AU57: =+AU55-AU56 -> 0 | AV57: =+AV55-AV56 -> 0 | AW57: =+AW55-AW56 -> 0 | AX57: =+AX55-AX56 -> 0 | AY57: =+AY55-AY56 -> 0 | AZ57: =+AZ55-AZ56 -> 0 | BA57: =+BA55-BA56 -> 0 | ... BE57: =+BE55-BE56 -> 5.8 | BF57: =SUM(AT57:BE57) -> 2672.3486 | BG57: =+BG55-BG56 -> 5.945 | BH57: =+BH55-BH56 -> 8.7 | BI57: =+BI55-BI56 -> 7.308 | BJ57: =+BJ55-BJ56 -> 11.078 | BK57: =+BK55-BK56 -> 11.484 | BL57: =+BL55-BL56 -> 30.976767 | BM57: =+BM55-BM56 -> 34.848234 | BN57: =+BN55-BN56 -> 38.624185 | ... BR57: =+BR55-BR56 -> 52.570346 | BS57: =SUM(BG57:BR57) -> 338.95415 | BT57: =+BT55-BT56 -> 55.719682 | BU57: =+BU55-BU56 -> 58.716293 | BV57: =+BV55-BV56 -> 61.551967 | BW57: =+BW55-BW56 -> 64.218932 | BX57: =+BX55-BX56 -> 66.709877 | BY57: =+BY55-BY56 -> 69.017974 | BZ57: =+BZ55-BZ56 -> 71.136899 | CA57: =+CA55-CA56 -> 73.060842 | ... CE57: =+CE55-CE56 -> 78.709642 | CF57: =SUM(BT57:CE57) -> 827.54268 | CG57: =+CG55-CG56 -> 79.59074 | CH57: =+CH55-CH56 -> 80.253686 | CI57: =+CI55-CI56 -> 80.696662 | CJ57: =+CJ55-CJ56 -> 80.918454 | CK57: =+CK55-CK56 -> 80.918454 | CL57: =+CL55-CL56 -> 80.696662 | CM57: =+CM55-CM56 -> 80.253686 | CN57: =+CN55-CN56 -> 79.59074 | ... CR57: =+CR55-CR56 -> 74.78453 | CS57: =SUM(CG57:CR57) -> 950.3293 | CT57: =+CT55-CT56 -> 73.060842 | CU57: =+CU55-CU56 -> 71.136899 | CV57: =+CV55-CV56 -> 69.017974 | CW57: =+CW55-CW56 -> 66.709877 | CX57: =+CX55-CX56 -> 64.218932 | CY57: =+CY55-CY56 -> 61.551967 | CZ57: =+CZ55-CZ56 -> 58.716293 | DA57: =+DA55-DA56 -> 55.719682 | ... DE57: =+DE55-DE56 -> 42.294269 | DF57: =SUM(CT57:DE57) -> 710.12243 | DG57: =+DG55-DG56 -> 220.10105 | DH57: =+F57+S57+AF57+AS57+BF57+BS57+DG57 -> 3231.4038 | DI57: =+E57 -> 5719.3982 | DJ57: =+DI57-DH57 -> 2487.9944
B58: 타이빙 빌라 1단계 | C58: 수입 | D58: 기성수금 | E58: =AF58+AS58+BF58+BS58+CF58+CS58+DF58+S58+DG58 -> 60287.76 | S58: =SUM(G58:R58) -> 0 | AF58: =SUM(T58:AE58) -> 0 | AS58: =SUM(AG58:AR58) -> 0 | BF58: =SUM(AT58:BE58) -> 0 | BP58: 219.78282 | BQ58: 656.14354 | BR58: 1082.9362 | BS58: =SUM(BG58:BR58) -> 1958.8626 | BT58: 1493.9372 | BU58: 1883.1533 | BV58: 2244.9087 | BW58: 2573.9283 | BX58: 2865.4143 | BY58: 3115.116 | BZ58: 3319.3924 | CA58: 3475.2645 | CB58: 3580.4594 | CC58: 3633.4432 | CD58: 3633.4432 | CE58: 3580.4594 | CF58: =SUM(BT58:CE58) -> 35398.92 | CG58: 3475.2645 | CH58: 3319.3924 | CI58: 3115.116 | CJ58: 2865.4143 | CK58: 2573.9283 | CL58: 2244.9087 | CM58: 1883.1533 | CN58: 1493.9372 | CO58: 1082.9362 | CP58: 656.14354 | CQ58: 219.78282 | CS58: =SUM(CG58:CR58) -> 22929.977 | DF58: =SUM(CT58:DE58) -> 0 | DH58: =+F58+S58+AF58+AS58+BF58+BS58+DG58 -> 1958.8626 | DI58: =+E58 -> 60287.76 | DJ58: =+DI58-DH58 -> 58328.897 | DM58: =AS58+BF58+BS58+CF58+CS58+DG58 -> 60287.76
C59: 지출 | D59: 인건비 등 | E59: =AF59+AS59+BF59+BS59+CF59+CS59+DF59+S59+DG59 -> 54258.984 | S59: =SUM(G59:R59) -> 0 | AF59: =SUM(T59:AE59) -> 0 | AS59: =SUM(AG59:AR59) -> 0 | BF59: =SUM(AT59:BE59) -> 0 | BP59: 197.80454 | BQ59: 590.52919 | BR59: 974.64259 | BS59: =SUM(BG59:BR59) -> 1762.9763 | BT59: 1344.5435 | BU59: 1694.838 | BV59: 2020.4179 | BW59: 2316.5355 | BX59: 2578.8728 | BY59: 2803.6044 | BZ59: 2987.4531 | CA59: 3127.738 | CB59: 3222.4135 | CC59: 3270.0989 | CD59: 3270.0989 | CE59: 3222.4135 | CF59: =SUM(BT59:CE59) -> 31859.028 | CG59: 3127.738 | CH59: 2987.4531 | CI59: 2803.6044 | CJ59: 2578.8728 | CK59: 2316.5355 | CL59: 2020.4179 | CM59: 1694.838 | CN59: 1344.5435 | CO59: 974.64259 | CP59: 590.52919 | CQ59: 197.80454 | CS59: =SUM(CG59:CR59) -> 20636.98 | DF59: =SUM(CT59:DE59) -> 0 | DH59: =+F59+S59+AF59+AS59+BF59+BS59+DG59 -> 1762.9763 | DI59: =+E59 -> 54258.984 | DJ59: =+DI59-DH59 -> 52496.008 | DK59: =+DH59/DH58 -> 0.9 | DM59: =AS59+BF59+BS59+CF59+CS59+DG59 -> 54258.984 | DN59: =DM59/DM58 -> 0.9
C60: 과부족 | E60: =+E58-E59 -> 6028.776 | F60: =+F58-F59 -> 0 | G60: =+G58-G59 -> 0 | H60: =+H58-H59 -> 0 | I60: =+I58-I59 -> 0 | J60: =+J58-J59 -> 0 | K60: =+K58-K59 -> 0 | L60: =+L58-L59 -> 0 | ... R60: =+R58-R59 -> 0 | S60: =SUM(G60:R60) -> 0 | T60: =+T58-T59 -> 0 | U60: =+U58-U59 -> 0 | V60: =+V58-V59 -> 0 | W60: =+W58-W59 -> 0 | X60: =+X58-X59 -> 0 | Y60: =+Y58-Y59 -> 0 | Z60: =+Z58-Z59 -> 0 | AA60: =+AA58-AA59 -> 0 | ... AE60: =+AE58-AE59 -> 0 | AF60: =SUM(T60:AE60) -> 0 | AG60: =+AG58-AG59 -> 0 | AH60: =+AH58-AH59 -> 0 | AI60: =+AI58-AI59 -> 0 | AJ60: =+AJ58-AJ59 -> 0 | AK60: =+AK58-AK59 -> 0 | AL60: =+AL58-AL59 -> 0 | AM60: =+AM58-AM59 -> 0 | AN60: =+AN58-AN59 -> 0 | ... AR60: =+AR58-AR59 -> 0 | AS60: =SUM(AG60:AR60) -> 0 | AT60: =+AT58-AT59 -> 0 | AU60: =+AU58-AU59 -> 0 | AV60: =+AV58-AV59 -> 0 | AW60: =+AW58-AW59 -> 0 | AX60: =+AX58-AX59 -> 0 | AY60: =+AY58-AY59 -> 0 | AZ60: =+AZ58-AZ59 -> 0 | BA60: =+BA58-BA59 -> 0 | ... BE60: =+BE58-BE59 -> 0 | BF60: =SUM(AT60:BE60) -> 0 | BG60: =+BG58-BG59 -> 0 | BH60: =+BH58-BH59 -> 0 | BI60: =+BI58-BI59 -> 0 | BJ60: =+BJ58-BJ59 -> 0 | BK60: =+BK58-BK59 -> 0 | BL60: =+BL58-BL59 -> 0 | BM60: =+BM58-BM59 -> 0 | BN60: =+BN58-BN59 -> 0 | ... BR60: =+BR58-BR59 -> 108.29362 | BS60: =SUM(BG60:BR60) -> 195.88626 | BT60: =+BT58-BT59 -> 149.39372 | BU60: =+BU58-BU59 -> 188.31533 | BV60: =+BV58-BV59 -> 224.49087 | BW60: =+BW58-BW59 -> 257.39283 | BX60: =+BX58-BX59 -> 286.54143 | BY60: =+BY58-BY59 -> 311.5116 | BZ60: =+BZ58-BZ59 -> 331.93924 | CA60: =+CA58-CA59 -> 347.52645 | ... CE60: =+CE58-CE59 -> 358.04594 | CF60: =SUM(BT60:CE60) -> 3539.892 | CG60: =+CG58-CG59 -> 347.52645 | CH60: =+CH58-CH59 -> 331.93924 | CI60: =+CI58-CI59 -> 311.5116 | CJ60: =+CJ58-CJ59 -> 286.54143 | CK60: =+CK58-CK59 -> 257.39283 | CL60: =+CL58-CL59 -> 224.49087 | CM60: =+CM58-CM59 -> 188.31533 | CN60: =+CN58-CN59 -> 149.39372 | ... CR60: =+CR58-CR59 -> 0 | CS60: =SUM(CG60:CR60) -> 2292.9977 | CT60: =+CT58-CT59 -> 0 | CU60: =+CU58-CU59 -> 0 | CV60: =+CV58-CV59 -> 0 | CW60: =+CW58-CW59 -> 0 | CX60: =+CX58-CX59 -> 0 | CY60: =+CY58-CY59 -> 0 | CZ60: =+CZ58-CZ59 -> 0 | DA60: =+DA58-DA59 -> 0 | ... DE60: =+DE58-DE59 -> 0 | DF60: =SUM(CT60:DE60) -> 0 | DG60: =+DG58-DG59 -> 0 | DH60: =+F60+S60+AF60+AS60+BF60+BS60+DG60 -> 195.88626 | DI60: =+E60 -> 6028.776 | DJ60: =+DI60-DH60 -> 5832.8897
B61: 타이빙 빌라 2단계 | C61: 수입 | D61: 기성수금 | E61: =AF61+AS61+BF61+BS61+CF61+CS61+DF61+S61+DG61 -> 90722.16 | S61: =SUM(G61:R61) -> 0 | AF61: =SUM(T61:AE61) -> 0 | AS61: =SUM(AG61:AR61) -> 0 | BF61: =SUM(AT61:BE61) -> 0 | BS61: =SUM(BG61:BR61) -> 0 | CF61: =SUM(BT61:CE61) -> 0 | CH61: 330.73335 | CI61: 987.3772 | CJ61: 1629.6229 | CK61: 2248.105 | CL61: 2833.8046 | CM61: 3378.1811 | CN61: 3873.296 | CO61: 4311.9295 | CP61: 4687.6854 | CQ61: 4995.0843 | CR61: 5229.6437 | CS61: =SUM(CG61:CR61) -> 34505.463 | CT61: 5387.943 | CU61: 5467.674 | CV61: 5467.674 | CW61: 5387.943 | CX61: 5229.6437 | CY61: 4995.0843 | CZ61: 4687.6854 | DA61: 4311.9295 | DB61: 3873.296 | DC61: 3378.1811 | DD61: 2833.8046 | DE61: 2248.105 | DF61: =SUM(CT61:DE61) -> 53268.964 | DG61: 2947.7334 | DH61: =+F61+S61+AF61+AS61+BF61+BS61+DG61 -> 2947.7334 | DI61: =+E61 -> 90722.16 | DJ61: =+DI61-DH61 -> 87774.427 | DM61: =AS61+BF61+BS61+CF61+CS61+DG61 -> 37453.196
C62: 지출 | D62: 인건비 등 | E62: =AF62+AS62+BF62+BS62+CF62+CS62+DF62+S62+DG62 -> 81649.944 | S62: =SUM(G62:R62) -> 0 | AF62: =SUM(T62:AE62) -> 0 | AS62: =SUM(AG62:AR62) -> 0 | BF62: =SUM(AT62:BE62) -> 0 | BS62: =SUM(BG62:BR62) -> 0 | CF62: =SUM(BT62:CE62) -> 0 | CH62: 297.66001 | CI62: 888.63948 | CJ62: 1466.6606 | CK62: 2023.2945 | CL62: 2550.4242 | CM62: 3040.3629 | CN62: 3485.9664 | CO62: 3880.7366 | CP62: 4218.9169 | CQ62: 4495.5759 | CR62: 4706.6793 | CS62: =SUM(CG62:CR62) -> 31054.917 | CT62: 4849.1487 | CU62: 4920.9066 | CV62: 4920.9066 | CW62: 4849.1487 | CX62: 4706.6793 | CY62: 4495.5759 | CZ62: 4218.9169 | DA62: 3880.7366 | DB62: 3485.9664 | DC62: 3040.3629 | DD62: 2550.4242 | DE62: 2023.2945 | DF62: =SUM(CT62:DE62) -> 47942.067 | DG62: 2652.9601 | DH62: =+F62+S62+AF62+AS62+BF62+BS62+DG62 -> 2652.9601 | DI62: =+E62 -> 81649.944 | DJ62: =+DI62-DH62 -> 78996.984 | DK62: =+DH62/DH61 -> 0.9 | DM62: =AS62+BF62+BS62+CF62+CS62+DG62 -> 33707.877 | DN62: =DM62/DM61 -> 0.9
C63: 과부족 | E63: =+E61-E62 -> 9072.216 | F63: =+F61-F62 -> 0 | G63: =+G61-G62 -> 0 | H63: =+H61-H62 -> 0 | I63: =+I61-I62 -> 0 | J63: =+J61-J62 -> 0 | K63: =+K61-K62 -> 0 | L63: =+L61-L62 -> 0 | ... R63: =+R61-R62 -> 0 | S63: =SUM(G63:R63) -> 0 | T63: =+T61-T62 -> 0 | U63: =+U61-U62 -> 0 | V63: =+V61-V62 -> 0 | W63: =+W61-W62 -> 0 | X63: =+X61-X62 -> 0 | Y63: =+Y61-Y62 -> 0 | Z63: =+Z61-Z62 -> 0 | AA63: =+AA61-AA62 -> 0 | ... AE63: =+AE61-AE62 -> 0 | AF63: =SUM(T63:AE63) -> 0 | AG63: =+AG61-AG62 -> 0 | AH63: =+AH61-AH62 -> 0 | AI63: =+AI61-AI62 -> 0 | AJ63: =+AJ61-AJ62 -> 0 | AK63: =+AK61-AK62 -> 0 | AL63: =+AL61-AL62 -> 0 | AM63: =+AM61-AM62 -> 0 | AN63: =+AN61-AN62 -> 0 | ... AR63: =+AR61-AR62 -> 0 | AS63: =SUM(AG63:AR63) -> 0 | AT63: =+AT61-AT62 -> 0 | AU63: =+AU61-AU62 -> 0 | AV63: =+AV61-AV62 -> 0 | AW63: =+AW61-AW62 -> 0 | AX63: =+AX61-AX62 -> 0 | AY63: =+AY61-AY62 -> 0 | AZ63: =+AZ61-AZ62 -> 0 | BA63: =+BA61-BA62 -> 0 | ... BE63: =+BE61-BE62 -> 0 | BF63: =SUM(AT63:BE63) -> 0 | BG63: =+BG61-BG62 -> 0 | BH63: =+BH61-BH62 -> 0 | BI63: =+BI61-BI62 -> 0 | BJ63: =+BJ61-BJ62 -> 0 | BK63: =+BK61-BK62 -> 0 | BL63: =+BL61-BL62 -> 0 | BM63: =+BM61-BM62 -> 0 | BN63: =+BN61-BN62 -> 0 | ... BR63: =+BR61-BR62 -> 0 | BS63: =SUM(BG63:BR63) -> 0 | BT63: =+BT61-BT62 -> 0 | BU63: =+BU61-BU62 -> 0 | BV63: =+BV61-BV62 -> 0 | BW63: =+BW61-BW62 -> 0 | BX63: =+BX61-BX62 -> 0 | BY63: =+BY61-BY62 -> 0 | BZ63: =+BZ61-BZ62 -> 0 | CA63: =+CA61-CA62 -> 0 | ... CE63: =+CE61-CE62 -> 0 | CF63: =SUM(BT63:CE63) -> 0 | CG63: =+CG61-CG62 -> 0 | CH63: =+CH61-CH62 -> 33.073335 | CI63: =+CI61-CI62 -> 98.73772 | CJ63: =+CJ61-CJ62 -> 162.96229 | CK63: =+CK61-CK62 -> 224.8105 | CL63: =+CL61-CL62 -> 283.38046 | CM63: =+CM61-CM62 -> 337.81811 | CN63: =+CN61-CN62 -> 387.3296 | ... CR63: =+CR61-CR62 -> 522.96437 | CS63: =SUM(CG63:CR63) -> 3450.5463 | CT63: =+CT61-CT62 -> 538.7943 | CU63: =+CU61-CU62 -> 546.7674 | CV63: =+CV61-CV62 -> 546.7674 | CW63: =+CW61-CW62 -> 538.7943 | CX63: =+CX61-CX62 -> 522.96437 | CY63: =+CY61-CY62 -> 499.50843 | CZ63: =+CZ61-CZ62 -> 468.76854 | DA63: =+DA61-DA62 -> 431.19295 | ... DE63: =+DE61-DE62 -> 224.8105 | DF63: =SUM(CT63:DE63) -> 5326.8964 | DG63: =+DG61-DG62 -> 294.77334 | DH63: =+F63+S63+AF63+AS63+BF63+BS63+DG63 -> 294.77334 | DI63: =+E63 -> 9072.216 | DJ63: =+DI63-DH63 -> 8777.4427
B64: 타이빙 빌라 3단계 | C64: 수입 | D64: 기성수금 | E64: =AF64+AS64+BF64+BS64+CF64+CS64+DF64+S64+DG64 -> 19798.56 | S64: =SUM(G64:R64) -> 0 | AF64: =SUM(T64:AE64) -> 0 | AS64: =SUM(AG64:AR64) -> 0 | BF64: =SUM(AT64:BE64) -> 0 | BS64: =SUM(BG64:BR64) -> 0 | CF64: =SUM(BT64:CE64) -> 0 | CS64: =SUM(CG64:CR64) -> 0 | CX64: 72.176897 | CY64: 215.47819 | CZ64: 355.63732 | DA64: 490.61047 | DB64: 618.4294 | DC64: 737.23024 | DD64: 845.28061 | DE64: 941.00488 | DF64: =SUM(CT64:DE64) -> 4275.848 | DG64: 15522.712 | DH64: =+F64+S64+AF64+AS64+BF64+BS64+DG64 -> 15522.712 | DI64: =+E64 -> 19798.56 | DJ64: =+DI64-DH64 -> 4275.848 | DM64: =AS64+BF64+BS64+CF64+CS64+DG64 -> 15522.712
C65: 지출 | D65: 인건비 등 | E65: =AF65+AS65+BF65+BS65+CF65+CS65+DF65+S65+DG65 -> 17818.704 | S65: =SUM(G65:R65) -> 0 | AF65: =SUM(T65:AE65) -> 0 | AS65: =SUM(AG65:AR65) -> 0 | BF65: =SUM(AT65:BE65) -> 0 | BS65: =SUM(BG65:BR65) -> 0 | CF65: =SUM(BT65:CE65) -> 0 | CS65: =SUM(CG65:CR65) -> 0 | CX65: 64.959207 | CY65: 193.93037 | CZ65: 320.07359 | DA65: 441.54942 | DB65: 556.58646 | DC65: 663.50722 | DD65: 760.75255 | DE65: 846.90439 | DF65: =SUM(CT65:DE65) -> 3848.2632 | DG65: 13970.441 | DH65: =+F65+S65+AF65+AS65+BF65+BS65+DG65 -> 13970.441 | DI65: =+E65 -> 17818.704 | DJ65: =+DI65-DH65 -> 3848.2632 | DK65: =+DH65/DH64 -> 0.9 | DM65: =AS65+BF65+BS65+CF65+CS65+DG65 -> 13970.441 | DN65: =DM65/DM64 -> 0.9
C66: 과부족 | E66: =+E64-E65 -> 1979.856 | F66: =+F64-F65 -> 0 | G66: =+G64-G65 -> 0 | H66: =+H64-H65 -> 0 | I66: =+I64-I65 -> 0 | J66: =+J64-J65 -> 0 | K66: =+K64-K65 -> 0 | L66: =+L64-L65 -> 0 | ... R66: =+R64-R65 -> 0 | S66: =SUM(G66:R66) -> 0 | T66: =+T64-T65 -> 0 | U66: =+U64-U65 -> 0 | V66: =+V64-V65 -> 0 | W66: =+W64-W65 -> 0 | X66: =+X64-X65 -> 0 | Y66: =+Y64-Y65 -> 0 | Z66: =+Z64-Z65 -> 0 | AA66: =+AA64-AA65 -> 0 | ... AE66: =+AE64-AE65 -> 0 | AF66: =SUM(T66:AE66) -> 0 | AG66: =+AG64-AG65 -> 0 | AH66: =+AH64-AH65 -> 0 | AI66: =+AI64-AI65 -> 0 | AJ66: =+AJ64-AJ65 -> 0 | AK66: =+AK64-AK65 -> 0 | AL66: =+AL64-AL65 -> 0 | AM66: =+AM64-AM65 -> 0 | AN66: =+AN64-AN65 -> 0 | ... AR66: =+AR64-AR65 -> 0 | AS66: =SUM(AG66:AR66) -> 0 | AT66: =+AT64-AT65 -> 0 | AU66: =+AU64-AU65 -> 0 | AV66: =+AV64-AV65 -> 0 | AW66: =+AW64-AW65 -> 0 | AX66: =+AX64-AX65 -> 0 | AY66: =+AY64-AY65 -> 0 | AZ66: =+AZ64-AZ65 -> 0 | BA66: =+BA64-BA65 -> 0 | ... BE66: =+BE64-BE65 -> 0 | BF66: =SUM(AT66:BE66) -> 0 | BG66: =+BG64-BG65 -> 0 | BH66: =+BH64-BH65 -> 0 | BI66: =+BI64-BI65 -> 0 | BJ66: =+BJ64-BJ65 -> 0 | BK66: =+BK64-BK65 -> 0 | BL66: =+BL64-BL65 -> 0 | BM66: =+BM64-BM65 -> 0 | BN66: =+BN64-BN65 -> 0 | ... BR66: =+BR64-BR65 -> 0 | BS66: =SUM(BG66:BR66) -> 0 | BT66: =+BT64-BT65 -> 0 | BU66: =+BU64-BU65 -> 0 | BV66: =+BV64-BV65 -> 0 | BW66: =+BW64-BW65 -> 0 | BX66: =+BX64-BX65 -> 0 | BY66: =+BY64-BY65 -> 0 | BZ66: =+BZ64-BZ65 -> 0 | CA66: =+CA64-CA65 -> 0 | ... CE66: =+CE64-CE65 -> 0 | CF66: =SUM(BT66:CE66) -> 0 | CG66: =+CG64-CG65 -> 0 | CH66: =+CH64-CH65 -> 0 | CI66: =+CI64-CI65 -> 0 | CJ66: =+CJ64-CJ65 -> 0 | CK66: =+CK64-CK65 -> 0 | CL66: =+CL64-CL65 -> 0 | CM66: =+CM64-CM65 -> 0 | CN66: =+CN64-CN65 -> 0 | ... CR66: =+CR64-CR65 -> 0 | CS66: =SUM(CG66:CR66) -> 0 | CT66: =+CT64-CT65 -> 0 | CU66: =+CU64-CU65 -> 0 | CV66: =+CV64-CV65 -> 0 | CW66: =+CW64-CW65 -> 0 | CX66: =+CX64-CX65 -> 7.2176897 | CY66: =+CY64-CY65 -> 21.547819 | CZ66: =+CZ64-CZ65 -> 35.563732 | DA66: =+DA64-DA65 -> 49.061047 | ... DE66: =+DE64-DE65 -> 94.100488 | DF66: =SUM(CT66:DE66) -> 427.5848 | DG66: =+DG64-DG65 -> 1552.2712 | DH66: =+F66+S66+AF66+AS66+BF66+BS66+DG66 -> 1552.2712 | DI66: =+E66 -> 1979.856 | DJ66: =+DI66-DH66 -> 427.5848
B67: 타이빙 빌라 4단계 | C67: 수입 | D67: 기성수금 | E67: =AF67+AS67+BF67+BS67+CF67+CS67+DF67+S67+DG67 -> 97300.44 | S67: =SUM(G67:R67) -> 0 | AF67: =SUM(T67:AE67) -> 0 | AS67: =SUM(AG67:AR67) -> 0 | BF67: =SUM(AT67:BE67) -> 0 | BS67: =SUM(BG67:BR67) -> 0 | CF67: =SUM(BT67:CE67) -> 0 | CS67: =SUM(CG67:CR67) -> 0 | DF67: =SUM(CT67:DE67) -> 0 | DG67: 97300.44 | DH67: =+F67+S67+AF67+AS67+BF67+BS67+DG67 -> 97300.44 | DI67: =+E67 -> 97300.44 | DJ67: =+DI67-DH67 -> 0 | DM67: =AS67+BF67+BS67+CF67+CS67+DG67 -> 97300.44
C68: 지출 | D68: 인건비 등 | E68: =AF68+AS68+BF68+BS68+CF68+CS68+DF68+S68+DG68 -> 87570.396 | S68: =SUM(G68:R68) -> 0 | AF68: =SUM(T68:AE68) -> 0 | AS68: =SUM(AG68:AR68) -> 0 | BF68: =SUM(AT68:BE68) -> 0 | BS68: =SUM(BG68:BR68) -> 0 | CF68: =SUM(BT68:CE68) -> 0 | CS68: =SUM(CG68:CR68) -> 0 | DF68: =SUM(CT68:DE68) -> 0 | DG68: 87570.396 | DH68: =+F68+S68+AF68+AS68+BF68+BS68+DG68 -> 87570.396 | DI68: =+E68 -> 87570.396 | DJ68: =+DI68-DH68 -> 0 | DK68: =+DH68/DH67 -> 0.9 | DM68: =AS68+BF68+BS68+CF68+CS68+DG68 -> 87570.396 | DN68: =DM68/DM67 -> 0.9
C69: 과부족 | E69: =+E67-E68 -> 9730.044 | F69: =+F67-F68 -> 0 | G69: =+G67-G68 -> 0 | H69: =+H67-H68 -> 0 | I69: =+I67-I68 -> 0 | J69: =+J67-J68 -> 0 | K69: =+K67-K68 -> 0 | L69: =+L67-L68 -> 0 | ... R69: =+R67-R68 -> 0 | S69: =SUM(G69:R69) -> 0 | T69: =+T67-T68 -> 0 | U69: =+U67-U68 -> 0 | V69: =+V67-V68 -> 0 | W69: =+W67-W68 -> 0 | X69: =+X67-X68 -> 0 | Y69: =+Y67-Y68 -> 0 | Z69: =+Z67-Z68 -> 0 | AA69: =+AA67-AA68 -> 0 | ... AE69: =+AE67-AE68 -> 0 | AF69: =SUM(T69:AE69) -> 0 | AG69: =+AG67-AG68 -> 0 | AH69: =+AH67-AH68 -> 0 | AI69: =+AI67-AI68 -> 0 | AJ69: =+AJ67-AJ68 -> 0 | AK69: =+AK67-AK68 -> 0 | AL69: =+AL67-AL68 -> 0 | AM69: =+AM67-AM68 -> 0 | AN69: =+AN67-AN68 -> 0 | ... AR69: =+AR67-AR68 -> 0 | AS69: =SUM(AG69:AR69) -> 0 | AT69: =+AT67-AT68 -> 0 | AU69: =+AU67-AU68 -> 0 | AV69: =+AV67-AV68 -> 0 | AW69: =+AW67-AW68 -> 0 | AX69: =+AX67-AX68 -> 0 | AY69: =+AY67-AY68 -> 0 | AZ69: =+AZ67-AZ68 -> 0 | BA69: =+BA67-BA68 -> 0 | ... BE69: =+BE67-BE68 -> 0 | BF69: =SUM(AT69:BE69) -> 0 | BG69: =+BG67-BG68 -> 0 | BH69: =+BH67-BH68 -> 0 | BI69: =+BI67-BI68 -> 0 | BJ69: =+BJ67-BJ68 -> 0 | BK69: =+BK67-BK68 -> 0 | BL69: =+BL67-BL68 -> 0 | BM69: =+BM67-BM68 -> 0 | BN69: =+BN67-BN68 -> 0 | ... BR69: =+BR67-BR68 -> 0 | BS69: =SUM(BG69:BR69) -> 0 | BT69: =+BT67-BT68 -> 0 | BU69: =+BU67-BU68 -> 0 | BV69: =+BV67-BV68 -> 0 | BW69: =+BW67-BW68 -> 0 | BX69: =+BX67-BX68 -> 0 | BY69: =+BY67-BY68 -> 0 | BZ69: =+BZ67-BZ68 -> 0 | CA69: =+CA67-CA68 -> 0 | ... CE69: =+CE67-CE68 -> 0 | CF69: =SUM(BT69:CE69) -> 0 | CG69: =+CG67-CG68 -> 0 | CH69: =+CH67-CH68 -> 0 | CI69: =+CI67-CI68 -> 0 | CJ69: =+CJ67-CJ68 -> 0 | CK69: =+CK67-CK68 -> 0 | CL69: =+CL67-CL68 -> 0 | CM69: =+CM67-CM68 -> 0 | CN69: =+CN67-CN68 -> 0 | ... CR69: =+CR67-CR68 -> 0 | CS69: =SUM(CG69:CR69) -> 0 | CT69: =+CT67-CT68 -> 0 | CU69: =+CU67-CU68 -> 0 | CV69: =+CV67-CV68 -> 0 | CW69: =+CW67-CW68 -> 0 | CX69: =+CX67-CX68 -> 0 | CY69: =+CY67-CY68 -> 0 | CZ69: =+CZ67-CZ68 -> 0 | DA69: =+DA67-DA68 -> 0 | ... DE69: =+DE67-DE68 -> 0 | DF69: =SUM(CT69:DE69) -> 0 | DG69: =+DG67-DG68 -> 9730.044 | DH69: =+F69+S69+AF69+AS69+BF69+BS69+DG69 -> 9730.044 | DI69: =+E69 -> 9730.044 | DJ69: =+DI69-DH69 -> 0
B70: 트엉깟 신도시 인프라 | C70: 수입 | D70: 기성수금 | E70: =AF70+AS70+BF70+BS70+CF70+CS70+DF70+S70+DG70 -> 0 | S70: =SUM(G70:R70) -> 0 | AF70: =SUM(T70:AE70) -> 0 | AS70: =SUM(AG70:AR70) -> 0 | BF70: =SUM(AT70:BE70) -> 0 | BS70: =SUM(BG70:BR70) -> 0 | CF70: =SUM(BT70:CE70) -> 0 | CS70: =SUM(CG70:CR70) -> 0 | DF70: =SUM(CT70:DE70) -> 0 | DH70: =+F70+S70+AF70+AS70+BF70+BS70+DG70 -> 0 | DI70: =+E70 -> 0 | DJ70: =+DI70-DH70 -> 0 | DM70: =AS70+BF70+BS70+CF70+CS70+DG70 -> 0
C71: 지출 | D71: 인건비 등 | E71: =AF71+AS71+BF71+BS71+CF71+CS71+DF71+S71+DG71 -> 0 | S71: =SUM(G71:R71) -> 0 | AF71: =SUM(T71:AE71) -> 0 | AS71: =SUM(AG71:AR71) -> 0 | BF71: =SUM(AT71:BE71) -> 0 | BS71: =SUM(BG71:BR71) -> 0 | CF71: =SUM(BT71:CE71) -> 0 | CS71: =SUM(CG71:CR71) -> 0 | DF71: =SUM(CT71:DE71) -> 0 | DH71: =+F71+S71+AF71+AS71+BF71+BS71+DG71 -> 0 | DI71: =+E71 -> 0 | DJ71: =+DI71-DH71 -> 0 | DK71: =+DH71/DH70 -> #DIV/0! | DM71: =AS71+BF71+BS71+CF71+CS71+DG71 -> 0 | DN71: =DM71/DM70 -> #DIV/0!
C72: 과부족 | E72: =+E70-E71 -> 0 | F72: =+F70-F71 -> 0 | G72: =+G70-G71 -> 0 | H72: =+H70-H71 -> 0 | I72: =+I70-I71 -> 0 | J72: =+J70-J71 -> 0 | K72: =+K70-K71 -> 0 | L72: =+L70-L71 -> 0 | ... R72: =+R70-R71 -> 0 | S72: =SUM(G72:R72) -> 0 | T72: =+T70-T71 -> 0 | U72: =+U70-U71 -> 0 | V72: =+V70-V71 -> 0 | W72: =+W70-W71 -> 0 | X72: =+X70-X71 -> 0 | Y72: =+Y70-Y71 -> 0 | Z72: =+Z70-Z71 -> 0 | AA72: =+AA70-AA71 -> 0 | ... AE72: =+AE70-AE71 -> 0 | AF72: =SUM(T72:AE72) -> 0 | AG72: =+AG70-AG71 -> 0 | AH72: =+AH70-AH71 -> 0 | AI72: =+AI70-AI71 -> 0 | AJ72: =+AJ70-AJ71 -> 0 | AK72: =+AK70-AK71 -> 0 | AL72: =+AL70-AL71 -> 0 | AM72: =+AM70-AM71 -> 0 | AN72: =+AN70-AN71 -> 0 | ... AR72: =+AR70-AR71 -> 0 | AS72: =SUM(AG72:AR72) -> 0 | AT72: =+AT70-AT71 -> 0 | AU72: =+AU70-AU71 -> 0 | AV72: =+AV70-AV71 -> 0 | AW72: =+AW70-AW71 -> 0 | AX72: =+AX70-AX71 -> 0 | AY72: =+AY70-AY71 -> 0 | AZ72: =+AZ70-AZ71 -> 0 | BA72: =+BA70-BA71 -> 0 | ... BE72: =+BE70-BE71 -> 0 | BF72: =SUM(AT72:BE72) -> 0 | BG72: =+BG70-BG71 -> 0 | BH72: =+BH70-BH71 -> 0 | BI72: =+BI70-BI71 -> 0 | BJ72: =+BJ70-BJ71 -> 0 | BK72: =+BK70-BK71 -> 0 | BL72: =+BL70-BL71 -> 0 | BM72: =+BM70-BM71 -> 0 | BN72: =+BN70-BN71 -> 0 | ... BR72: =+BR70-BR71 -> 0 | BS72: =SUM(BG72:BR72) -> 0 | BT72: =+BT70-BT71 -> 0 | BU72: =+BU70-BU71 -> 0 | BV72: =+BV70-BV71 -> 0 | BW72: =+BW70-BW71 -> 0 | BX72: =+BX70-BX71 -> 0 | BY72: =+BY70-BY71 -> 0 | BZ72: =+BZ70-BZ71 -> 0 | CA72: =+CA70-CA71 -> 0 | ... CE72: =+CE70-CE71 -> 0 | CF72: =SUM(BT72:CE72) -> 0 | CG72: =+CG70-CG71 -> 0 | CH72: =+CH70-CH71 -> 0 | CI72: =+CI70-CI71 -> 0 | CJ72: =+CJ70-CJ71 -> 0 | CK72: =+CK70-CK71 -> 0 | CL72: =+CL70-CL71 -> 0 | CM72: =+CM70-CM71 -> 0 | CN72: =+CN70-CN71 -> 0 | ... CR72: =+CR70-CR71 -> 0 | CS72: =SUM(CG72:CR72) -> 0 | CT72: =+CT70-CT71 -> 0 | CU72: =+CU70-CU71 -> 0 | CV72: =+CV70-CV71 -> 0 | CW72: =+CW70-CW71 -> 0 | CX72: =+CX70-CX71 -> 0 | CY72: =+CY70-CY71 -> 0 | CZ72: =+CZ70-CZ71 -> 0 | DA72: =+DA70-DA71 -> 0 | ... DE72: =+DE70-DE71 -> 0 | DF72: =SUM(CT72:DE72) -> 0 | DG72: =+DG70-DG71 -> 0 | DH72: =+F72+S72+AF72+AS72+BF72+BS72+DG72 -> 0 | DI72: =+E72 -> 0 | DJ72: =+DI72-DH72 -> 0
B73: 트엉깟 빌라 1단계 | C73: 수입 | D73: 기성수금 | E73: =AF73+AS73+BF73+BS73+CF73+CS73+DF73+S73+DG73 -> 0 | S73: =SUM(G73:R73) -> 0 | AF73: =SUM(T73:AE73) -> 0 | AS73: =SUM(AG73:AR73) -> 0 | BF73: =SUM(AT73:BE73) -> 0 | BS73: =SUM(BG73:BR73) -> 0 | CF73: =SUM(BT73:CE73) -> 0 | CS73: =SUM(CG73:CR73) -> 0 | DF73: =SUM(CT73:DE73) -> 0 | DH73: =+F73+S73+AF73+AS73+BF73+BS73+DG73 -> 0 | DI73: =+E73 -> 0 | DJ73: =+DI73-DH73 -> 0 | DM73: =AS73+BF73+BS73+CF73+CS73+DG73 -> 0
C74: 지출 | D74: 인건비 등 | E74: =AF74+AS74+BF74+BS74+CF74+CS74+DF74+S74+DG74 -> 0 | S74: =SUM(G74:R74) -> 0 | AF74: =SUM(T74:AE74) -> 0 | AS74: =SUM(AG74:AR74) -> 0 | BF74: =SUM(AT74:BE74) -> 0 | BS74: =SUM(BG74:BR74) -> 0 | CF74: =SUM(BT74:CE74) -> 0 | CS74: =SUM(CG74:CR74) -> 0 | DF74: =SUM(CT74:DE74) -> 0 | DH74: =+F74+S74+AF74+AS74+BF74+BS74+DG74 -> 0 | DI74: =+E74 -> 0 | DJ74: =+DI74-DH74 -> 0 | DK74: =+DH74/DH73 -> #DIV/0! | DM74: =AS74+BF74+BS74+CF74+CS74+DG74 -> 0 | DN74: =DM74/DM73 -> #DIV/0!
C75: 과부족 | E75: =+E73-E74 -> 0 | F75: =+F73-F74 -> 0 | G75: =+G73-G74 -> 0 | H75: =+H73-H74 -> 0 | I75: =+I73-I74 -> 0 | J75: =+J73-J74 -> 0 | K75: =+K73-K74 -> 0 | L75: =+L73-L74 -> 0 | ... R75: =+R73-R74 -> 0 | S75: =SUM(G75:R75) -> 0 | T75: =+T73-T74 -> 0 | U75: =+U73-U74 -> 0 | V75: =+V73-V74 -> 0 | W75: =+W73-W74 -> 0 | X75: =+X73-X74 -> 0 | Y75: =+Y73-Y74 -> 0 | Z75: =+Z73-Z74 -> 0 | AA75: =+AA73-AA74 -> 0 | ... AE75: =+AE73-AE74 -> 0 | AF75: =SUM(T75:AE75) -> 0 | AG75: =+AG73-AG74 -> 0 | AH75: =+AH73-AH74 -> 0 | AI75: =+AI73-AI74 -> 0 | AJ75: =+AJ73-AJ74 -> 0 | AK75: =+AK73-AK74 -> 0 | AL75: =+AL73-AL74 -> 0 | AM75: =+AM73-AM74 -> 0 | AN75: =+AN73-AN74 -> 0 | ... AR75: =+AR73-AR74 -> 0 | AS75: =SUM(AG75:AR75) -> 0 | AT75: =+AT73-AT74 -> 0 | AU75: =+AU73-AU74 -> 0 | AV75: =+AV73-AV74 -> 0 | AW75: =+AW73-AW74 -> 0 | AX75: =+AX73-AX74 -> 0 | AY75: =+AY73-AY74 -> 0 | AZ75: =+AZ73-AZ74 -> 0 | BA75: =+BA73-BA74 -> 0 | ... BE75: =+BE73-BE74 -> 0 | BF75: =SUM(AT75:BE75) -> 0 | BG75: =+BG73-BG74 -> 0 | BH75: =+BH73-BH74 -> 0 | BI75: =+BI73-BI74 -> 0 | BJ75: =+BJ73-BJ74 -> 0 | BK75: =+BK73-BK74 -> 0 | BL75: =+BL73-BL74 -> 0 | BM75: =+BM73-BM74 -> 0 | BN75: =+BN73-BN74 -> 0 | ... BR75: =+BR73-BR74 -> 0 | BS75: =SUM(BG75:BR75) -> 0 | BT75: =+BT73-BT74 -> 0 | BU75: =+BU73-BU74 -> 0 | BV75: =+BV73-BV74 -> 0 | BW75: =+BW73-BW74 -> 0 | BX75: =+BX73-BX74 -> 0 | BY75: =+BY73-BY74 -> 0 | BZ75: =+BZ73-BZ74 -> 0 | CA75: =+CA73-CA74 -> 0 | ... CE75: =+CE73-CE74 -> 0 | CF75: =SUM(BT75:CE75) -> 0 | CG75: =+CG73-CG74 -> 0 | CH75: =+CH73-CH74 -> 0 | CI75: =+CI73-CI74 -> 0 | CJ75: =+CJ73-CJ74 -> 0 | CK75: =+CK73-CK74 -> 0 | CL75: =+CL73-CL74 -> 0 | CM75: =+CM73-CM74 -> 0 | CN75: =+CN73-CN74 -> 0 | ... CR75: =+CR73-CR74 -> 0 | CS75: =SUM(CG75:CR75) -> 0 | CT75: =+CT73-CT74 -> 0 | CU75: =+CU73-CU74 -> 0 | CV75: =+CV73-CV74 -> 0 | CW75: =+CW73-CW74 -> 0 | CX75: =+CX73-CX74 -> 0 | CY75: =+CY73-CY74 -> 0 | CZ75: =+CZ73-CZ74 -> 0 | DA75: =+DA73-DA74 -> 0 | ... DE75: =+DE73-DE74 -> 0 | DF75: =SUM(CT75:DE75) -> 0 | DG75: =+DG73-DG74 -> 0 | DH75: =+F75+S75+AF75+AS75+BF75+BS75+DG75 -> 0 | DI75: =+E75 -> 0 | DJ75: =+DI75-DH75 -> 0
B76: 트엉깟 빌라 2단계 | C76: 수입 | D76: 기성수금 | E76: =AF76+AS76+BF76+BS76+CF76+CS76+DF76+S76+DG76 -> 0 | S76: =SUM(G76:R76) -> 0 | AF76: =SUM(T76:AE76) -> 0 | AS76: =SUM(AG76:AR76) -> 0 | BF76: =SUM(AT76:BE76) -> 0 | BS76: =SUM(BG76:BR76) -> 0 | CF76: =SUM(BT76:CE76) -> 0 | CS76: =SUM(CG76:CR76) -> 0 | DF76: =SUM(CT76:DE76) -> 0 | DH76: =+F76+S76+AF76+AS76+BF76+BS76+DG76 -> 0 | DI76: =+E76 -> 0 | DJ76: =+DI76-DH76 -> 0 | DM76: =AS76+BF76+BS76+CF76+CS76+DG76 -> 0
C77: 지출 | D77: 인건비 등 | E77: =AF77+AS77+BF77+BS77+CF77+CS77+DF77+S77+DG77 -> 0 | S77: =SUM(G77:R77) -> 0 | AF77: =SUM(T77:AE77) -> 0 | AS77: =SUM(AG77:AR77) -> 0 | BF77: =SUM(AT77:BE77) -> 0 | BS77: =SUM(BG77:BR77) -> 0 | CF77: =SUM(BT77:CE77) -> 0 | CS77: =SUM(CG77:CR77) -> 0 | DF77: =SUM(CT77:DE77) -> 0 | DH77: =+F77+S77+AF77+AS77+BF77+BS77+DG77 -> 0 | DI77: =+E77 -> 0 | DJ77: =+DI77-DH77 -> 0 | DK77: =+DH77/DH76 -> #DIV/0! | DM77: =AS77+BF77+BS77+CF77+CS77+DG77 -> 0 | DN77: =DM77/DM76 -> #DIV/0!
C78: 과부족 | E78: =+E76-E77 -> 0 | F78: =+F76-F77 -> 0 | G78: =+G76-G77 -> 0 | H78: =+H76-H77 -> 0 | I78: =+I76-I77 -> 0 | J78: =+J76-J77 -> 0 | K78: =+K76-K77 -> 0 | L78: =+L76-L77 -> 0 | ... R78: =+R76-R77 -> 0 | S78: =SUM(G78:R78) -> 0 | T78: =+T76-T77 -> 0 | U78: =+U76-U77 -> 0 | V78: =+V76-V77 -> 0 | W78: =+W76-W77 -> 0 | X78: =+X76-X77 -> 0 | Y78: =+Y76-Y77 -> 0 | Z78: =+Z76-Z77 -> 0 | AA78: =+AA76-AA77 -> 0 | ... AE78: =+AE76-AE77 -> 0 | AF78: =SUM(T78:AE78) -> 0 | AG78: =+AG76-AG77 -> 0 | AH78: =+AH76-AH77 -> 0 | AI78: =+AI76-AI77 -> 0 | AJ78: =+AJ76-AJ77 -> 0 | AK78: =+AK76-AK77 -> 0 | AL78: =+AL76-AL77 -> 0 | AM78: =+AM76-AM77 -> 0 | AN78: =+AN76-AN77 -> 0 | ... AR78: =+AR76-AR77 -> 0 | AS78: =SUM(AG78:AR78) -> 0 | AT78: =+AT76-AT77 -> 0 | AU78: =+AU76-AU77 -> 0 | AV78: =+AV76-AV77 -> 0 | AW78: =+AW76-AW77 -> 0 | AX78: =+AX76-AX77 -> 0 | AY78: =+AY76-AY77 -> 0 | AZ78: =+AZ76-AZ77 -> 0 | BA78: =+BA76-BA77 -> 0 | ... BE78: =+BE76-BE77 -> 0 | BF78: =SUM(AT78:BE78) -> 0 | BG78: =+BG76-BG77 -> 0 | BH78: =+BH76-BH77 -> 0 | BI78: =+BI76-BI77 -> 0 | BJ78: =+BJ76-BJ77 -> 0 | BK78: =+BK76-BK77 -> 0 | BL78: =+BL76-BL77 -> 0 | BM78: =+BM76-BM77 -> 0 | BN78: =+BN76-BN77 -> 0 | ... BR78: =+BR76-BR77 -> 0 | BS78: =SUM(BG78:BR78) -> 0 | BT78: =+BT76-BT77 -> 0 | BU78: =+BU76-BU77 -> 0 | BV78: =+BV76-BV77 -> 0 | BW78: =+BW76-BW77 -> 0 | BX78: =+BX76-BX77 -> 0 | BY78: =+BY76-BY77 -> 0 | BZ78: =+BZ76-BZ77 -> 0 | CA78: =+CA76-CA77 -> 0 | ... CE78: =+CE76-CE77 -> 0 | CF78: =SUM(BT78:CE78) -> 0 | CG78: =+CG76-CG77 -> 0 | CH78: =+CH76-CH77 -> 0 | CI78: =+CI76-CI77 -> 0 | CJ78: =+CJ76-CJ77 -> 0 | CK78: =+CK76-CK77 -> 0 | CL78: =+CL76-CL77 -> 0 | CM78: =+CM76-CM77 -> 0 | CN78: =+CN76-CN77 -> 0 | ... CR78: =+CR76-CR77 -> 0 | CS78: =SUM(CG78:CR78) -> 0 | CT78: =+CT76-CT77 -> 0 | CU78: =+CU76-CU77 -> 0 | CV78: =+CV76-CV77 -> 0 | CW78: =+CW76-CW77 -> 0 | CX78: =+CX76-CX77 -> 0 | CY78: =+CY76-CY77 -> 0 | CZ78: =+CZ76-CZ77 -> 0 | DA78: =+DA76-DA77 -> 0 | ... DE78: =+DE76-DE77 -> 0 | DF78: =SUM(CT78:DE78) -> 0 | DG78: =+DG76-DG77 -> 0 | DH78: =+F78+S78+AF78+AS78+BF78+BS78+DG78 -> 0 | DI78: =+E78 -> 0 | DJ78: =+DI78-DH78 -> 0
B79: 트엉깟 빌라 3단계 | C79: 수입 | D79: 기성수금 | E79: =AF79+AS79+BF79+BS79+CF79+CS79+DF79+S79+DG79 -> 0 | S79: =SUM(G79:R79) -> 0 | AF79: =SUM(T79:AE79) -> 0 | AS79: =SUM(AG79:AR79) -> 0 | BF79: =SUM(AT79:BE79) -> 0 | BS79: =SUM(BG79:BR79) -> 0 | CF79: =SUM(BT79:CE79) -> 0 | CS79: =SUM(CG79:CR79) -> 0 | DF79: =SUM(CT79:DE79) -> 0 | DH79: =+F79+S79+AF79+AS79+BF79+BS79+DG79 -> 0 | DI79: =+E79 -> 0 | DJ79: =+DI79-DH79 -> 0 | DM79: =AS79+BF79+BS79+CF79+CS79+DG79 -> 0
C80: 지출 | D80: 인건비 등 | E80: =AF80+AS80+BF80+BS80+CF80+CS80+DF80+S80+DG80 -> 0 | S80: =SUM(G80:R80) -> 0 | AF80: =SUM(T80:AE80) -> 0 | AS80: =SUM(AG80:AR80) -> 0 | BF80: =SUM(AT80:BE80) -> 0 | BS80: =SUM(BG80:BR80) -> 0 | CF80: =SUM(BT80:CE80) -> 0 | CS80: =SUM(CG80:CR80) -> 0 | DF80: =SUM(CT80:DE80) -> 0 | DH80: =+F80+S80+AF80+AS80+BF80+BS80+DG80 -> 0 | DI80: =+E80 -> 0 | DJ80: =+DI80-DH80 -> 0 | DK80: =+DH80/DH79 -> #DIV/0! | DM80: =AS80+BF80+BS80+CF80+CS80+DG80 -> 0 | DN80: =DM80/DM79 -> #DIV/0!
C81: 과부족 | E81: =+E79-E80 -> 0 | F81: =+F79-F80 -> 0 | G81: =+G79-G80 -> 0 | H81: =+H79-H80 -> 0 | I81: =+I79-I80 -> 0 | J81: =+J79-J80 -> 0 | K81: =+K79-K80 -> 0 | L81: =+L79-L80 -> 0 | ... R81: =+R79-R80 -> 0 | S81: =SUM(G81:R81) -> 0 | T81: =+T79-T80 -> 0 | U81: =+U79-U80 -> 0 | V81: =+V79-V80 -> 0 | W81: =+W79-W80 -> 0 | X81: =+X79-X80 -> 0 | Y81: =+Y79-Y80 -> 0 | Z81: =+Z79-Z80 -> 0 | AA81: =+AA79-AA80 -> 0 | ... AE81: =+AE79-AE80 -> 0 | AF81: =SUM(T81:AE81) -> 0 | AG81: =+AG79-AG80 -> 0 | AH81: =+AH79-AH80 -> 0 | AI81: =+AI79-AI80 -> 0 | AJ81: =+AJ79-AJ80 -> 0 | AK81: =+AK79-AK80 -> 0 | AL81: =+AL79-AL80 -> 0 | AM81: =+AM79-AM80 -> 0 | AN81: =+AN79-AN80 -> 0 | ... AR81: =+AR79-AR80 -> 0 | AS81: =SUM(AG81:AR81) -> 0 | AT81: =+AT79-AT80 -> 0 | AU81: =+AU79-AU80 -> 0 | AV81: =+AV79-AV80 -> 0 | AW81: =+AW79-AW80 -> 0 | AX81: =+AX79-AX80 -> 0 | AY81: =+AY79-AY80 -> 0 | AZ81: =+AZ79-AZ80 -> 0 | BA81: =+BA79-BA80 -> 0 | ... BE81: =+BE79-BE80 -> 0 | BF81: =SUM(AT81:BE81) -> 0 | BG81: =+BG79-BG80 -> 0 | BH81: =+BH79-BH80 -> 0 | BI81: =+BI79-BI80 -> 0 | BJ81: =+BJ79-BJ80 -> 0 | BK81: =+BK79-BK80 -> 0 | BL81: =+BL79-BL80 -> 0 | BM81: =+BM79-BM80 -> 0 | BN81: =+BN79-BN80 -> 0 | ... BR81: =+BR79-BR80 -> 0 | BS81: =SUM(BG81:BR81) -> 0 | BT81: =+BT79-BT80 -> 0 | BU81: =+BU79-BU80 -> 0 | BV81: =+BV79-BV80 -> 0 | BW81: =+BW79-BW80 -> 0 | BX81: =+BX79-BX80 -> 0 | BY81: =+BY79-BY80 -> 0 | BZ81: =+BZ79-BZ80 -> 0 | CA81: =+CA79-CA80 -> 0 | ... CE81: =+CE79-CE80 -> 0 | CF81: =SUM(BT81:CE81) -> 0 | CG81: =+CG79-CG80 -> 0 | CH81: =+CH79-CH80 -> 0 | CI81: =+CI79-CI80 -> 0 | CJ81: =+CJ79-CJ80 -> 0 | CK81: =+CK79-CK80 -> 0 | CL81: =+CL79-CL80 -> 0 | CM81: =+CM79-CM80 -> 0 | CN81: =+CN79-CN80 -> 0 | ... CR81: =+CR79-CR80 -> 0 | CS81: =SUM(CG81:CR81) -> 0 | CT81: =+CT79-CT80 -> 0 | CU81: =+CU79-CU80 -> 0 | CV81: =+CV79-CV80 -> 0 | CW81: =+CW79-CW80 -> 0 | CX81: =+CX79-CX80 -> 0 | CY81: =+CY79-CY80 -> 0 | CZ81: =+CZ79-CZ80 -> 0 | DA81: =+DA79-DA80 -> 0 | ... DE81: =+DE79-DE80 -> 0 | DF81: =SUM(CT81:DE81) -> 0 | DG81: =+DG79-DG80 -> 0 | DH81: =+F81+S81+AF81+AS81+BF81+BS81+DG81 -> 0 | DI81: =+E81 -> 0 | DJ81: =+DI81-DH81 -> 0
B82: 트엉깟 빌라 4단계 | C82: 수입 | D82: 기성수금 | E82: =AF82+AS82+BF82+BS82+CF82+CS82+DF82+S82+DG82 -> 0 | S82: =SUM(G82:R82) -> 0 | AF82: =SUM(T82:AE82) -> 0 | AS82: =SUM(AG82:AR82) -> 0 | BF82: =SUM(AT82:BE82) -> 0 | BS82: =SUM(BG82:BR82) -> 0 | CF82: =SUM(BT82:CE82) -> 0 | CS82: =SUM(CG82:CR82) -> 0 | DF82: =SUM(CT82:DE82) -> 0 | DH82: =+F82+S82+AF82+AS82+BF82+BS82+DG82 -> 0 | DI82: =+E82 -> 0 | DJ82: =+DI82-DH82 -> 0 | DM82: =AS82+BF82+BS82+CF82+CS82+DG82 -> 0
C83: 지출 | D83: 인건비 등 | E83: =AF83+AS83+BF83+BS83+CF83+CS83+DF83+S83+DG83 -> 0 | S83: =SUM(G83:R83) -> 0 | AF83: =SUM(T83:AE83) -> 0 | AS83: =SUM(AG83:AR83) -> 0 | BF83: =SUM(AT83:BE83) -> 0 | BS83: =SUM(BG83:BR83) -> 0 | CF83: =SUM(BT83:CE83) -> 0 | CS83: =SUM(CG83:CR83) -> 0 | DF83: =SUM(CT83:DE83) -> 0 | DH83: =+F83+S83+AF83+AS83+BF83+BS83+DG83 -> 0 | DI83: =+E83 -> 0 | DJ83: =+DI83-DH83 -> 0 | DK83: =+DH83/DH82 -> #DIV/0! | DM83: =AS83+BF83+BS83+CF83+CS83+DG83 -> 0 | DN83: =DM83/DM82 -> #DIV/0!
C84: 과부족 | E84: =+E82-E83 -> 0 | F84: =+F82-F83 -> 0 | G84: =+G82-G83 -> 0 | H84: =+H82-H83 -> 0 | I84: =+I82-I83 -> 0 | J84: =+J82-J83 -> 0 | K84: =+K82-K83 -> 0 | L84: =+L82-L83 -> 0 | ... R84: =+R82-R83 -> 0 | S84: =SUM(G84:R84) -> 0 | T84: =+T82-T83 -> 0 | U84: =+U82-U83 -> 0 | V84: =+V82-V83 -> 0 | W84: =+W82-W83 -> 0 | X84: =+X82-X83 -> 0 | Y84: =+Y82-Y83 -> 0 | Z84: =+Z82-Z83 -> 0 | AA84: =+AA82-AA83 -> 0 | ... AE84: =+AE82-AE83 -> 0 | AF84: =SUM(T84:AE84) -> 0 | AG84: =+AG82-AG83 -> 0 | AH84: =+AH82-AH83 -> 0 | AI84: =+AI82-AI83 -> 0 | AJ84: =+AJ82-AJ83 -> 0 | AK84: =+AK82-AK83 -> 0 | AL84: =+AL82-AL83 -> 0 | AM84: =+AM82-AM83 -> 0 | AN84: =+AN82-AN83 -> 0 | ... AR84: =+AR82-AR83 -> 0 | AS84: =SUM(AG84:AR84) -> 0 | AT84: =+AT82-AT83 -> 0 | AU84: =+AU82-AU83 -> 0 | AV84: =+AV82-AV83 -> 0 | AW84: =+AW82-AW83 -> 0 | AX84: =+AX82-AX83 -> 0 | AY84: =+AY82-AY83 -> 0 | AZ84: =+AZ82-AZ83 -> 0 | BA84: =+BA82-BA83 -> 0 | ... BE84: =+BE82-BE83 -> 0 | BF84: =SUM(AT84:BE84) -> 0 | BG84: =+BG82-BG83 -> 0 | BH84: =+BH82-BH83 -> 0 | BI84: =+BI82-BI83 -> 0 | BJ84: =+BJ82-BJ83 -> 0 | BK84: =+BK82-BK83 -> 0 | BL84: =+BL82-BL83 -> 0 | BM84: =+BM82-BM83 -> 0 | BN84: =+BN82-BN83 -> 0 | ... BR84: =+BR82-BR83 -> 0 | BS84: =SUM(BG84:BR84) -> 0 | BT84: =+BT82-BT83 -> 0 | BU84: =+BU82-BU83 -> 0 | BV84: =+BV82-BV83 -> 0 | BW84: =+BW82-BW83 -> 0 | BX84: =+BX82-BX83 -> 0 | BY84: =+BY82-BY83 -> 0 | BZ84: =+BZ82-BZ83 -> 0 | CA84: =+CA82-CA83 -> 0 | ... CE84: =+CE82-CE83 -> 0 | CF84: =SUM(BT84:CE84) -> 0 | CG84: =+CG82-CG83 -> 0 | CH84: =+CH82-CH83 -> 0 | CI84: =+CI82-CI83 -> 0 | CJ84: =+CJ82-CJ83 -> 0 | CK84: =+CK82-CK83 -> 0 | CL84: =+CL82-CL83 -> 0 | CM84: =+CM82-CM83 -> 0 | CN84: =+CN82-CN83 -> 0 | ... CR84: =+CR82-CR83 -> 0 | CS84: =SUM(CG84:CR84) -> 0 | CT84: =+CT82-CT83 -> 0 | CU84: =+CU82-CU83 -> 0 | CV84: =+CV82-CV83 -> 0 | CW84: =+CW82-CW83 -> 0 | CX84: =+CX82-CX83 -> 0 | CY84: =+CY82-CY83 -> 0 | CZ84: =+CZ82-CZ83 -> 0 | DA84: =+DA82-DA83 -> 0 | ... DE84: =+DE82-DE83 -> 0 | DF84: =SUM(CT84:DE84) -> 0 | DG84: =+DG82-DG83 -> 0 | DH84: =+F84+S84+AF84+AS84+BF84+BS84+DG84 -> 0 | DI84: =+E84 -> 0 | DJ84: =+DI84-DH84 -> 0
C85: 수입 | D85: 기성수금 | E85: =AF85+AS85+BF85+BS85+CF85+CS85+DF85+S85+DG85 -> 0 | S85: =SUM(G85:R85) -> 0 | AF85: =SUM(T85:AE85) -> 0 | AS85: =SUM(AG85:AR85) -> 0 | BF85: =SUM(AT85:BE85) -> 0 | BS85: =SUM(BG85:BR85) -> 0 | CF85: =SUM(BT85:CE85) -> 0 | CS85: =SUM(CG85:CR85) -> 0 | DF85: =SUM(CT85:DE85) -> 0 | DH85: =+F85+S85+AF85+AS85+BF85+BS85+DG85 -> 0 | DI85: =+E85 -> 0 | DJ85: =+DI85-DH85 -> 0
C86: 지출 | D86: 인건비 등 | E86: =AF86+AS86+BF86+BS86+CF86+CS86+DF86+S86+DG86 -> 0 | S86: =SUM(G86:R86) -> 0 | AF86: =SUM(T86:AE86) -> 0 | AS86: =SUM(AG86:AR86) -> 0 | BF86: =SUM(AT86:BE86) -> 0 | BS86: =SUM(BG86:BR86) -> 0 | CF86: =SUM(BT86:CE86) -> 0 | CS86: =SUM(CG86:CR86) -> 0 | DF86: =SUM(CT86:DE86) -> 0 | DH86: =+F86+S86+AF86+AS86+BF86+BS86+DG86 -> 0 | DI86: =+E86 -> 0 | DJ86: =+DI86-DH86 -> 0 | DK86: =+DH86/DH85 -> #DIV/0!
C87: 과부족 | E87: =+E85-E86 -> 0 | F87: =+F85-F86 -> 0 | G87: =+G85-G86 -> 0 | H87: =+H85-H86 -> 0 | I87: =+I85-I86 -> 0 | J87: =+J85-J86 -> 0 | K87: =+K85-K86 -> 0 | L87: =+L85-L86 -> 0 | ... R87: =+R85-R86 -> 0 | S87: =SUM(G87:R87) -> 0 | T87: =+T85-T86 -> 0 | U87: =+U85-U86 -> 0 | V87: =+V85-V86 -> 0 | W87: =+W85-W86 -> 0 | X87: =+X85-X86 -> 0 | Y87: =+Y85-Y86 -> 0 | Z87: =+Z85-Z86 -> 0 | AA87: =+AA85-AA86 -> 0 | ... AE87: =+AE85-AE86 -> 0 | AF87: =SUM(T87:AE87) -> 0 | AG87: =+AG85-AG86 -> 0 | AH87: =+AH85-AH86 -> 0 | AI87: =+AI85-AI86 -> 0 | AJ87: =+AJ85-AJ86 -> 0 | AK87: =+AK85-AK86 -> 0 | AL87: =+AL85-AL86 -> 0 | AM87: =+AM85-AM86 -> 0 | AN87: =+AN85-AN86 -> 0 | ... AR87: =+AR85-AR86 -> 0 | AS87: =SUM(AG87:AR87) -> 0 | AT87: =+AT85-AT86 -> 0 | AU87: =+AU85-AU86 -> 0 | AV87: =+AV85-AV86 -> 0 | AW87: =+AW85-AW86 -> 0 | AX87: =+AX85-AX86 -> 0 | AY87: =+AY85-AY86 -> 0 | AZ87: =+AZ85-AZ86 -> 0 | BA87: =+BA85-BA86 -> 0 | ... BE87: =+BE85-BE86 -> 0 | BF87: =SUM(AT87:BE87) -> 0 | BG87: =+BG85-BG86 -> 0 | BH87: =+BH85-BH86 -> 0 | BI87: =+BI85-BI86 -> 0 | BJ87: =+BJ85-BJ86 -> 0 | BK87: =+BK85-BK86 -> 0 | BL87: =+BL85-BL86 -> 0 | BM87: =+BM85-BM86 -> 0 | BN87: =+BN85-BN86 -> 0 | ... BR87: =+BR85-BR86 -> 0 | BS87: =SUM(BG87:BR87) -> 0 | BT87: =+BT85-BT86 -> 0 | BU87: =+BU85-BU86 -> 0 | BV87: =+BV85-BV86 -> 0 | BW87: =+BW85-BW86 -> 0 | BX87: =+BX85-BX86 -> 0 | BY87: =+BY85-BY86 -> 0 | BZ87: =+BZ85-BZ86 -> 0 | CA87: =+CA85-CA86 -> 0 | ... CE87: =+CE85-CE86 -> 0 | CF87: =SUM(BT87:CE87) -> 0 | CG87: =+CG85-CG86 -> 0 | CH87: =+CH85-CH86 -> 0 | CI87: =+CI85-CI86 -> 0 | CJ87: =+CJ85-CJ86 -> 0 | CK87: =+CK85-CK86 -> 0 | CL87: =+CL85-CL86 -> 0 | CM87: =+CM85-CM86 -> 0 | CN87: =+CN85-CN86 -> 0 | ... CR87: =+CR85-CR86 -> 0 | CS87: =SUM(CG87:CR87) -> 0 | CT87: =+CT85-CT86 -> 0 | CU87: =+CU85-CU86 -> 0 | CV87: =+CV85-CV86 -> 0 | CW87: =+CW85-CW86 -> 0 | CX87: =+CX85-CX86 -> 0 | CY87: =+CY85-CY86 -> 0 | CZ87: =+CZ85-CZ86 -> 0 | DA87: =+DA85-DA86 -> 0 | ... DE87: =+DE85-DE86 -> 0 | DF87: =SUM(CT87:DE87) -> 0 | DG87: =+DG85-DG86 -> 0 | DH87: =+F87+S87+AF87+AS87+BF87+BS87+DG87 -> 0 | DI87: =+E87 -> 0 | DJ87: =+DI87-DH87 -> 0
C88: 수입 | D88: 기성수금 | E88: =AF88+AS88+BF88+BS88+CF88+CS88+DF88+S88+DG88 -> 0 | S88: =SUM(G88:R88) -> 0 | AF88: =SUM(T88:AE88) -> 0 | AS88: =SUM(AG88:AR88) -> 0 | BF88: =SUM(AT88:BE88) -> 0 | BS88: =SUM(BG88:BR88) -> 0 | CF88: =SUM(BT88:CE88) -> 0 | CS88: =SUM(CG88:CR88) -> 0 | DF88: =SUM(CT88:DE88) -> 0 | DH88: =+F88+S88+AF88+AS88+BF88+BS88+DG88 -> 0 | DI88: =+E88 -> 0 | DJ88: =+DI88-DH88 -> 0
C89: 지출 | D89: 인건비 등 | E89: =AF89+AS89+BF89+BS89+CF89+CS89+DF89+S89+DG89 -> 0 | S89: =SUM(G89:R89) -> 0 | AF89: =SUM(T89:AE89) -> 0 | AS89: =SUM(AG89:AR89) -> 0 | BF89: =SUM(AT89:BE89) -> 0 | BS89: =SUM(BG89:BR89) -> 0 | CF89: =SUM(BT89:CE89) -> 0 | CS89: =SUM(CG89:CR89) -> 0 | DF89: =SUM(CT89:DE89) -> 0 | DH89: =+F89+S89+AF89+AS89+BF89+BS89+DG89 -> 0 | DI89: =+E89 -> 0 | DJ89: =+DI89-DH89 -> 0 | DK89: =+DH89/DH88 -> #DIV/0!
C90: 과부족 | E90: =+E88-E89 -> 0 | F90: =+F88-F89 -> 0 | G90: =+G88-G89 -> 0 | H90: =+H88-H89 -> 0 | I90: =+I88-I89 -> 0 | J90: =+J88-J89 -> 0 | K90: =+K88-K89 -> 0 | L90: =+L88-L89 -> 0 | ... R90: =+R88-R89 -> 0 | S90: =SUM(G90:R90) -> 0 | T90: =+T88-T89 -> 0 | U90: =+U88-U89 -> 0 | V90: =+V88-V89 -> 0 | W90: =+W88-W89 -> 0 | X90: =+X88-X89 -> 0 | Y90: =+Y88-Y89 -> 0 | Z90: =+Z88-Z89 -> 0 | AA90: =+AA88-AA89 -> 0 | ... AE90: =+AE88-AE89 -> 0 | AF90: =SUM(T90:AE90) -> 0 | AG90: =+AG88-AG89 -> 0 | AH90: =+AH88-AH89 -> 0 | AI90: =+AI88-AI89 -> 0 | AJ90: =+AJ88-AJ89 -> 0 | AK90: =+AK88-AK89 -> 0 | AL90: =+AL88-AL89 -> 0 | AM90: =+AM88-AM89 -> 0 | AN90: =+AN88-AN89 -> 0 | ... AR90: =+AR88-AR89 -> 0 | AS90: =SUM(AG90:AR90) -> 0 | AT90: =+AT88-AT89 -> 0 | AU90: =+AU88-AU89 -> 0 | AV90: =+AV88-AV89 -> 0 | AW90: =+AW88-AW89 -> 0 | AX90: =+AX88-AX89 -> 0 | AY90: =+AY88-AY89 -> 0 | AZ90: =+AZ88-AZ89 -> 0 | BA90: =+BA88-BA89 -> 0 | ... BE90: =+BE88-BE89 -> 0 | BF90: =SUM(AT90:BE90) -> 0 | BG90: =+BG88-BG89 -> 0 | BH90: =+BH88-BH89 -> 0 | BI90: =+BI88-BI89 -> 0 | BJ90: =+BJ88-BJ89 -> 0 | BK90: =+BK88-BK89 -> 0 | BL90: =+BL88-BL89 -> 0 | BM90: =+BM88-BM89 -> 0 | BN90: =+BN88-BN89 -> 0 | ... BR90: =+BR88-BR89 -> 0 | BS90: =SUM(BG90:BR90) -> 0 | BT90: =+BT88-BT89 -> 0 | BU90: =+BU88-BU89 -> 0 | BV90: =+BV88-BV89 -> 0 | BW90: =+BW88-BW89 -> 0 | BX90: =+BX88-BX89 -> 0 | BY90: =+BY88-BY89 -> 0 | BZ90: =+BZ88-BZ89 -> 0 | CA90: =+CA88-CA89 -> 0 | ... CE90: =+CE88-CE89 -> 0 | CF90: =SUM(BT90:CE90) -> 0 | CG90: =+CG88-CG89 -> 0 | CH90: =+CH88-CH89 -> 0 | CI90: =+CI88-CI89 -> 0 | CJ90: =+CJ88-CJ89 -> 0 | CK90: =+CK88-CK89 -> 0 | CL90: =+CL88-CL89 -> 0 | CM90: =+CM88-CM89 -> 0 | CN90: =+CN88-CN89 -> 0 | ... CR90: =+CR88-CR89 -> 0 | CS90: =SUM(CG90:CR90) -> 0 | CT90: =+CT88-CT89 -> 0 | CU90: =+CU88-CU89 -> 0 | CV90: =+CV88-CV89 -> 0 | CW90: =+CW88-CW89 -> 0 | CX90: =+CX88-CX89 -> 0 | CY90: =+CY88-CY89 -> 0 | CZ90: =+CZ88-CZ89 -> 0 | DA90: =+DA88-DA89 -> 0 | ... DE90: =+DE88-DE89 -> 0 | DF90: =SUM(CT90:DE90) -> 0 | DG90: =+DG88-DG89 -> 0 | DH90: =+F90+S90+AF90+AS90+BF90+BS90+DG90 -> 0 | DI90: =+E90 -> 0 | DJ90: =+DI90-DH90 -> 0
C91: 수입 | D91: 기성수금 | E91: =AF91+AS91+BF91+BS91+CF91+CS91+DF91+S91+DG91 -> 0 | S91: =SUM(G91:R91) -> 0 | AF91: =SUM(T91:AE91) -> 0 | AS91: =SUM(AG91:AR91) -> 0 | BF91: =SUM(AT91:BE91) -> 0 | BS91: =SUM(BG91:BR91) -> 0 | CF91: =SUM(BT91:CE91) -> 0 | CS91: =SUM(CG91:CR91) -> 0 | DF91: =SUM(CT91:DE91) -> 0 | DH91: =+F91+S91+AF91+AS91+BF91+BS91+DG91 -> 0 | DI91: =+E91 -> 0 | DJ91: =+DI91-DH91 -> 0
C92: 지출 | D92: 인건비 등 | E92: =AF92+AS92+BF92+BS92+CF92+CS92+DF92+S92+DG92 -> 0 | S92: =SUM(G92:R92) -> 0 | AF92: =SUM(T92:AE92) -> 0 | AS92: =SUM(AG92:AR92) -> 0 | BF92: =SUM(AT92:BE92) -> 0 | BS92: =SUM(BG92:BR92) -> 0 | CF92: =SUM(BT92:CE92) -> 0 | CS92: =SUM(CG92:CR92) -> 0 | DF92: =SUM(CT92:DE92) -> 0 | DH92: =+F92+S92+AF92+AS92+BF92+BS92+DG92 -> 0 | DI92: =+E92 -> 0 | DJ92: =+DI92-DH92 -> 0 | DK92: =+DH92/DH91 -> #DIV/0!
C93: 과부족 | E93: =+E91-E92 -> 0 | F93: =+F91-F92 -> 0 | G93: =+G91-G92 -> 0 | H93: =+H91-H92 -> 0 | I93: =+I91-I92 -> 0 | J93: =+J91-J92 -> 0 | K93: =+K91-K92 -> 0 | L93: =+L91-L92 -> 0 | ... R93: =+R91-R92 -> 0 | S93: =SUM(G93:R93) -> 0 | T93: =+T91-T92 -> 0 | U93: =+U91-U92 -> 0 | V93: =+V91-V92 -> 0 | W93: =+W91-W92 -> 0 | X93: =+X91-X92 -> 0 | Y93: =+Y91-Y92 -> 0 | Z93: =+Z91-Z92 -> 0 | AA93: =+AA91-AA92 -> 0 | ... AE93: =+AE91-AE92 -> 0 | AF93: =SUM(T93:AE93) -> 0 | AG93: =+AG91-AG92 -> 0 | AH93: =+AH91-AH92 -> 0 | AI93: =+AI91-AI92 -> 0 | AJ93: =+AJ91-AJ92 -> 0 | AK93: =+AK91-AK92 -> 0 | AL93: =+AL91-AL92 -> 0 | AM93: =+AM91-AM92 -> 0 | AN93: =+AN91-AN92 -> 0 | ... AR93: =+AR91-AR92 -> 0 | AS93: =SUM(AG93:AR93) -> 0 | AT93: =+AT91-AT92 -> 0 | AU93: =+AU91-AU92 -> 0 | AV93: =+AV91-AV92 -> 0 | AW93: =+AW91-AW92 -> 0 | AX93: =+AX91-AX92 -> 0 | AY93: =+AY91-AY92 -> 0 | AZ93: =+AZ91-AZ92 -> 0 | BA93: =+BA91-BA92 -> 0 | ... BE93: =+BE91-BE92 -> 0 | BF93: =SUM(AT93:BE93) -> 0 | BG93: =+BG91-BG92 -> 0 | BH93: =+BH91-BH92 -> 0 | BI93: =+BI91-BI92 -> 0 | BJ93: =+BJ91-BJ92 -> 0 | BK93: =+BK91-BK92 -> 0 | BL93: =+BL91-BL92 -> 0 | BM93: =+BM91-BM92 -> 0 | BN93: =+BN91-BN92 -> 0 | ... BR93: =+BR91-BR92 -> 0 | BS93: =SUM(BG93:BR93) -> 0 | BT93: =+BT91-BT92 -> 0 | BU93: =+BU91-BU92 -> 0 | BV93: =+BV91-BV92 -> 0 | BW93: =+BW91-BW92 -> 0 | BX93: =+BX91-BX92 -> 0 | BY93: =+BY91-BY92 -> 0 | BZ93: =+BZ91-BZ92 -> 0 | CA93: =+CA91-CA92 -> 0 | ... CE93: =+CE91-CE92 -> 0 | CF93: =SUM(BT93:CE93) -> 0 | CG93: =+CG91-CG92 -> 0 | CH93: =+CH91-CH92 -> 0 | CI93: =+CI91-CI92 -> 0 | CJ93: =+CJ91-CJ92 -> 0 | CK93: =+CK91-CK92 -> 0 | CL93: =+CL91-CL92 -> 0 | CM93: =+CM91-CM92 -> 0 | CN93: =+CN91-CN92 -> 0 | ... CR93: =+CR91-CR92 -> 0 | CS93: =SUM(CG93:CR93) -> 0 | CT93: =+CT91-CT92 -> 0 | CU93: =+CU91-CU92 -> 0 | CV93: =+CV91-CV92 -> 0 | CW93: =+CW91-CW92 -> 0 | CX93: =+CX91-CX92 -> 0 | CY93: =+CY91-CY92 -> 0 | CZ93: =+CZ91-CZ92 -> 0 | DA93: =+DA91-DA92 -> 0 | ... DE93: =+DE91-DE92 -> 0 | DF93: =SUM(CT93:DE93) -> 0 | DG93: =+DG91-DG92 -> 0 | DH93: =+F93+S93+AF93+AS93+BF93+BS93+DG93 -> 0 | DI93: =+E93 -> 0 | DJ93: =+DI93-DH93 -> 0
C94: 수입 | D94: 기성수금 | E94: =AF94+AS94+BF94+BS94+CF94+CS94+DF94+S94+DG94 -> 0 | S94: =SUM(G94:R94) -> 0 | AF94: 0 | AS94: =SUM(AG94:AR94) -> 0 | BF94: =SUM(AT94:BE94) -> 0 | BS94: =SUM(BG94:BR94) -> 0 | CF94: =SUM(BT94:CE94) -> 0 | CS94: =SUM(CG94:CR94) -> 0 | DF94: =SUM(CT94:DE94) -> 0 | DH94: =+F94+S94+AF94+AS94+BF94+BS94+DG94 -> 0 | DI94: =+E94 -> 0 | DJ94: =+DI94-DH94 -> 0
C95: 지출 | D95: 인건비 등 | E95: =AF95+AS95+BF95+BS95+CF95+CS95+DF95+S95+DG95 -> 0 | S95: =SUM(G95:R95) -> 0 | AF95: 0 | AS95: =SUM(AG95:AR95) -> 0 | BF95: =SUM(AT95:BE95) -> 0 | BS95: =SUM(BG95:BR95) -> 0 | CF95: =SUM(BT95:CE95) -> 0 | CS95: =SUM(CG95:CR95) -> 0 | DF95: =SUM(CT95:DE95) -> 0 | DH95: =+F95+S95+AF95+AS95+BF95+BS95+DG95 -> 0 | DI95: =+E95 -> 0 | DJ95: =+DI95-DH95 -> 0 | DK95: =+DH95/DH94 -> #DIV/0!
C96: 과부족 | E96: =+E94-E95 -> 0 | F96: =+F94-F95 -> 0 | G96: =+G94-G95 -> 0 | H96: =+H94-H95 -> 0 | I96: =+I94-I95 -> 0 | J96: =+J94-J95 -> 0 | K96: =+K94-K95 -> 0 | L96: =+L94-L95 -> 0 | ... R96: =+R94-R95 -> 0 | S96: =SUM(G96:R96) -> 0 | T96: =+T94-T95 -> 0 | U96: =+U94-U95 -> 0 | V96: =+V94-V95 -> 0 | W96: =+W94-W95 -> 0 | X96: =+X94-X95 -> 0 | Y96: =+Y94-Y95 -> 0 | Z96: =+Z94-Z95 -> 0 | AA96: =+AA94-AA95 -> 0 | ... AE96: =+AE94-AE95 -> 0 | AF96: 0 | AG96: =+AG94-AG95 -> 0 | AH96: =+AH94-AH95 -> 0 | AI96: =+AI94-AI95 -> 0 | AJ96: =+AJ94-AJ95 -> 0 | AK96: =+AK94-AK95 -> 0 | AL96: =+AL94-AL95 -> 0 | AM96: =+AM94-AM95 -> 0 | AN96: =+AN94-AN95 -> 0 | ... AR96: =+AR94-AR95 -> 0 | AS96: =SUM(AG96:AR96) -> 0 | AT96: =+AT94-AT95 -> 0 | AU96: =+AU94-AU95 -> 0 | AV96: =+AV94-AV95 -> 0 | AW96: =+AW94-AW95 -> 0 | AX96: =+AX94-AX95 -> 0 | AY96: =+AY94-AY95 -> 0 | AZ96: =+AZ94-AZ95 -> 0 | BA96: =+BA94-BA95 -> 0 | ... BE96: =+BE94-BE95 -> 0 | BF96: =SUM(AT96:BE96) -> 0 | BG96: =+BG94-BG95 -> 0 | BH96: =+BH94-BH95 -> 0 | BI96: =+BI94-BI95 -> 0 | BJ96: =+BJ94-BJ95 -> 0 | BK96: =+BK94-BK95 -> 0 | BL96: =+BL94-BL95 -> 0 | BM96: =+BM94-BM95 -> 0 | BN96: =+BN94-BN95 -> 0 | ... BR96: =+BR94-BR95 -> 0 | BS96: =SUM(BG96:BR96) -> 0 | BT96: =+BT94-BT95 -> 0 | BU96: =+BU94-BU95 -> 0 | BV96: =+BV94-BV95 -> 0 | BW96: =+BW94-BW95 -> 0 | BX96: =+BX94-BX95 -> 0 | BY96: =+BY94-BY95 -> 0 | BZ96: =+BZ94-BZ95 -> 0 | CA96: =+CA94-CA95 -> 0 | ... CE96: =+CE94-CE95 -> 0 | CF96: =SUM(BT96:CE96) -> 0 | CG96: =+CG94-CG95 -> 0 | CH96: =+CH94-CH95 -> 0 | CI96: =+CI94-CI95 -> 0 | CJ96: =+CJ94-CJ95 -> 0 | CK96: =+CK94-CK95 -> 0 | CL96: =+CL94-CL95 -> 0 | CM96: =+CM94-CM95 -> 0 | CN96: =+CN94-CN95 -> 0 | ... CR96: =+CR94-CR95 -> 0 | CS96: =SUM(CG96:CR96) -> 0 | CT96: =+CT94-CT95 -> 0 | CU96: =+CU94-CU95 -> 0 | CV96: =+CV94-CV95 -> 0 | CW96: =+CW94-CW95 -> 0 | CX96: =+CX94-CX95 -> 0 | CY96: =+CY94-CY95 -> 0 | CZ96: =+CZ94-CZ95 -> 0 | DA96: =+DA94-DA95 -> 0 | ... DE96: =+DE94-DE95 -> 0 | DF96: =SUM(CT96:DE96) -> 0 | DG96: =+DG94-DG95 -> 0 | DH96: =+F96+S96+AF96+AS96+BF96+BS96+DG96 -> 0 | DI96: =+E96 -> 0 | DJ96: =+DI96-DH96 -> 0
B97: K8CT1 모델하우스 | C97: 수입 | D97: 기성수금 | E97: =AF97+AS97+BF97+BS97+CF97+CS97+DF97+S97+DG97 -> 1274.4 | S97: =SUM(G97:R97) -> 0 | AF97: 0 | AS97: =SUM(AG97:AR97) -> 0 | AZ97: 59.4 | BA97: 705.24 | BB97: 254.88 | BC97: 254.88 | BF97: =SUM(AT97:BE97) -> 1274.4 | BS97: =SUM(BG97:BR97) -> 0 | CF97: =SUM(BT97:CE97) -> 0 | CS97: =SUM(CG97:CR97) -> 0 | DF97: =SUM(CT97:DE97) -> 0 | DH97: =+F97+S97+AF97+AS97+BF97+BS97+DG97 -> 1274.4 | DI97: =+E97 -> 1274.4 | DJ97: =+DI97-DH97 -> 0
C98: 지출 | D98: 인건비 등 | E98: =AF98+AS98+BF98+BS98+CF98+CS98+DF98+S98+DG98 -> 1082.888 | S98: =SUM(G98:R98) -> 0 | AF98: 0 | AS98: =SUM(AG98:AR98) -> 0 | AX98: 39.072141 | AY98: 61.627954 | AZ98: 10.627859 | BA98: =599.4-62 -> 537.4 | BB98: 217.08 | BC98: 217.08 | BF98: =SUM(AT98:BE98) -> 1082.888 | BS98: =SUM(BG98:BR98) -> 0 | CF98: =SUM(BT98:CE98) -> 0 | CS98: =SUM(CG98:CR98) -> 0 | DF98: =SUM(CT98:DE98) -> 0 | DH98: =+F98+S98+AF98+AS98+BF98+BS98+DG98 -> 1082.888 | DI98: =+E98 -> 1082.888 | DJ98: =+DI98-DH98 -> 0 | DK98: =+DH98/DH97 -> 0.84972376
C99: 과부족 | E99: =+E97-E98 -> 191.51205 | F99: =+F97-F98 -> 0 | G99: =+G97-G98 -> 0 | H99: =+H97-H98 -> 0 | I99: =+I97-I98 -> 0 | J99: =+J97-J98 -> 0 | K99: =+K97-K98 -> 0 | L99: =+L97-L98 -> 0 | ... R99: =+R97-R98 -> 0 | S99: =SUM(G99:R99) -> 0 | T99: =+T97-T98 -> 0 | U99: =+U97-U98 -> 0 | V99: =+V97-V98 -> 0 | W99: =+W97-W98 -> 0 | X99: =+X97-X98 -> 0 | Y99: =+Y97-Y98 -> 0 | Z99: =+Z97-Z98 -> 0 | AA99: =+AA97-AA98 -> 0 | ... AE99: =+AE97-AE98 -> 0 | AF99: 0 | AG99: =+AG97-AG98 -> 0 | AH99: =+AH97-AH98 -> 0 | AI99: =+AI97-AI98 -> 0 | AJ99: =+AJ97-AJ98 -> 0 | AK99: =+AK97-AK98 -> 0 | AL99: =+AL97-AL98 -> 0 | AM99: =+AM97-AM98 -> 0 | AN99: =+AN97-AN98 -> 0 | ... AR99: =+AR97-AR98 -> 0 | AS99: =SUM(AG99:AR99) -> 0 | AT99: =+AT97-AT98 -> 0 | AU99: =+AU97-AU98 -> 0 | AV99: =+AV97-AV98 -> 0 | AW99: =+AW97-AW98 -> 0 | AX99: =+AX97-AX98 -> -39.072141 | AY99: =+AY97-AY98 -> -61.627954 | AZ99: =+AZ97-AZ98 -> 48.772141 | BA99: =+BA97-BA98 -> 167.84 | ... BE99: =+BE97-BE98 -> 0 | BF99: =SUM(AT99:BE99) -> 191.51205 | BG99: =+BG97-BG98 -> 0 | BH99: =+BH97-BH98 -> 0 | BI99: =+BI97-BI98 -> 0 | BJ99: =+BJ97-BJ98 -> 0 | BK99: =+BK97-BK98 -> 0 | BL99: =+BL97-BL98 -> 0 | BM99: =+BM97-BM98 -> 0 | BN99: =+BN97-BN98 -> 0 | ... BR99: =+BR97-BR98 -> 0 | BS99: =SUM(BG99:BR99) -> 0 | BT99: =+BT97-BT98 -> 0 | BU99: =+BU97-BU98 -> 0 | BV99: =+BV97-BV98 -> 0 | BW99: =+BW97-BW98 -> 0 | BX99: =+BX97-BX98 -> 0 | BY99: =+BY97-BY98 -> 0 | BZ99: =+BZ97-BZ98 -> 0 | CA99: =+CA97-CA98 -> 0 | ... CE99: =+CE97-CE98 -> 0 | CF99: =SUM(BT99:CE99) -> 0 | CG99: =+CG97-CG98 -> 0 | CH99: =+CH97-CH98 -> 0 | CI99: =+CI97-CI98 -> 0 | CJ99: =+CJ97-CJ98 -> 0 | CK99: =+CK97-CK98 -> 0 | CL99: =+CL97-CL98 -> 0 | CM99: =+CM97-CM98 -> 0 | CN99: =+CN97-CN98 -> 0 | ... CR99: =+CR97-CR98 -> 0 | CS99: =SUM(CG99:CR99) -> 0 | CT99: =+CT97-CT98 -> 0 | CU99: =+CU97-CU98 -> 0 | CV99: =+CV97-CV98 -> 0 | CW99: =+CW97-CW98 -> 0 | CX99: =+CX97-CX98 -> 0 | CY99: =+CY97-CY98 -> 0 | CZ99: =+CZ97-CZ98 -> 0 | DA99: =+DA97-DA98 -> 0 | ... DE99: =+DE97-DE98 -> 0 | DF99: =SUM(CT99:DE99) -> 0 | DG99: =+DG97-DG98 -> 0 | DH99: =+F99+S99+AF99+AS99+BF99+BS99+DG99 -> 191.51205 | DI99: =+E99 -> 191.51205 | DJ99: =+DI99-DH99 -> 0
B100: THT 사무실 및 MOCK-UP | C100: 수입 | D100: 기성수금 | E100: =AF100+AS100+BF100+BS100+CF100+CS100+DF100+S100+DG100 -> 2232.7695 | S100: =SUM(G100:R100) -> 0 | AB100: 56.623627 | AD100: 201.22916 | AE100: 875.0349 | AF100: =SUM(T100:AE100) -> 1132.8877 | AG100: 332.54514 | AN100: 215.41713 | AS100: =SUM(AG100:AR100) -> 547.96227 | AW100: 255.53729 | BF100: =SUM(AT100:BE100) -> 255.53729 | BM100: 296.38224 | BS100: =SUM(BG100:BR100) -> 296.38224 | CF100: =SUM(BT100:CE100) -> 0 | CS100: =SUM(CG100:CR100) -> 0 | DF100: =SUM(CT100:DE100) -> 0 | DH100: =+F100+S100+AF100+AS100+BF100+BS100+DG100 -> 2232.7695 | DI100: =+E100 -> 2232.7695 | DJ100: =+DI100-DH100 -> 0 | DM100: =AS100+BF100+BS100+CF100+CS100+DG100 -> 1099.8818
C101: 지출 | D101: 인건비 등 | E101: =AF101+AS101+BF101+BS101+CF101+CS101+DF101+S101+DG101 -> 1644.4859 | S101: =SUM(G101:R101) -> 0 | Z101: 14.512245 | AA101: 38.756793 | AB101: 82.341305 | AC101: 172.10832 | AD101: 411.1154 | AE101: 266.80577 | AF101: =SUM(T101:AE101) -> 985.63984 | AG101: 274.22781 | AH101: 61.003888 | AI101: 19.467221 | AJ101: 6.0965674 | AK101: -6.4929829 | AL101: 5.9426523 | AM101: 3.3114991 | AN101: 43.289619 | AO101: 2.464873 | AS101: =SUM(AG101:AR101) -> 409.31115 | AV101: 1.5970587 | AW101: 247.93785 | BF101: =SUM(AT101:BE101) -> 249.53491 | BS101: =SUM(BG101:BR101) -> 0 | CF101: =SUM(BT101:CE101) -> 0 | CS101: =SUM(CG101:CR101) -> 0 | DF101: =SUM(CT101:DE101) -> 0 | DH101: =+F101+S101+AF101+AS101+BF101+BS101+DG101 -> 1644.4859 | DI101: =+E101 -> 1644.4859 | DJ101: =+DI101-DH101 -> 0 | DK101: =+DH101/DH100 -> 0.73652292 | DM101: =AS101+BF101+BS101+CF101+CS101+DG101 -> 658.84606 | DN101: =DM101/DM100 -> 0.59901533
...

Sheet 자금수지(FS)_작성시트(디폴트)(B1CC4 선수금 제외
A1: ▶ DECV법인 Cash Flow | AZ1: 1.08
A2: [단위:천USD] | DH2: 검증
A3: 구분 | C3: 약정항목명 | E3: Total | F3: 22년말 소계 | G3: 44927 | H3: 44958 | I3: 44986 | J3: 45017 | K3: 45047 | L3: 45078 | M3: 45108 | N3: 45139 | O3: 45170 | P3: 45200 | Q3: 45231 | R3: 45261 | S3: 23년계 | T3: 45292 | U3: 45323 | V3: 45352 | W3: 45383 | X3: 45413 | Y3: 45444 | Z3: 45474 | AA3: 45505 | AB3: 45536 | AC3: 45566 | AD3: 45597 | AE3: 45627 | AF3: 24년계 | AG3: 45658 | AH3: 45689 | AI3: 45717 | AJ3: 45748 | AK3: 45778 | AL3: 45809 | AM3: 45839 | AN3: 45870 | AO3: 45901 | AP3: 45931 | AQ3: 45962 | AR3: 45992 | AS3: 25년계 | AT3: 46023 | AU3: 46054 | AV3: 46082 | AW3: 46113 | AX3: 46143 | AY3: 46174 | AZ3: 46204 | BA3: 46235 | BB3: 46266 | BC3: 46296 | BD3: 46327 | BE3: 46357 | BF3: 26년계 | BG3: 46388 | BH3: 46419 | BI3: 46447 | BJ3: 46478 | BK3: 46508 | BL3: 46539 | BM3: 46569 | BN3: 46600 | BO3: 46631 | BP3: 46661 | BQ3: 46692 | BR3: 46722 | BS3: 27년계 | BT3: 46753 | BU3: 46784 | BV3: 46813 | BW3: 46844 | BX3: 46874 | BY3: 46905 | BZ3: 46935 | CA3: 46966 | CB3: 46997 | CC3: 47027 | CD3: 47058 | CE3: 47088 | CF3: 28년계 | CG3: 47119 | CH3: 47150 | CI3: 47178 | CJ3: 47209 | CK3: 47239 | CL3: 47270 | CM3: 47300 | CN3: 47331 | CO3: 47362 | CP3: 47392 | CQ3: 47423 | CR3: 47453 | CS3: 29년계 | CT3: 47484 | CU3: 47515 | CV3: 47543 | CW3: 47574 | CX3: 47604 | CY3: 47635 | CZ3: 47665 | DA3: 47696 | DB3: 47727 | DC3: 47757 | DD3: 47788 | DE3: 47818 | DF3: 30년계 | DG3: 30년이후 | DH3: 합계 | DI3: Total(C열) | DJ3: 잔액
A4: 영업 (도급/용역사업) | C4: 수입 | E4: =+E227 -> 1573629.1 | F4: =+F227 -> 4518.8 | G4: =+G227 -> 2410.7997 | H4: =+H227 -> 2585.0402 | I4: =+I227 -> 1643.8651 | J4: =+J227 -> 1095.5899 | K4: =+K227 -> 938.78216 | L4: =+L227 -> 2572.7345 | ... R4: =+R227 -> 2951.7028 | S4: =SUM(G4:R4) -> 43488.833 | T4: =+T227 -> 2477.254 | U4: =+U227 -> 1158.4478 | V4: =+V227 -> 607.71865 | W4: =+W227 -> 727.13063 | X4: =+X227 -> 647.41928 | Y4: =+Y227 -> 849.2885 | Z4: =+Z227 -> 1210.0058 | AA4: =+AA227 -> 1798.5852 | ... AE4: =+AE227 -> 32193.421 | AF4: =SUM(T4:AE4) -> 48106.146 | AG4: =+AG227 -> 5306.9558 | AH4: =+AH227 -> 1009.4704 | AI4: =+AI227 -> 1334.4752 | AJ4: =+AJ227 -> 2825.325 | AK4: =+AK227 -> 4332.9034 | AL4: =+AL227 -> 3324.7459 | AM4: =+AM227 -> 3227.9172 | AN4: =+AN227 -> 4322.3224 | ... AR4: =+AR227 -> 13048.983 | AS4: =SUM(AG4:AR4) -> 45881.708 | AT4: =+AT227 -> 13475.46 | AU4: =+AU227 -> 8369.8133 | AV4: =+AV227 -> 4229.9638 | AW4: =+AW227 -> 2679.6836 | AX4: =+AX227 -> 99 | AY4: =+AY227 -> 836.94118 | AZ4: =+AZ227 -> 0 | BA4: =+BA227 -> 0 | ... BE4: =+BE227 -> 14257.546 | BF4: =SUM(AT4:BE4) -> 66525.18 | BG4: =+BG227 -> 20478.434 | BH4: =+BH227 -> 17658.78 | BI4: =+BI227 -> 20701.208 | BJ4: =+BJ227 -> 24399.17 | BK4: =+BK227 -> 25797.073 | BL4: =+BL227 -> 26881.922 | BM4: =+BM227 -> 123963.88 | BN4: =+BN227 -> 27769.311 | ... BR4: =+BR227 -> 33892.833 | BS4: =SUM(BG4:BR4) -> 406041.05 | BT4: =+BT227 -> 35909.92 | BU4: =+BU227 -> 35344.953 | BV4: =+BV227 -> 32084.862 | BW4: =+BW227 -> 33113.241 | BX4: =+BX227 -> 32718.642 | BY4: =+BY227 -> 33600.976 | BZ4: =+BZ227 -> 35214.336 | CA4: =+CA227 -> 37106.992 | ... CE4: =+CE227 -> 35995.32 | CF4: =SUM(BT4:CE4) -> 416550.24 | CG4: =+CG227 -> 34181.19 | CH4: =+CH227 -> 34693.558 | CI4: =+CI227 -> 35224.997 | CJ4: =+CJ227 -> 33013.631 | CK4: =+CK227 -> 32899.273 | CL4: =+CL227 -> 32459.907 | CM4: =+CM227 -> 29196.183 | CN4: =+CN227 -> 27908.371 | ... CR4: =+CR227 -> 13443.113 | CS4: =SUM(CG4:CR4) -> 337497.75 | CT4: =+CT227 -> 12131.076 | CU4: =+CU227 -> 11120.575 | CV4: =+CV227 -> 9988.7294 | CW4: =+CW227 -> 9046.4853 | CX4: =+CX227 -> 8374.7636 | CY4: =+CY227 -> 7678.9696 | CZ4: =+CZ227 -> 6892.857 | DA4: =+DA227 -> 6023.5648 | ... DE4: =+DE227 -> 3875.0221 | DF4: =SUM(CT4:DE4) -> 89858.648 | DG4: =+DG227 -> 119679.58 | DH4: =+F4+S4+AF4+AS4+BF4+BS4+DG4 -> 734241.3 | DI4: =+E4 -> 1573629.1 | DJ4: =+DI4-DH4 -> 839387.84
C5: 지출 | E5: =+E228 -> 1379456.2 | F5: =+F228 -> 764.563 | G5: =+G228 -> 1884.912 | H5: =+H228 -> 1585.3505 | I5: =+I228 -> 2036.3751 | J5: =+J228 -> 1154.8133 | K5: =+K228 -> 2062.1812 | L5: =+L228 -> 1125.7989 | ... R5: =+R228 -> 1552.2889 | S5: =SUM(G5:R5) -> 17355.856 | T5: =+T228 -> 2322.1345 | U5: =+U228 -> 1117.9377 | V5: =+V228 -> 955.4101 | W5: =+W228 -> 975.01553 | X5: =+X228 -> 1021.2955 | Y5: =+Y228 -> 1055.7002 | Z5: =+Z228 -> 1216.6466 | AA5: =+AA228 -> 1250.1821 | ... AE5: =+AE228 -> 6072.4212 | AF5: =SUM(T5:AE5) -> 22136.582 | AG5: =+AG228 -> 5420.8115 | AH5: =+AH228 -> 1242.4144 | AI5: =+AI228 -> 1290.7705 | AJ5: =+AJ228 -> 2987.2081 | AK5: =+AK228 -> 3954.8912 | AL5: =+AL228 -> 3456.3917 | AM5: =+AM228 -> 2578.389 | AN5: =+AN228 -> 2865.3009 | ... AR5: =+AR228 -> 9966.0627 | AS5: =SUM(AG5:AR5) -> 42903.182 | AT5: =+AT228 -> 9911.4363 | AU5: =+AU228 -> 5681.4823 | AV5: =+AV228 -> 3514.9385 | AW5: =+AW228 -> 6734.3936 | AX5: =+AX228 -> 8134.6301 | AY5: =+AY228 -> 11666.977 | AZ5: =+AZ228 -> 9416.8674 | BA5: =+BA228 -> 10785.17 | ... BE5: =+BE228 -> 12056.814 | BF5: =SUM(AT5:BE5) -> 107273.67 | BG5: =+BG228 -> 12725.389 | BH5: =+BH228 -> 18656.7 | BI5: =+BI228 -> 22886.225 | BJ5: =+BJ228 -> 25648.222 | BK5: =+BK228 -> 29092.987 | BL5: =+BL228 -> 29309.102 | BM5: =+BM228 -> 39477.286 | BN5: =+BN228 -> 25783.33 | ... BR5: =+BR228 -> 26989.875 | BS5: =SUM(BG5:BR5) -> 305798.99 | BT5: =+BT228 -> 27357.721 | BU5: =+BU228 -> 30238.918 | BV5: =+BV228 -> 30388.727 | BW5: =+BW228 -> 30740.277 | BX5: =+BX228 -> 29516.859 | BY5: =+BY228 -> 30858.055 | BZ5: =+BZ228 -> 31595.953 | CA5: =+CA228 -> 43133.377 | ... CE5: =+CE228 -> 32455.16 | CF5: =SUM(BT5:CE5) -> 381254.52 | CG5: =+CG228 -> 30931.494 | CH5: =+CH228 -> 31387.227 | CI5: =+CI228 -> 31860.658 | CJ5: =+CJ228 -> 29987.256 | CK5: =+CK228 -> 29880.691 | CL5: =+CL228 -> 29482.305 | CM5: =+CM228 -> 26484.323 | CN5: =+CN228 -> 25512.249 | ... CR5: =+CR228 -> 12178.08 | CS5: =SUM(CG5:CR5) -> 307059.04 | CT5: =+CT228 -> 11417.648 | CU5: =+CU228 -> 10512.183 | CV5: =+CV228 -> 9498.4869 | CW5: =+CW228 -> 8665.4233 | CX5: =+CX228 -> 8085.7165 | CY5: =+CY228 -> 7485.0107 | CZ5: =+CZ228 -> 6803.4673 | DA5: =+DA228 -> 6047.2899 | ... DE5: =+DE228 -> 4117.1536 | DF5: =SUM(CT5:DE5) -> 87791.942 | DG5: =+DG228 -> 107882.39 | DH5: =+F5+S5+AF5+AS5+BF5+BS5+DG5 -> 604115.23 | DI5: =+E5 -> 1379456.2 | DJ5: =+DI5-DH5 -> 775340.94 | DK5: =+DH5/DH4 -> 0.82277479
C6: 과부족 | E6: =+E4-E5 -> 194172.97 | G6: =+G4-G5 -> 525.8877 | H6: =+H4-H5 -> 999.68968 | I6: =+I4-I5 -> -392.51004 | J6: =+J4-J5 -> -59.223411 | K6: =+K4-K5 -> -1123.399 | L6: =+L4-L5 -> 1446.9356 | M6: =+M4-M5 -> -373.52829 | N6: =+N4-N5 -> -244.02313 | ... R6: =+R4-R5 -> 1399.414 | S6: =SUM(G6:R6) -> 26132.977 | T6: =+T4-T5 -> 155.11949 | U6: =+U4-U5 -> 40.510149 | V6: =+V4-V5 -> -347.69145 | W6: =+W4-W5 -> -247.8849 | X6: =+X4-X5 -> -373.87624 | Y6: =+Y4-Y5 -> -206.41167 | Z6: =+Z4-Z5 -> -6.640862 | AA6: =+AA4-AA5 -> 548.40306 | ... AE6: =+AE4-AE5 -> 26121 | AF6: =SUM(T6:AE6) -> 25969.565 | AG6: =+AG4-AG5 -> -113.85578 | AH6: =+AH4-AH5 -> -232.94401 | AI6: =+AI4-AI5 -> 43.704654 | AJ6: =+AJ4-AJ5 -> -161.88308 | AK6: =+AK4-AK5 -> 378.01215 | AL6: =+AL4-AL5 -> -131.64582 | AM6: =+AM4-AM5 -> 649.52821 | AN6: =+AN4-AN5 -> 1457.0215 | ... AR6: =+AR4-AR5 -> 3082.92 | AS6: =SUM(AG6:AR6) -> 2978.5261 | AT6: =+AT4-AT5 -> 3564.0235 | AU6: =+AU4-AU5 -> 2688.3311 | AV6: =+AV4-AV5 -> 715.02523 | AW6: =+AW4-AW5 -> -4054.71 | AX6: =+AX4-AX5 -> -8035.6301 | AY6: =+AY4-AY5 -> -10830.035 | AZ6: =+AZ4-AZ5 -> -9416.8674 | BA6: =+BA4-BA5 -> -10785.17 | ... BE6: =+BE4-BE5 -> 2200.7316 | BF6: =SUM(AT6:BE6) -> -40748.491 | BG6: =+BG4-BG5 -> 7753.0457 | BH6: =+BH4-BH5 -> -997.92062 | BI6: =+BI4-BI5 -> -2185.0165 | BJ6: =+BJ4-BJ5 -> -1249.0517 | BK6: =+BK4-BK5 -> -3295.9142 | BL6: =+BL4-BL5 -> -2427.1805 | BM6: =+BM4-BM5 -> 84486.598 | BN6: =+BN4-BN5 -> 1985.9816 | ... BR6: =+BR4-BR5 -> 6902.9578 | BS6: =SUM(BG6:BR6) -> 100242.07 | BT6: =+BT4-BT5 -> 8552.1992 | BU6: =+BU4-BU5 -> 5106.035 | BV6: =+BV4-BV5 -> 1696.1351 | BW6: =+BW4-BW5 -> 2372.9639 | BX6: =+BX4-BX5 -> 3201.7831 | BY6: =+BY4-BY5 -> 2742.9208 | BZ6: =+BZ4-BZ5 -> 3618.3828 | CA6: =+CA4-CA5 -> -6026.3846 | ... CE6: =+CE4-CE5 -> 3540.1603 | CF6: =SUM(BT6:CE6) -> 35295.724 | CG6: =+CG4-CG5 -> 3249.6959 | CH6: =+CH4-CH5 -> 3306.331 | CI6: =+CI4-CI5 -> 3364.3388 | CJ6: =+CJ4-CJ5 -> 3026.3746 | CK6: =+CK4-CK5 -> 3018.5813 | CL6: =+CL4-CL5 -> 2977.6015 | CM6: =+CM4-CM5 -> 2711.8606 | CN6: =+CN4-CN5 -> 2396.1225 | ... CR6: =+CR4-CR5 -> 1265.0324 | CS6: =SUM(CG6:CR6) -> 30438.711 | CT6: =+CT4-CT5 -> 713.42817 | CU6: =+CU4-CU5 -> 608.39205 | CV6: =+CV4-CV5 -> 490.24249 | CW6: =+CW4-CW5 -> 381.06196 | CX6: =+CX4-CX5 -> 289.04711 | CY6: =+CY4-CY5 -> 193.95888 | CZ6: =+CZ4-CZ5 -> 89.389723 | DA6: =+DA4-DA5 -> -23.725126 | ... DE6: =+DE4-DE5 -> -242.1315 | DF6: =SUM(CT6:DE6) -> 2066.7056 | DG6: =+DG4-DG5 -> 11797.19 | DH6: =+DH4-DH5 -> 130126.07 | DI6: =+E6 -> 194172.97 | DJ6: =+DI6-DH6 -> 64046.903
